Workbook
Name Dates: #REF!
Name Dates: #REF!
Name Dates: 'Actual Dates'!$A$4:$AE$156
Name Jobs: #REF!
Name Jobs: #REF!
Name Jobs: 'Date Calcs'!$A$5:$AG$133
Name Ship: 'Ship Date'!$A$5:$AE$138

Sheet Drawing Submittal
A1: Drawing Submittal
F2: On Track
F3: At Risk
F4: Late | I4: No Y | J4: No Y
A5: Job # | B5: Customer | C5: Rev. | D5: Target | E5: Actual | F5: Days +/- | G5: Status | I5: Submitted | J5: Approved | S5: 0 | T5: 1 | U5: 2 | V5: 3 | W5: 4
A6: ='Actual Dates'!A4 -> 24-046 | B6: =_xlfn.IFNA(VLOOKUP(A6,'Date Calcs'!A:B,2,),"") -> SYMS Engineering | C6: =VLOOKUP(A6,'Actual Dates'!A:AE,18,) -> 4 | D6: =Z6 -> 45533 | E6: =IF(VLOOKUP(A6,Dates,20,FALSE())="",TODAY(),VLOOKUP(A6,Dates,20,FALSE())) -> 45883 | F6: =IFERROR(ROUND(IF(A6="","",IF(E6=0,D6-Date!$B$3,D6-E6)),0),"") -> -350 | G6: =_xlfn.IFNA(VLOOKUP(A6,'RTR v2'!A:AW,48,FALSE)," ") | I6: =IF(VLOOKUP(A6,Dates,2,)="N","N",IF(VLOOKUP(A6,Dates,3,)="N","N",IF(VLOOKUP(A6,Dates,4,)="N","N",IF(VLOOKUP(A6,Dates,5,)="N","N","Y")))) -> Y | J6: =VLOOKUP(A6,Dates,7,) -> y | M6: =IF(N6="Y",N6," ") | O6: =IF(P6<1,0,IF(VLOOKUP($A6,'Actual Dates'!$A:$G,5,0)="Y",1,0)) -> 1 | P6: =IF(Q6<1,0,IF(VLOOKUP($A6,'Actual Dates'!$A:$G,4,0)="Y",1,0)) -> 1 | Q6: =IF(R6<1,0,IF(VLOOKUP($A6,'Actual Dates'!$A:$G,3,0)="Y",1,0)) -> 1 | R6: =IF(VLOOKUP($A6,'Actual Dates'!$A:$G,2,0)="Y",1,0) -> 1 | S6: =_xlfn.IFNA(+VLOOKUP(A6,'Date Calcs'!A:AG,8,),TODAY()) -> 45540 | T6: =_xlfn.IFNA(VLOOKUP(A6,'Date Calcs'!A:AG,10,),TODAY()) -> 45789 | U6: =_xlfn.IFNA(+VLOOKUP(A6,'Date Calcs'!A:AG,12,),TODAY()) -> 45853 | V6: =_xlfn.IFNA(+VLOOKUP(A6,'Date Calcs'!A:AG,14,),TODAY()) -> 45875 | W6: =_xlfn.IFNA(+VLOOKUP(A6,'Date Calcs'!A:AG,16,),TODAY()) -> 45533 | X6: =_xlfn.IFNA(IF(C6=0,VLOOKUP(A6,'Date Calcs'!A:AG,8,),IF(C6=1,VLOOKUP(A6,'Date Calcs'!A:AG,10,),IF(C6=2,VLOOKUP(A6,'Date Calcs'!A:AG,12,),IF(C6=3,VLOOKUP(A6,'Date Calcs'!A:AG,14,),4)))),TODAY()) -> 4 | Y6: =_xlfn.IFNA(IF(X6=4,W6,X6),TODAY()) -> 45533 | Z6: =_xlfn.IFNA(Y6+(VLOOKUP(A6,'Date Calcs'!A:W,22,0)*7),TODAY()) -> 45533
A7: ='Actual Dates'!A5 -> 25-010 | B7: =_xlfn.IFNA(VLOOKUP(A7,'Date Calcs'!A:B,2,),"") -> Kimberly Clark | C7: =VLOOKUP(A7,'Actual Dates'!A:AE,18,) -> 3 | D7: =Z7 -> 45911 | E7: =IF(VLOOKUP(A7,Dates,20,FALSE())="",TODAY(),VLOOKUP(A7,Dates,20,FALSE())) -> 45897 | F7: =IFERROR(ROUND(IF(A7="","",IF(E7=0,D7-Date!$B$3,D7-E7)),0),"") -> 14 | G7: =_xlfn.IFNA(VLOOKUP(A7,'RTR v2'!A:AW,48,FALSE)," ") -> 46076 | I7: =IF(VLOOKUP(A7,Dates,2,)="N","N",IF(VLOOKUP(A7,Dates,3,)="N","N",IF(VLOOKUP(A7,Dates,4,)="N","N",IF(VLOOKUP(A7,Dates,5,)="N","N","Y")))) -> Y | J7: =VLOOKUP(A7,Dates,7,) -> y | M7: =IF(N7="Y",N7," ") | N7: =IF(R7="Y",R7,IF(Q7="Y",Q7,IF(P7="Y",P7,O7))) -> 1 | O7: =IF(P7<1,0,IF(VLOOKUP($A7,'Actual Dates'!$A:$G,5,0)="Y",1,0)) -> 1 | P7: =IF(Q7<1,0,IF(VLOOKUP($A7,'Actual Dates'!$A:$G,4,0)="Y",1,0)) -> 1 | Q7: =IF(R7<1,0,IF(VLOOKUP($A7,'Actual Dates'!$A:$G,3,0)="Y",1,0)) -> 1 | R7: =IF(VLOOKUP($A7,'Actual Dates'!$A:$G,2,0)="Y",1,0) -> 1 | S7: =_xlfn.IFNA(+VLOOKUP(A7,'Date Calcs'!A:AG,8,),TODAY()) -> 45720 | T7: =_xlfn.IFNA(VLOOKUP(A7,'Date Calcs'!A:AG,10,),TODAY()) -> 45841 | U7: =_xlfn.IFNA(+VLOOKUP(A7,'Date Calcs'!A:AG,12,),TODAY()) -> 45897 | V7: =_xlfn.IFNA(+VLOOKUP(A7,'Date Calcs'!A:AG,14,),TODAY()) -> 45911 | W7: =_xlfn.IFNA(+VLOOKUP(A7,'Date Calcs'!A:AG,16,),TODAY()) -> 45699 | X7: =_xlfn.IFNA(IF(C7=0,VLOOKUP(A7,'Date Calcs'!A:AG,8,),IF(C7=1,VLOOKUP(A7,'Date Calcs'!A:AG,10,),IF(C7=2,VLOOKUP(A7,'Date Calcs'!A:AG,12,),IF(C7=3,VLOOKUP(A7,'Date Calcs'!A:AG,14,),4)))),TODAY()) -> 45911 | Y7: =_xlfn.IFNA(IF(X7=4,W7,X7),TODAY()) -> 45911 | Z7: =_xlfn.IFNA(Y7+(VLOOKUP(A7,'Date Calcs'!A:W,22,0)*7),TODAY()) -> 45911 | AA7: =_xlfn.IFNA(VLOOKUP(A7,'RTR v2'!$A:$AW,46,0),"") -> 0
A8: ='Actual Dates'!A6 -> 25-011 | B8: =_xlfn.IFNA(VLOOKUP(A8,'Date Calcs'!A:B,2,),"") -> Kimberly Clark | C8: =VLOOKUP(A8,'Actual Dates'!A:AE,18,) -> 3 | D8: =Z8 -> 45918 | E8: =IF(VLOOKUP(A8,Dates,20,FALSE())="",TODAY(),VLOOKUP(A8,Dates,20,FALSE())) -> 45904 | F8: =IFERROR(ROUND(IF(A8="","",IF(E8=0,D8-Date!$B$3,D8-E8)),0),"") -> 14 | G8: =_xlfn.IFNA(VLOOKUP(A8,'RTR v2'!A:AW,48,FALSE)," ") -> 46057 | I8: =IF(VLOOKUP(A8,Dates,2,)="N","N",IF(VLOOKUP(A8,Dates,3,)="N","N",IF(VLOOKUP(A8,Dates,4,)="N","N",IF(VLOOKUP(A8,Dates,5,)="N","N","Y")))) -> Y | J8: =VLOOKUP(A8,Dates,7,) -> y | M8: =IF(N8="Y",N8," ") | N8: =IF(R8="Y",R8,IF(Q8="Y",Q8,IF(P8="Y",P8,O8))) -> 1 | O8: =IF(P8<1,0,IF(VLOOKUP($A8,'Actual Dates'!$A:$G,5,0)="Y",1,0)) -> 1 | P8: =IF(Q8<1,0,IF(VLOOKUP($A8,'Actual Dates'!$A:$G,4,0)="Y",1,0)) -> 1 | Q8: =IF(R8<1,0,IF(VLOOKUP($A8,'Actual Dates'!$A:$G,3,0)="Y",1,0)) -> 1 | R8: =IF(VLOOKUP($A8,'Actual Dates'!$A:$G,2,0)="Y",1,0) -> 1 | S8: =_xlfn.IFNA(+VLOOKUP(A8,'Date Calcs'!A:AG,8,),TODAY()) -> 45720 | T8: =_xlfn.IFNA(VLOOKUP(A8,'Date Calcs'!A:AG,10,),TODAY()) -> 45813 | U8: =_xlfn.IFNA(+VLOOKUP(A8,'Date Calcs'!A:AG,12,),TODAY()) -> 45904 | V8: =_xlfn.IFNA(+VLOOKUP(A8,'Date Calcs'!A:AG,14,),TODAY()) -> 45918 | W8: =_xlfn.IFNA(+VLOOKUP(A8,'Date Calcs'!A:AG,16,),TODAY()) -> 45699 | X8: =_xlfn.IFNA(IF(C8=0,VLOOKUP(A8,'Date Calcs'!A:AG,8,),IF(C8=1,VLOOKUP(A8,'Date Calcs'!A:AG,10,),IF(C8=2,VLOOKUP(A8,'Date Calcs'!A:AG,12,),IF(C8=3,VLOOKUP(A8,'Date Calcs'!A:AG,14,),4)))),TODAY()) -> 45918 | Y8: =_xlfn.IFNA(IF(X8=4,W8,X8),TODAY()) -> 45918 | Z8: =_xlfn.IFNA(Y8+(VLOOKUP(A8,'Date Calcs'!A:W,22,0)*7),TODAY()) -> 45918 | AA8: =_xlfn.IFNA(VLOOKUP(A8,'RTR v2'!$A:$AW,46,0),"") -> 0
A9: ='Actual Dates'!A7 -> 25-012 | B9: =_xlfn.IFNA(VLOOKUP(A9,'Date Calcs'!A:B,2,),"") -> Kimberly Clark | C9: =VLOOKUP(A9,'Actual Dates'!A:AE,18,) -> 3 | D9: =Z9 -> 45918 | E9: =IF(VLOOKUP(A9,Dates,20,FALSE())="",TODAY(),VLOOKUP(A9,Dates,20,FALSE())) -> 45904 | F9: =IFERROR(ROUND(IF(A9="","",IF(E9=0,D9-Date!$B$3,D9-E9)),0),"") -> 14 | G9: =_xlfn.IFNA(VLOOKUP(A9,'RTR v2'!A:AW,48,FALSE)," ") -> 46111 | I9: =IF(VLOOKUP(A9,Dates,2,)="N","N",IF(VLOOKUP(A9,Dates,3,)="N","N",IF(VLOOKUP(A9,Dates,4,)="N","N",IF(VLOOKUP(A9,Dates,5,)="N","N","Y")))) -> Y | J9: =VLOOKUP(A9,Dates,7,) -> y | M9: =IF(N9="Y",N9," ") | N9: =IF(R9="Y",R9,IF(Q9="Y",Q9,IF(P9="Y",P9,O9))) -> 1 | O9: =IF(P9<1,0,IF(VLOOKUP($A9,'Actual Dates'!$A:$G,5,0)="Y",1,0)) -> 1 | P9: =IF(Q9<1,0,IF(VLOOKUP($A9,'Actual Dates'!$A:$G,4,0)="Y",1,0)) -> 1 | Q9: =IF(R9<1,0,IF(VLOOKUP($A9,'Actual Dates'!$A:$G,3,0)="Y",1,0)) -> 1 | R9: =IF(VLOOKUP($A9,'Actual Dates'!$A:$G,2,0)="Y",1,0) -> 1 | S9: =_xlfn.IFNA(+VLOOKUP(A9,'Date Calcs'!A:AG,8,),TODAY()) -> 45720 | T9: =_xlfn.IFNA(VLOOKUP(A9,'Date Calcs'!A:AG,10,),TODAY()) -> 45813 | U9: =_xlfn.IFNA(+VLOOKUP(A9,'Date Calcs'!A:AG,12,),TODAY()) -> 45904 | V9: =_xlfn.IFNA(+VLOOKUP(A9,'Date Calcs'!A:AG,14,),TODAY()) -> 45918 | W9: =_xlfn.IFNA(+VLOOKUP(A9,'Date Calcs'!A:AG,16,),TODAY()) -> 45699 | X9: =_xlfn.IFNA(IF(C9=0,VLOOKUP(A9,'Date Calcs'!A:AG,8,),IF(C9=1,VLOOKUP(A9,'Date Calcs'!A:AG,10,),IF(C9=2,VLOOKUP(A9,'Date Calcs'!A:AG,12,),IF(C9=3,VLOOKUP(A9,'Date Calcs'!A:AG,14,),4)))),TODAY()) -> 45918 | Y9: =_xlfn.IFNA(IF(X9=4,W9,X9),TODAY()) -> 45918 | Z9: =_xlfn.IFNA(Y9+(VLOOKUP(A9,'Date Calcs'!A:W,22,0)*7),TODAY()) -> 45918 | AA9: =_xlfn.IFNA(VLOOKUP(A9,'RTR v2'!$A:$AW,46,0),"")
A10: ='Actual Dates'!A8 -> 25-013 | B10: =_xlfn.IFNA(VLOOKUP(A10,'Date Calcs'!A:B,2,),"") -> Kimberly Clark | C10: =VLOOKUP(A10,'Actual Dates'!A:AE,18,) -> 2 | D10: =Z10 -> 45826 | E10: =IF(VLOOKUP(A10,Dates,20,FALSE())="",TODAY(),VLOOKUP(A10,Dates,20,FALSE())) -> 45904 | F10: =IFERROR(ROUND(IF(A10="","",IF(E10=0,D10-Date!$B$3,D10-E10)),0),"") -> -78 | G10: =_xlfn.IFNA(VLOOKUP(A10,'RTR v2'!A:AW,48,FALSE)," ") -> 46111 | I10: =IF(VLOOKUP(A10,Dates,2,)="N","N",IF(VLOOKUP(A10,Dates,3,)="N","N",IF(VLOOKUP(A10,Dates,4,)="N","N",IF(VLOOKUP(A10,Dates,5,)="N","N","Y")))) -> Y | J10: =VLOOKUP(A10,Dates,7,) -> y | M10: =IF(N10="Y",N10," ") | N10: =IF(R10="Y",R10,IF(Q10="Y",Q10,IF(P10="Y",P10,O10))) -> 1 | O10: =IF(P10<1,0,IF(VLOOKUP($A10,'Actual Dates'!$A:$G,5,0)="Y",1,0)) -> 1 | P10: =IF(Q10<1,0,IF(VLOOKUP($A10,'Actual Dates'!$A:$G,4,0)="Y",1,0)) -> 1 | Q10: =IF(R10<1,0,IF(VLOOKUP($A10,'Actual Dates'!$A:$G,3,0)="Y",1,0)) -> 1 | R10: =IF(VLOOKUP($A10,'Actual Dates'!$A:$G,2,0)="Y",1,0) -> 1 | S10: =_xlfn.IFNA(+VLOOKUP(A10,'Date Calcs'!A:AG,8,),TODAY()) -> 45720 | T10: =_xlfn.IFNA(VLOOKUP(A10,'Date Calcs'!A:AG,10,),TODAY()) -> 45813 | U10: =_xlfn.IFNA(+VLOOKUP(A10,'Date Calcs'!A:AG,12,),TODAY()) -> 45826 | V10: =_xlfn.IFNA(+VLOOKUP(A10,'Date Calcs'!A:AG,14,),TODAY()) -> 45840 | W10: =_xlfn.IFNA(+VLOOKUP(A10,'Date Calcs'!A:AG,16,),TODAY()) -> 45699 | X10: =_xlfn.IFNA(IF(C10=0,VLOOKUP(A10,'Date Calcs'!A:AG,8,),IF(C10=1,VLOOKUP(A10,'Date Calcs'!A:AG,10,),IF(C10=2,VLOOKUP(A10,'Date Calcs'!A:AG,12,),IF(C10=3,VLOOKUP(A10,'Date Calcs'!A:AG,14,),4)))),TODAY()) -> 45826 | Y10: =_xlfn.IFNA(IF(X10=4,W10,X10),TODAY()) -> 45826 | Z10: =_xlfn.IFNA(Y10+(VLOOKUP(A10,'Date Calcs'!A:W,22,0)*7),TODAY()) -> 45826 | AA10: =_xlfn.IFNA(VLOOKUP(A10,'RTR v2'!$A:$AW,46,0),"")
A11: ='Actual Dates'!A9 -> 25-014 | B11: =_xlfn.IFNA(VLOOKUP(A11,'Date Calcs'!A:B,2,),"") -> Kimberly Clark | C11: =VLOOKUP(A11,'Actual Dates'!A:AE,18,) -> 2 | D11: =Z11 -> 45819 | E11: =IF(VLOOKUP(A11,Dates,20,FALSE())="",TODAY(),VLOOKUP(A11,Dates,20,FALSE())) -> 45805 | F11: =IFERROR(ROUND(IF(A11="","",IF(E11=0,D11-Date!$B$3,D11-E11)),0),"") -> 14 | G11: =_xlfn.IFNA(VLOOKUP(A11,'RTR v2'!A:AW,48,FALSE)," ") -> 45967 | I11: =IF(VLOOKUP(A11,Dates,2,)="N","N",IF(VLOOKUP(A11,Dates,3,)="N","N",IF(VLOOKUP(A11,Dates,4,)="N","N",IF(VLOOKUP(A11,Dates,5,)="N","N","Y")))) -> Y | J11: =VLOOKUP(A11,Dates,7,) -> y | M11: =IF(N11="Y",N11," ") | N11: =IF(R11="Y",R11,IF(Q11="Y",Q11,IF(P11="Y",P11,O11))) -> 1 | O11: =IF(P11<1,0,IF(VLOOKUP($A11,'Actual Dates'!$A:$G,5,0)="Y",1,0)) -> 1 | P11: =IF(Q11<1,0,IF(VLOOKUP($A11,'Actual Dates'!$A:$G,4,0)="Y",1,0)) -> 1 | Q11: =IF(R11<1,0,IF(VLOOKUP($A11,'Actual Dates'!$A:$G,3,0)="Y",1,0)) -> 1 | R11: =IF(VLOOKUP($A11,'Actual Dates'!$A:$G,2,0)="Y",1,0) -> 1 | S11: =_xlfn.IFNA(+VLOOKUP(A11,'Date Calcs'!A:AG,8,),TODAY()) -> 45720 | T11: =_xlfn.IFNA(VLOOKUP(A11,'Date Calcs'!A:AG,10,),TODAY()) -> 45798 | U11: =_xlfn.IFNA(+VLOOKUP(A11,'Date Calcs'!A:AG,12,),TODAY()) -> 45819 | V11: =_xlfn.IFNA(+VLOOKUP(A11,'Date Calcs'!A:AG,14,),TODAY()) -> 45833 | W11: =_xlfn.IFNA(+VLOOKUP(A11,'Date Calcs'!A:AG,16,),TODAY()) -> 45699 | X11: =_xlfn.IFNA(IF(C11=0,VLOOKUP(A11,'Date Calcs'!A:AG,8,),IF(C11=1,VLOOKUP(A11,'Date Calcs'!A:AG,10,),IF(C11=2,VLOOKUP(A11,'Date Calcs'!A:AG,12,),IF(C11=3,VLOOKUP(A11,'Date Calcs'!A:AG,14,),4)))),TODAY()) -> 45819 | Y11: =_xlfn.IFNA(IF(X11=4,W11,X11),TODAY()) -> 45819 | Z11: =_xlfn.IFNA(Y11+(VLOOKUP(A11,'Date Calcs'!A:W,22,0)*7),TODAY()) -> 45819 | AA11: =_xlfn.IFNA(VLOOKUP(A11,'RTR v2'!$A:$AW,46,0),"") -> 0
A12: ='Actual Dates'!A10 -> 25-015 | B12: =_xlfn.IFNA(VLOOKUP(A12,'Date Calcs'!A:B,2,),"") -> Kimberly Clark | C12: =VLOOKUP(A12,'Actual Dates'!A:AE,18,) -> 2 | D12: =Z12 -> 45819 | E12: =IF(VLOOKUP(A12,Dates,20,FALSE())="",TODAY(),VLOOKUP(A12,Dates,20,FALSE())) -> 45805 | F12: =IFERROR(ROUND(IF(A12="","",IF(E12=0,D12-Date!$B$3,D12-E12)),0),"") -> 14 | G12: =_xlfn.IFNA(VLOOKUP(A12,'RTR v2'!A:AW,48,FALSE)," ") -> 45967 | I12: =IF(VLOOKUP(A12,Dates,2,)="N","N",IF(VLOOKUP(A12,Dates,3,)="N","N",IF(VLOOKUP(A12,Dates,4,)="N","N",IF(VLOOKUP(A12,Dates,5,)="N","N","Y")))) -> Y | J12: =VLOOKUP(A12,Dates,7,) -> y | M12: =IF(N12="Y",N12," ") | N12: =IF(R12="Y",R12,IF(Q12="Y",Q12,IF(P12="Y",P12,O12))) -> 1 | O12: =IF(P12<1,0,IF(VLOOKUP($A12,'Actual Dates'!$A:$G,5,0)="Y",1,0)) -> 1 | P12: =IF(Q12<1,0,IF(VLOOKUP($A12,'Actual Dates'!$A:$G,4,0)="Y",1,0)) -> 1 | Q12: =IF(R12<1,0,IF(VLOOKUP($A12,'Actual Dates'!$A:$G,3,0)="Y",1,0)) -> 1 | R12: =IF(VLOOKUP($A12,'Actual Dates'!$A:$G,2,0)="Y",1,0) -> 1 | S12: =_xlfn.IFNA(+VLOOKUP(A12,'Date Calcs'!A:AG,8,),TODAY()) -> 45720 | T12: =_xlfn.IFNA(VLOOKUP(A12,'Date Calcs'!A:AG,10,),TODAY()) -> 45798 | U12: =_xlfn.IFNA(+VLOOKUP(A12,'Date Calcs'!A:AG,12,),TODAY()) -> 45819 | V12: =_xlfn.IFNA(+VLOOKUP(A12,'Date Calcs'!A:AG,14,),TODAY()) -> 45833 | W12: =_xlfn.IFNA(+VLOOKUP(A12,'Date Calcs'!A:AG,16,),TODAY()) -> 45699 | X12: =_xlfn.IFNA(IF(C12=0,VLOOKUP(A12,'Date Calcs'!A:AG,8,),IF(C12=1,VLOOKUP(A12,'Date Calcs'!A:AG,10,),IF(C12=2,VLOOKUP(A12,'Date Calcs'!A:AG,12,),IF(C12=3,VLOOKUP(A12,'Date Calcs'!A:AG,14,),4)))),TODAY()) -> 45819 | Y12: =_xlfn.IFNA(IF(X12=4,W12,X12),TODAY()) -> 45819 | Z12: =_xlfn.IFNA(Y12+(VLOOKUP(A12,'Date Calcs'!A:W,22,0)*7),TODAY()) -> 45819 | AA12: =_xlfn.IFNA(VLOOKUP(A12,'RTR v2'!$A:$AW,46,0),"") -> 0
A13: ='Actual Dates'!A11 -> 25-016 | B13: =_xlfn.IFNA(VLOOKUP(A13,'Date Calcs'!A:B,2,),"") -> Kimberly Clark | C13: =VLOOKUP(A13,'Actual Dates'!A:AE,18,) -> 2 | D13: =Z13 -> 45819 | E13: =IF(VLOOKUP(A13,Dates,20,FALSE())="",TODAY(),VLOOKUP(A13,Dates,20,FALSE())) -> 45805 | F13: =IFERROR(ROUND(IF(A13="","",IF(E13=0,D13-Date!$B$3,D13-E13)),0),"") -> 14 | G13: =_xlfn.IFNA(VLOOKUP(A13,'RTR v2'!A:AW,48,FALSE)," ") -> 46076 | I13: =IF(VLOOKUP(A13,Dates,2,)="N","N",IF(VLOOKUP(A13,Dates,3,)="N","N",IF(VLOOKUP(A13,Dates,4,)="N","N",IF(VLOOKUP(A13,Dates,5,)="N","N","Y")))) -> Y | J13: =VLOOKUP(A13,Dates,7,) -> y | M13: =IF(N13="Y",N13," ") | N13: =IF(R13="Y",R13,IF(Q13="Y",Q13,IF(P13="Y",P13,O13))) -> 1 | O13: =IF(P13<1,0,IF(VLOOKUP($A13,'Actual Dates'!$A:$G,5,0)="Y",1,0)) -> 1 | P13: =IF(Q13<1,0,IF(VLOOKUP($A13,'Actual Dates'!$A:$G,4,0)="Y",1,0)) -> 1 | Q13: =IF(R13<1,0,IF(VLOOKUP($A13,'Actual Dates'!$A:$G,3,0)="Y",1,0)) -> 1 | R13: =IF(VLOOKUP($A13,'Actual Dates'!$A:$G,2,0)="Y",1,0) -> 1 | S13: =_xlfn.IFNA(+VLOOKUP(A13,'Date Calcs'!A:AG,8,),TODAY()) -> 45720 | T13: =_xlfn.IFNA(VLOOKUP(A13,'Date Calcs'!A:AG,10,),TODAY()) -> 45798 | U13: =_xlfn.IFNA(+VLOOKUP(A13,'Date Calcs'!A:AG,12,),TODAY()) -> 45819 | V13: =_xlfn.IFNA(+VLOOKUP(A13,'Date Calcs'!A:AG,14,),TODAY()) -> 45833 | W13: =_xlfn.IFNA(+VLOOKUP(A13,'Date Calcs'!A:AG,16,),TODAY()) -> 45699 | X13: =_xlfn.IFNA(IF(C13=0,VLOOKUP(A13,'Date Calcs'!A:AG,8,),IF(C13=1,VLOOKUP(A13,'Date Calcs'!A:AG,10,),IF(C13=2,VLOOKUP(A13,'Date Calcs'!A:AG,12,),IF(C13=3,VLOOKUP(A13,'Date Calcs'!A:AG,14,),4)))),TODAY()) -> 45819 | Y13: =_xlfn.IFNA(IF(X13=4,W13,X13),TODAY()) -> 45819 | Z13: =_xlfn.IFNA(Y13+(VLOOKUP(A13,'Date Calcs'!A:W,22,0)*7),TODAY()) -> 45819 | AA13: =_xlfn.IFNA(VLOOKUP(A13,'RTR v2'!$A:$AW,46,0),"") -> 0
A14: ='Actual Dates'!A12 -> 25-017 | B14: =_xlfn.IFNA(VLOOKUP(A14,'Date Calcs'!A:B,2,),"") -> Kimberly Clark | C14: =VLOOKUP(A14,'Actual Dates'!A:AE,18,) -> 2 | D14: =Z14 -> 45783 | E14: =IF(VLOOKUP(A14,Dates,20,FALSE())="",TODAY(),VLOOKUP(A14,Dates,20,FALSE())) -> 45769 | F14: =IFERROR(ROUND(IF(A14="","",IF(E14=0,D14-Date!$B$3,D14-E14)),0),"") -> 14 | G14: =_xlfn.IFNA(VLOOKUP(A14,'RTR v2'!A:AW,48,FALSE)," ") -> 46043 | I14: =IF(VLOOKUP(A14,Dates,2,)="N","N",IF(VLOOKUP(A14,Dates,3,)="N","N",IF(VLOOKUP(A14,Dates,4,)="N","N",IF(VLOOKUP(A14,Dates,5,)="N","N","Y")))) -> Y | J14: =VLOOKUP(A14,Dates,7,) -> y | M14: =IF(N14="Y",N14," ") | N14: =IF(R14="Y",R14,IF(Q14="Y",Q14,IF(P14="Y",P14,O14))) -> 1 | O14: =IF(P14<1,0,IF(VLOOKUP($A14,'Actual Dates'!$A:$G,5,0)="Y",1,0)) -> 1 | P14: =IF(Q14<1,0,IF(VLOOKUP($A14,'Actual Dates'!$A:$G,4,0)="Y",1,0)) -> 1 | Q14: =IF(R14<1,0,IF(VLOOKUP($A14,'Actual Dates'!$A:$G,3,0)="Y",1,0)) -> 1 | R14: =IF(VLOOKUP($A14,'Actual Dates'!$A:$G,2,0)="Y",1,0) -> 1 | S14: =_xlfn.IFNA(+VLOOKUP(A14,'Date Calcs'!A:AG,8,),TODAY()) -> 45720 | T14: =_xlfn.IFNA(VLOOKUP(A14,'Date Calcs'!A:AG,10,),TODAY()) -> 45761 | U14: =_xlfn.IFNA(+VLOOKUP(A14,'Date Calcs'!A:AG,12,),TODAY()) -> 45783 | V14: =_xlfn.IFNA(+VLOOKUP(A14,'Date Calcs'!A:AG,14,),TODAY()) -> 45797 | W14: =_xlfn.IFNA(+VLOOKUP(A14,'Date Calcs'!A:AG,16,),TODAY()) -> 45699 | X14: =_xlfn.IFNA(IF(C14=0,VLOOKUP(A14,'Date Calcs'!A:AG,8,),IF(C14=1,VLOOKUP(A14,'Date Calcs'!A:AG,10,),IF(C14=2,VLOOKUP(A14,'Date Calcs'!A:AG,12,),IF(C14=3,VLOOKUP(A14,'Date Calcs'!A:AG,14,),4)))),TODAY()) -> 45783 | Y14: =_xlfn.IFNA(IF(X14=4,W14,X14),TODAY()) -> 45783 | Z14: =_xlfn.IFNA(Y14+(VLOOKUP(A14,'Date Calcs'!A:W,22,0)*7),TODAY()) -> 45783 | AA14: =_xlfn.IFNA(VLOOKUP(A14,'RTR v2'!$A:$AW,46,0),"") -> 0
A15: ='Actual Dates'!A13 -> 25-018 | B15: =_xlfn.IFNA(VLOOKUP(A15,'Date Calcs'!A:B,2,),"") -> Kimberly Clark | C15: =VLOOKUP(A15,'Actual Dates'!A:AE,18,) -> 3 | D15: =Z15 -> 45919 | E15: =IF(VLOOKUP(A15,Dates,20,FALSE())="",TODAY(),VLOOKUP(A15,Dates,20,FALSE())) -> 45905 | F15: =IFERROR(ROUND(IF(A15="","",IF(E15=0,D15-Date!$B$3,D15-E15)),0),"") -> 14 | G15: =_xlfn.IFNA(VLOOKUP(A15,'RTR v2'!A:AW,48,FALSE)," ") -> 46097 | I15: =IF(VLOOKUP(A15,Dates,2,)="N","N",IF(VLOOKUP(A15,Dates,3,)="N","N",IF(VLOOKUP(A15,Dates,4,)="N","N",IF(VLOOKUP(A15,Dates,5,)="N","N","Y")))) -> Y | J15: =VLOOKUP(A15,Dates,7,) -> y | M15: =IF(N15="Y",N15," ") | N15: =IF(R15="Y",R15,IF(Q15="Y",Q15,IF(P15="Y",P15,O15))) -> 1 | O15: =IF(P15<1,0,IF(VLOOKUP($A15,'Actual Dates'!$A:$G,5,0)="Y",1,0)) -> 1 | P15: =IF(Q15<1,0,IF(VLOOKUP($A15,'Actual Dates'!$A:$G,4,0)="Y",1,0)) -> 1 | Q15: =IF(R15<1,0,IF(VLOOKUP($A15,'Actual Dates'!$A:$G,3,0)="Y",1,0)) -> 1 | R15: =IF(VLOOKUP($A15,'Actual Dates'!$A:$G,2,0)="Y",1,0) -> 1 | S15: =_xlfn.IFNA(+VLOOKUP(A15,'Date Calcs'!A:AG,8,),TODAY()) -> 45720 | T15: =_xlfn.IFNA(VLOOKUP(A15,'Date Calcs'!A:AG,10,),TODAY()) -> 45859 | U15: =_xlfn.IFNA(+VLOOKUP(A15,'Date Calcs'!A:AG,12,),TODAY()) -> 45897 | V15: =_xlfn.IFNA(+VLOOKUP(A15,'Date Calcs'!A:AG,14,),TODAY()) -> 45919 | W15: =_xlfn.IFNA(+VLOOKUP(A15,'Date Calcs'!A:AG,16,),TODAY()) -> 45699 | X15: =_xlfn.IFNA(IF(C15=0,VLOOKUP(A15,'Date Calcs'!A:AG,8,),IF(C15=1,VLOOKUP(A15,'Date Calcs'!A:AG,10,),IF(C15=2,VLOOKUP(A15,'Date Calcs'!A:AG,12,),IF(C15=3,VLOOKUP(A15,'Date Calcs'!A:AG,14,),4)))),TODAY()) -> 45919 | Y15: =_xlfn.IFNA(IF(X15=4,W15,X15),TODAY()) -> 45919 | Z15: =_xlfn.IFNA(Y15+(VLOOKUP(A15,'Date Calcs'!A:W,22,0)*7),TODAY()) -> 45919 | AA15: =_xlfn.IFNA(VLOOKUP(A15,'RTR v2'!$A:$AW,46,0),"")
A16: ='Actual Dates'!A14 -> 25-019 | B16: =_xlfn.IFNA(VLOOKUP(A16,'Date Calcs'!A:B,2,),"") -> Kimberly Clark | C16: =VLOOKUP(A16,'Actual Dates'!A:AE,18,) -> 3 | D16: =Z16 -> 45919 | E16: =IF(VLOOKUP(A16,Dates,20,FALSE())="",TODAY(),VLOOKUP(A16,Dates,20,FALSE())) -> 45905 | F16: =IFERROR(ROUND(IF(A16="","",IF(E16=0,D16-Date!$B$3,D16-E16)),0),"") -> 14 | G16: =_xlfn.IFNA(VLOOKUP(A16,'RTR v2'!A:AW,48,FALSE)," ") -> 46076 | I16: =IF(VLOOKUP(A16,Dates,2,)="N","N",IF(VLOOKUP(A16,Dates,3,)="N","N",IF(VLOOKUP(A16,Dates,4,)="N","N",IF(VLOOKUP(A16,Dates,5,)="N","N","Y")))) -> Y | J16: =VLOOKUP(A16,Dates,7,) -> y | M16: =IF(N16="Y",N16," ") | N16: =IF(R16="Y",R16,IF(Q16="Y",Q16,IF(P16="Y",P16,O16))) -> 1 | O16: =IF(P16<1,0,IF(VLOOKUP($A16,'Actual Dates'!$A:$G,5,0)="Y",1,0)) -> 1 | P16: =IF(Q16<1,0,IF(VLOOKUP($A16,'Actual Dates'!$A:$G,4,0)="Y",1,0)) -> 1 | Q16: =IF(R16<1,0,IF(VLOOKUP($A16,'Actual Dates'!$A:$G,3,0)="Y",1,0)) -> 1 | R16: =IF(VLOOKUP($A16,'Actual Dates'!$A:$G,2,0)="Y",1,0) -> 1 | S16: =_xlfn.IFNA(+VLOOKUP(A16,'Date Calcs'!A:AG,8,),TODAY()) -> 45720 | T16: =_xlfn.IFNA(VLOOKUP(A16,'Date Calcs'!A:AG,10,),TODAY()) -> 45833 | U16: =_xlfn.IFNA(+VLOOKUP(A16,'Date Calcs'!A:AG,12,),TODAY()) -> 45904 | V16: =_xlfn.IFNA(+VLOOKUP(A16,'Date Calcs'!A:AG,14,),TODAY()) -> 45919 | W16: =_xlfn.IFNA(+VLOOKUP(A16,'Date Calcs'!A:AG,16,),TODAY()) -> 45699 | X16: =_xlfn.IFNA(IF(C16=0,VLOOKUP(A16,'Date Calcs'!A:AG,8,),IF(C16=1,VLOOKUP(A16,'Date Calcs'!A:AG,10,),IF(C16=2,VLOOKUP(A16,'Date Calcs'!A:AG,12,),IF(C16=3,VLOOKUP(A16,'Date Calcs'!A:AG,14,),4)))),TODAY()) -> 45919 | Y16: =_xlfn.IFNA(IF(X16=4,W16,X16),TODAY()) -> 45919 | Z16: =_xlfn.IFNA(Y16+(VLOOKUP(A16,'Date Calcs'!A:W,22,0)*7),TODAY()) -> 45919 | AA16: =_xlfn.IFNA(VLOOKUP(A16,'RTR v2'!$A:$AW,46,0),"") -> 0
A17: ='Actual Dates'!A15 -> 25-020 | B17: =_xlfn.IFNA(VLOOKUP(A17,'Date Calcs'!A:B,2,),"") -> Kimberly Clark | C17: =VLOOKUP(A17,'Actual Dates'!A:AE,18,) -> 4 | D17: =Z17 -> 45699 | E17: =IF(VLOOKUP(A17,Dates,20,FALSE())="",TODAY(),VLOOKUP(A17,Dates,20,FALSE())) -> 45895 | F17: =IFERROR(ROUND(IF(A17="","",IF(E17=0,D17-Date!$B$3,D17-E17)),0),"") -> -196 | G17: =_xlfn.IFNA(VLOOKUP(A17,'RTR v2'!A:AW,48,FALSE)," ") -> 46058 | I17: =IF(VLOOKUP(A17,Dates,2,)="N","N",IF(VLOOKUP(A17,Dates,3,)="N","N",IF(VLOOKUP(A17,Dates,4,)="N","N",IF(VLOOKUP(A17,Dates,5,)="N","N","Y")))) -> Y | J17: =VLOOKUP(A17,Dates,7,) -> y | M17: =IF(N17="Y",N17," ") | N17: =IF(R17="Y",R17,IF(Q17="Y",Q17,IF(P17="Y",P17,O17))) -> 1 | O17: =IF(P17<1,0,IF(VLOOKUP($A17,'Actual Dates'!$A:$G,5,0)="Y",1,0)) -> 1 | P17: =IF(Q17<1,0,IF(VLOOKUP($A17,'Actual Dates'!$A:$G,4,0)="Y",1,0)) -> 1 | Q17: =IF(R17<1,0,IF(VLOOKUP($A17,'Actual Dates'!$A:$G,3,0)="Y",1,0)) -> 1 | R17: =IF(VLOOKUP($A17,'Actual Dates'!$A:$G,2,0)="Y",1,0) -> 1 | S17: =_xlfn.IFNA(+VLOOKUP(A17,'Date Calcs'!A:AG,8,),TODAY()) -> 45720 | T17: =_xlfn.IFNA(VLOOKUP(A17,'Date Calcs'!A:AG,10,),TODAY()) -> 45813 | U17: =_xlfn.IFNA(+VLOOKUP(A17,'Date Calcs'!A:AG,12,),TODAY()) -> 45869 | V17: =_xlfn.IFNA(+VLOOKUP(A17,'Date Calcs'!A:AG,14,),TODAY()) -> 45897 | W17: =_xlfn.IFNA(+VLOOKUP(A17,'Date Calcs'!A:AG,16,),TODAY()) -> 45699 | X17: =_xlfn.IFNA(IF(C17=0,VLOOKUP(A17,'Date Calcs'!A:AG,8,),IF(C17=1,VLOOKUP(A17,'Date Calcs'!A:AG,10,),IF(C17=2,VLOOKUP(A17,'Date Calcs'!A:AG,12,),IF(C17=3,VLOOKUP(A17,'Date Calcs'!A:AG,14,),4)))),TODAY()) -> 4 | Y17: =_xlfn.IFNA(IF(X17=4,W17,X17),TODAY()) -> 45699 | Z17: =_xlfn.IFNA(Y17+(VLOOKUP(A17,'Date Calcs'!A:W,22,0)*7),TODAY()) -> 45699 | AA17: =_xlfn.IFNA(VLOOKUP(A17,'RTR v2'!$A:$AW,46,0),"") -> 0
A18: ='Actual Dates'!A16 -> 25-021 | B18: =_xlfn.IFNA(VLOOKUP(A18,'Date Calcs'!A:B,2,),"") -> Kimberly Clark | C18: =VLOOKUP(A18,'Actual Dates'!A:AE,18,) -> 3 | D18: =Z18 -> 45916 | E18: =IF(VLOOKUP(A18,Dates,20,FALSE())="",TODAY(),VLOOKUP(A18,Dates,20,FALSE())) -> 45902 | F18: =IFERROR(ROUND(IF(A18="","",IF(E18=0,D18-Date!$B$3,D18-E18)),0),"") -> 14 | G18: =_xlfn.IFNA(VLOOKUP(A18,'RTR v2'!A:AW,48,FALSE)," ") -> 46073 | I18: =IF(VLOOKUP(A18,Dates,2,)="N","N",IF(VLOOKUP(A18,Dates,3,)="N","N",IF(VLOOKUP(A18,Dates,4,)="N","N",IF(VLOOKUP(A18,Dates,5,)="N","N","Y")))) -> Y | J18: =VLOOKUP(A18,Dates,7,) -> y | M18: =IF(N18="Y",N18," ") | N18: =IF(R18="Y",R18,IF(Q18="Y",Q18,IF(P18="Y",P18,O18))) -> 1 | O18: =IF(P18<1,0,IF(VLOOKUP($A18,'Actual Dates'!$A:$G,5,0)="Y",1,0)) -> 1 | P18: =IF(Q18<1,0,IF(VLOOKUP($A18,'Actual Dates'!$A:$G,4,0)="Y",1,0)) -> 1 | Q18: =IF(R18<1,0,IF(VLOOKUP($A18,'Actual Dates'!$A:$G,3,0)="Y",1,0)) -> 1 | R18: =IF(VLOOKUP($A18,'Actual Dates'!$A:$G,2,0)="Y",1,0) -> 1 | S18: =_xlfn.IFNA(+VLOOKUP(A18,'Date Calcs'!A:AG,8,),TODAY()) -> 45720 | T18: =_xlfn.IFNA(VLOOKUP(A18,'Date Calcs'!A:AG,10,),TODAY()) -> 45833 | U18: =_xlfn.IFNA(+VLOOKUP(A18,'Date Calcs'!A:AG,12,),TODAY()) -> 45904 | V18: =_xlfn.IFNA(+VLOOKUP(A18,'Date Calcs'!A:AG,14,),TODAY()) -> 45916 | W18: =_xlfn.IFNA(+VLOOKUP(A18,'Date Calcs'!A:AG,16,),TODAY()) -> 45699 | X18: =_xlfn.IFNA(IF(C18=0,VLOOKUP(A18,'Date Calcs'!A:AG,8,),IF(C18=1,VLOOKUP(A18,'Date Calcs'!A:AG,10,),IF(C18=2,VLOOKUP(A18,'Date Calcs'!A:AG,12,),IF(C18=3,VLOOKUP(A18,'Date Calcs'!A:AG,14,),4)))),TODAY()) -> 45916 | Y18: =_xlfn.IFNA(IF(X18=4,W18,X18),TODAY()) -> 45916 | Z18: =_xlfn.IFNA(Y18+(VLOOKUP(A18,'Date Calcs'!A:W,22,0)*7),TODAY()) -> 45916 | AA18: =_xlfn.IFNA(VLOOKUP(A18,'RTR v2'!$A:$AW,46,0),"") -> 0
... A350: ='Actual Dates'!A348 -> 0 | B350: =_xlfn.IFNA(VLOOKUP(A350,'Date Calcs'!A:B,2,),"") | C350: =VLOOKUP(A350,'Actual Dates'!A:AE,18,) -> 0 | D350: =Z350 -> 46115 | E350: =IF(VLOOKUP(A350,Dates,20,FALSE())="",TODAY(),VLOOKUP(A350,Dates,20,FALSE())) -> 46115 | F350: =IFERROR(ROUND(IF(A350="","",IF(E350=0,D350-Date!$B$3,D350-E350)),0),"") -> 0 | G350: =_xlfn.IFNA(VLOOKUP(A350,'RTR v2'!A:AW,48,FALSE)," ") | I350: =IF(VLOOKUP(A350,Dates,2,)="N","N",IF(VLOOKUP(A350,Dates,3,)="N","N",IF(VLOOKUP(A350,Dates,4,)="N","N",IF(VLOOKUP(A350,Dates,5,)="N","N","Y")))) -> N | J350: =VLOOKUP(A350,Dates,7,) | M350: =IF(N350="Y",N350," ") | N350: =IF(R350="Y",R350,IF(Q350="Y",Q350,IF(P350="Y",P350,O350))) -> 0 | O350: =IF(P350<1,0,IF(VLOOKUP($A350,'Actual Dates'!$A:$G,5,0)="Y",1,0)) -> 0 | P350: =IF(Q350<1,0,IF(VLOOKUP($A350,'Actual Dates'!$A:$G,4,0)="Y",1,0)) -> 0 | Q350: =IF(R350<1,0,IF(VLOOKUP($A350,'Actual Dates'!$A:$G,3,0)="Y",1,0)) -> 0 | R350: =IF(VLOOKUP($A350,'Actual Dates'!$A:$G,2,0)="Y",1,0) -> 0 | S350: =_xlfn.IFNA(+VLOOKUP(A350,'Date Calcs'!A:AG,8,),TODAY()) -> 46115 | T350: =_xlfn.IFNA(VLOOKUP(A350,'Date Calcs'!A:AG,10,),TODAY()) -> 46115 | U350: =_xlfn.IFNA(+VLOOKUP(A350,'Date Calcs'!A:AG,12,),TODAY()) -> 46115 | V350: =_xlfn.IFNA(+VLOOKUP(A350,'Date Calcs'!A:AG,14,),TODAY()) -> 46115 | W350: =_xlfn.IFNA(+VLOOKUP(A350,'Date Calcs'!A:AG,16,),TODAY()) -> 46115 | X350: =_xlfn.IFNA(IF(C350=0,VLOOKUP(A350,'Date Calcs'!A:AG,8,),IF(C350=1,VLOOKUP(A350,'Date Calcs'!A:AG,10,),IF(C350=2,VLOOKUP(A350,'Date Calcs'!A:AG,12,),IF(C350=3,VLOOKUP(A350,'Date Calcs'!A:AG,14,),4)))),TODAY()) -> 46115 | Y350: =_xlfn.IFNA(IF(X350=4,W350,X350),TODAY()) -> 46115 | Z350: =_xlfn.IFNA(Y350+(VLOOKUP(A350,'Date Calcs'!A:W,22,0)*7),TODAY()) -> 46115 | AA350: =_xlfn.IFNA(VLOOKUP(A350,'RTR v2'!$A:$AW,46,0),"") -> 0
A351: ='Actual Dates'!A349 -> 0 | B351: =_xlfn.IFNA(VLOOKUP(A351,'Date Calcs'!A:B,2,),"") | C351: =VLOOKUP(A351,'Actual Dates'!A:AE,18,) -> 0 | D351: =Z351 -> 46115 | E351: =IF(VLOOKUP(A351,Dates,20,FALSE())="",TODAY(),VLOOKUP(A351,Dates,20,FALSE())) -> 46115 | F351: =IFERROR(ROUND(IF(A351="","",IF(E351=0,D351-Date!$B$3,D351-E351)),0),"") -> 0 | G351: =_xlfn.IFNA(VLOOKUP(A351,'RTR v2'!A:AW,48,FALSE)," ") | I351: =IF(VLOOKUP(A351,Dates,2,)="N","N",IF(VLOOKUP(A351,Dates,3,)="N","N",IF(VLOOKUP(A351,Dates,4,)="N","N",IF(VLOOKUP(A351,Dates,5,)="N","N","Y")))) -> N | J351: =VLOOKUP(A351,Dates,7,) | M351: =IF(N351="Y",N351," ") | N351: =IF(R351="Y",R351,IF(Q351="Y",Q351,IF(P351="Y",P351,O351))) -> 0 | O351: =IF(P351<1,0,IF(VLOOKUP($A351,'Actual Dates'!$A:$G,5,0)="Y",1,0)) -> 0 | P351: =IF(Q351<1,0,IF(VLOOKUP($A351,'Actual Dates'!$A:$G,4,0)="Y",1,0)) -> 0 | Q351: =IF(R351<1,0,IF(VLOOKUP($A351,'Actual Dates'!$A:$G,3,0)="Y",1,0)) -> 0 | R351: =IF(VLOOKUP($A351,'Actual Dates'!$A:$G,2,0)="Y",1,0) -> 0 | S351: =_xlfn.IFNA(+VLOOKUP(A351,'Date Calcs'!A:AG,8,),TODAY()) -> 46115 | T351: =_xlfn.IFNA(VLOOKUP(A351,'Date Calcs'!A:AG,10,),TODAY()) -> 46115 | U351: =_xlfn.IFNA(+VLOOKUP(A351,'Date Calcs'!A:AG,12,),TODAY()) -> 46115 | V351: =_xlfn.IFNA(+VLOOKUP(A351,'Date Calcs'!A:AG,14,),TODAY()) -> 46115 | W351: =_xlfn.IFNA(+VLOOKUP(A351,'Date Calcs'!A:AG,16,),TODAY()) -> 46115 | X351: =_xlfn.IFNA(IF(C351=0,VLOOKUP(A351,'Date Calcs'!A:AG,8,),IF(C351=1,VLOOKUP(A351,'Date Calcs'!A:AG,10,),IF(C351=2,VLOOKUP(A351,'Date Calcs'!A:AG,12,),IF(C351=3,VLOOKUP(A351,'Date Calcs'!A:AG,14,),4)))),TODAY()) -> 46115 | Y351: =_xlfn.IFNA(IF(X351=4,W351,X351),TODAY()) -> 46115 | Z351: =_xlfn.IFNA(Y351+(VLOOKUP(A351,'Date Calcs'!A:W,22,0)*7),TODAY()) -> 46115
A352: ='Actual Dates'!A350 -> 0 | B352: =_xlfn.IFNA(VLOOKUP(A352,'Date Calcs'!A:B,2,),"") | C352: =VLOOKUP(A352,'Actual Dates'!A:AE,18,) -> 0 | D352: =Z352 -> 46115 | E352: =IF(VLOOKUP(A352,Dates,20,FALSE())="",TODAY(),VLOOKUP(A352,Dates,20,FALSE())) -> 46115 | F352: =IFERROR(ROUND(IF(A352="","",IF(E352=0,D352-Date!$B$3,D352-E352)),0),"") -> 0 | G352: =_xlfn.IFNA(VLOOKUP(A352,'RTR v2'!A:AW,48,FALSE)," ") | I352: =IF(VLOOKUP(A352,Dates,2,)="N","N",IF(VLOOKUP(A352,Dates,3,)="N","N",IF(VLOOKUP(A352,Dates,4,)="N","N",IF(VLOOKUP(A352,Dates,5,)="N","N","Y")))) -> N | J352: =VLOOKUP(A352,Dates,7,) | M352: =IF(N352="Y",N352," ") | N352: =IF(R352="Y",R352,IF(Q352="Y",Q352,IF(P352="Y",P352,O352))) -> 0 | O352: =IF(P352<1,0,IF(VLOOKUP($A352,'Actual Dates'!$A:$G,5,0)="Y",1,0)) -> 0 | P352: =IF(Q352<1,0,IF(VLOOKUP($A352,'Actual Dates'!$A:$G,4,0)="Y",1,0)) -> 0 | Q352: =IF(R352<1,0,IF(VLOOKUP($A352,'Actual Dates'!$A:$G,3,0)="Y",1,0)) -> 0 | R352: =IF(VLOOKUP($A352,'Actual Dates'!$A:$G,2,0)="Y",1,0) -> 0 | S352: =_xlfn.IFNA(+VLOOKUP(A352,'Date Calcs'!A:AG,8,),TODAY()) -> 46115 | T352: =_xlfn.IFNA(VLOOKUP(A352,'Date Calcs'!A:AG,10,),TODAY()) -> 46115 | U352: =_xlfn.IFNA(+VLOOKUP(A352,'Date Calcs'!A:AG,12,),TODAY()) -> 46115 | V352: =_xlfn.IFNA(+VLOOKUP(A352,'Date Calcs'!A:AG,14,),TODAY()) -> 46115 | W352: =_xlfn.IFNA(+VLOOKUP(A352,'Date Calcs'!A:AG,16,),TODAY()) -> 46115 | X352: =_xlfn.IFNA(IF(C352=0,VLOOKUP(A352,'Date Calcs'!A:AG,8,),IF(C352=1,VLOOKUP(A352,'Date Calcs'!A:AG,10,),IF(C352=2,VLOOKUP(A352,'Date Calcs'!A:AG,12,),IF(C352=3,VLOOKUP(A352,'Date Calcs'!A:AG,14,),4)))),TODAY()) -> 46115 | Y352: =_xlfn.IFNA(IF(X352=4,W352,X352),TODAY()) -> 46115 | Z352: =_xlfn.IFNA(Y352+(VLOOKUP(A352,'Date Calcs'!A:W,22,0)*7),TODAY()) -> 46115
A353: ='Actual Dates'!A351 -> 0 | B353: =_xlfn.IFNA(VLOOKUP(A353,'Date Calcs'!A:B,2,),"") | C353: =VLOOKUP(A353,'Actual Dates'!A:AE,18,) -> 0 | D353: =Z353 -> 46115 | E353: =IF(VLOOKUP(A353,Dates,20,FALSE())="",TODAY(),VLOOKUP(A353,Dates,20,FALSE())) -> 46115 | F353: =IFERROR(ROUND(IF(A353="","",IF(E353=0,D353-Date!$B$3,D353-E353)),0),"") -> 0 | G353: =_xlfn.IFNA(VLOOKUP(A353,'RTR v2'!A:AW,48,FALSE)," ") | I353: =IF(VLOOKUP(A353,Dates,2,)="N","N",IF(VLOOKUP(A353,Dates,3,)="N","N",IF(VLOOKUP(A353,Dates,4,)="N","N",IF(VLOOKUP(A353,Dates,5,)="N","N","Y")))) -> N | J353: =VLOOKUP(A353,Dates,7,) | M353: =IF(N353="Y",N353," ") | N353: =IF(R353="Y",R353,IF(Q353="Y",Q353,IF(P353="Y",P353,O353))) -> 0 | O353: =IF(P353<1,0,IF(VLOOKUP($A353,'Actual Dates'!$A:$G,5,0)="Y",1,0)) -> 0 | P353: =IF(Q353<1,0,IF(VLOOKUP($A353,'Actual Dates'!$A:$G,4,0)="Y",1,0)) -> 0 | Q353: =IF(R353<1,0,IF(VLOOKUP($A353,'Actual Dates'!$A:$G,3,0)="Y",1,0)) -> 0 | R353: =IF(VLOOKUP($A353,'Actual Dates'!$A:$G,2,0)="Y",1,0) -> 0 | S353: =_xlfn.IFNA(+VLOOKUP(A353,'Date Calcs'!A:AG,8,),TODAY()) -> 46115 | T353: =_xlfn.IFNA(VLOOKUP(A353,'Date Calcs'!A:AG,10,),TODAY()) -> 46115 | U353: =_xlfn.IFNA(+VLOOKUP(A353,'Date Calcs'!A:AG,12,),TODAY()) -> 46115 | V353: =_xlfn.IFNA(+VLOOKUP(A353,'Date Calcs'!A:AG,14,),TODAY()) -> 46115 | W353: =_xlfn.IFNA(+VLOOKUP(A353,'Date Calcs'!A:AG,16,),TODAY()) -> 46115 | X353: =_xlfn.IFNA(IF(C353=0,VLOOKUP(A353,'Date Calcs'!A:AG,8,),IF(C353=1,VLOOKUP(A353,'Date Calcs'!A:AG,10,),IF(C353=2,VLOOKUP(A353,'Date Calcs'!A:AG,12,),IF(C353=3,VLOOKUP(A353,'Date Calcs'!A:AG,14,),4)))),TODAY()) -> 46115 | Y353: =_xlfn.IFNA(IF(X353=4,W353,X353),TODAY()) -> 46115 | Z353: =_xlfn.IFNA(Y353+(VLOOKUP(A353,'Date Calcs'!A:W,22,0)*7),TODAY()) -> 46115
A354: ='Actual Dates'!A352 -> 0 | B354: =_xlfn.IFNA(VLOOKUP(A354,'Date Calcs'!A:B,2,),"") | C354: =VLOOKUP(A354,'Actual Dates'!A:AE,18,) -> 0 | D354: =Z354 -> 46115 | E354: =IF(VLOOKUP(A354,Dates,20,FALSE())="",TODAY(),VLOOKUP(A354,Dates,20,FALSE())) -> 46115 | F354: =IFERROR(ROUND(IF(A354="","",IF(E354=0,D354-Date!$B$3,D354-E354)),0),"") -> 0 | G354: =_xlfn.IFNA(VLOOKUP(A354,'RTR v2'!A:AW,48,FALSE)," ") | I354: =IF(VLOOKUP(A354,Dates,2,)="N","N",IF(VLOOKUP(A354,Dates,3,)="N","N",IF(VLOOKUP(A354,Dates,4,)="N","N",IF(VLOOKUP(A354,Dates,5,)="N","N","Y")))) -> N | J354: =VLOOKUP(A354,Dates,7,) | M354: =IF(N354="Y",N354," ") | N354: =IF(R354="Y",R354,IF(Q354="Y",Q354,IF(P354="Y",P354,O354))) -> 0 | O354: =IF(P354<1,0,IF(VLOOKUP($A354,'Actual Dates'!$A:$G,5,0)="Y",1,0)) -> 0 | P354: =IF(Q354<1,0,IF(VLOOKUP($A354,'Actual Dates'!$A:$G,4,0)="Y",1,0)) -> 0 | Q354: =IF(R354<1,0,IF(VLOOKUP($A354,'Actual Dates'!$A:$G,3,0)="Y",1,0)) -> 0 | R354: =IF(VLOOKUP($A354,'Actual Dates'!$A:$G,2,0)="Y",1,0) -> 0 | S354: =_xlfn.IFNA(+VLOOKUP(A354,'Date Calcs'!A:AG,8,),TODAY()) -> 46115 | T354: =_xlfn.IFNA(VLOOKUP(A354,'Date Calcs'!A:AG,10,),TODAY()) -> 46115 | U354: =_xlfn.IFNA(+VLOOKUP(A354,'Date Calcs'!A:AG,12,),TODAY()) -> 46115 | V354: =_xlfn.IFNA(+VLOOKUP(A354,'Date Calcs'!A:AG,14,),TODAY()) -> 46115 | W354: =_xlfn.IFNA(+VLOOKUP(A354,'Date Calcs'!A:AG,16,),TODAY()) -> 46115 | X354: =_xlfn.IFNA(IF(C354=0,VLOOKUP(A354,'Date Calcs'!A:AG,8,),IF(C354=1,VLOOKUP(A354,'Date Calcs'!A:AG,10,),IF(C354=2,VLOOKUP(A354,'Date Calcs'!A:AG,12,),IF(C354=3,VLOOKUP(A354,'Date Calcs'!A:AG,14,),4)))),TODAY()) -> 46115 | Y354: =_xlfn.IFNA(IF(X354=4,W354,X354),TODAY()) -> 46115 | Z354: =_xlfn.IFNA(Y354+(VLOOKUP(A354,'Date Calcs'!A:W,22,0)*7),TODAY()) -> 46115
A355: ='Actual Dates'!A353 -> 0 | B355: =_xlfn.IFNA(VLOOKUP(A355,'Date Calcs'!A:B,2,),"") | C355: =VLOOKUP(A355,'Actual Dates'!A:AE,18,) -> 0 | D355: =Z355 -> 46115 | E355: =IF(VLOOKUP(A355,Dates,20,FALSE())="",TODAY(),VLOOKUP(A355,Dates,20,FALSE())) -> 46115 | F355: =IFERROR(ROUND(IF(A355="","",IF(E355=0,D355-Date!$B$3,D355-E355)),0),"") -> 0 | G355: =_xlfn.IFNA(VLOOKUP(A355,'RTR v2'!A:AW,48,FALSE)," ") | I355: =IF(VLOOKUP(A355,Dates,2,)="N","N",IF(VLOOKUP(A355,Dates,3,)="N","N",IF(VLOOKUP(A355,Dates,4,)="N","N",IF(VLOOKUP(A355,Dates,5,)="N","N","Y")))) -> N | J355: =VLOOKUP(A355,Dates,7,) | M355: =IF(N355="Y",N355," ") | N355: =IF(R355="Y",R355,IF(Q355="Y",Q355,IF(P355="Y",P355,O355))) -> 0 | O355: =IF(P355<1,0,IF(VLOOKUP($A355,'Actual Dates'!$A:$G,5,0)="Y",1,0)) -> 0 | P355: =IF(Q355<1,0,IF(VLOOKUP($A355,'Actual Dates'!$A:$G,4,0)="Y",1,0)) -> 0 | Q355: =IF(R355<1,0,IF(VLOOKUP($A355,'Actual Dates'!$A:$G,3,0)="Y",1,0)) -> 0 | R355: =IF(VLOOKUP($A355,'Actual Dates'!$A:$G,2,0)="Y",1,0) -> 0 | S355: =_xlfn.IFNA(+VLOOKUP(A355,'Date Calcs'!A:AG,8,),TODAY()) -> 46115 | T355: =_xlfn.IFNA(VLOOKUP(A355,'Date Calcs'!A:AG,10,),TODAY()) -> 46115 | U355: =_xlfn.IFNA(+VLOOKUP(A355,'Date Calcs'!A:AG,12,),TODAY()) -> 46115 | V355: =_xlfn.IFNA(+VLOOKUP(A355,'Date Calcs'!A:AG,14,),TODAY()) -> 46115 | W355: =_xlfn.IFNA(+VLOOKUP(A355,'Date Calcs'!A:AG,16,),TODAY()) -> 46115 | X355: =_xlfn.IFNA(IF(C355=0,VLOOKUP(A355,'Date Calcs'!A:AG,8,),IF(C355=1,VLOOKUP(A355,'Date Calcs'!A:AG,10,),IF(C355=2,VLOOKUP(A355,'Date Calcs'!A:AG,12,),IF(C355=3,VLOOKUP(A355,'Date Calcs'!A:AG,14,),4)))),TODAY()) -> 46115 | Y355: =_xlfn.IFNA(IF(X355=4,W355,X355),TODAY()) -> 46115 | Z355: =_xlfn.IFNA(Y355+(VLOOKUP(A355,'Date Calcs'!A:W,22,0)*7),TODAY()) -> 46115
A356: ='Actual Dates'!A354 -> 0 | B356: =_xlfn.IFNA(VLOOKUP(A356,'Date Calcs'!A:B,2,),"") | C356: =VLOOKUP(A356,'Actual Dates'!A:AE,18,) -> 0 | D356: =Z356 -> 46115 | E356: =IF(VLOOKUP(A356,Dates,20,FALSE())="",TODAY(),VLOOKUP(A356,Dates,20,FALSE())) -> 46115 | F356: =IFERROR(ROUND(IF(A356="","",IF(E356=0,D356-Date!$B$3,D356-E356)),0),"") -> 0 | G356: =_xlfn.IFNA(VLOOKUP(A356,'RTR v2'!A:AW,48,FALSE)," ") | I356: =IF(VLOOKUP(A356,Dates,2,)="N","N",IF(VLOOKUP(A356,Dates,3,)="N","N",IF(VLOOKUP(A356,Dates,4,)="N","N",IF(VLOOKUP(A356,Dates,5,)="N","N","Y")))) -> N | J356: =VLOOKUP(A356,Dates,7,) | M356: =IF(N356="Y",N356," ") | N356: =IF(R356="Y",R356,IF(Q356="Y",Q356,IF(P356="Y",P356,O356))) -> 0 | O356: =IF(P356<1,0,IF(VLOOKUP($A356,'Actual Dates'!$A:$G,5,0)="Y",1,0)) -> 0 | P356: =IF(Q356<1,0,IF(VLOOKUP($A356,'Actual Dates'!$A:$G,4,0)="Y",1,0)) -> 0 | Q356: =IF(R356<1,0,IF(VLOOKUP($A356,'Actual Dates'!$A:$G,3,0)="Y",1,0)) -> 0 | R356: =IF(VLOOKUP($A356,'Actual Dates'!$A:$G,2,0)="Y",1,0) -> 0 | S356: =_xlfn.IFNA(+VLOOKUP(A356,'Date Calcs'!A:AG,8,),TODAY()) -> 46115 | T356: =_xlfn.IFNA(VLOOKUP(A356,'Date Calcs'!A:AG,10,),TODAY()) -> 46115 | U356: =_xlfn.IFNA(+VLOOKUP(A356,'Date Calcs'!A:AG,12,),TODAY()) -> 46115 | V356: =_xlfn.IFNA(+VLOOKUP(A356,'Date Calcs'!A:AG,14,),TODAY()) -> 46115 | W356: =_xlfn.IFNA(+VLOOKUP(A356,'Date Calcs'!A:AG,16,),TODAY()) -> 46115 | X356: =_xlfn.IFNA(IF(C356=0,VLOOKUP(A356,'Date Calcs'!A:AG,8,),IF(C356=1,VLOOKUP(A356,'Date Calcs'!A:AG,10,),IF(C356=2,VLOOKUP(A356,'Date Calcs'!A:AG,12,),IF(C356=3,VLOOKUP(A356,'Date Calcs'!A:AG,14,),4)))),TODAY()) -> 46115 | Y356: =_xlfn.IFNA(IF(X356=4,W356,X356),TODAY()) -> 46115 | Z356: =_xlfn.IFNA(Y356+(VLOOKUP(A356,'Date Calcs'!A:W,22,0)*7),TODAY()) -> 46115
A357: ='Actual Dates'!A355 -> 0 | B357: =_xlfn.IFNA(VLOOKUP(A357,'Date Calcs'!A:B,2,),"") | C357: =VLOOKUP(A357,'Actual Dates'!A:AE,18,) -> 0 | D357: =Z357 -> 46115 | E357: =IF(VLOOKUP(A357,Dates,20,FALSE())="",TODAY(),VLOOKUP(A357,Dates,20,FALSE())) -> 46115 | F357: =IFERROR(ROUND(IF(A357="","",IF(E357=0,D357-Date!$B$3,D357-E357)),0),"") -> 0 | G357: =_xlfn.IFNA(VLOOKUP(A357,'RTR v2'!A:AW,48,FALSE)," ") | I357: =IF(VLOOKUP(A357,Dates,2,)="N","N",IF(VLOOKUP(A357,Dates,3,)="N","N",IF(VLOOKUP(A357,Dates,4,)="N","N",IF(VLOOKUP(A357,Dates,5,)="N","N","Y")))) -> N | J357: =VLOOKUP(A357,Dates,7,) | M357: =IF(N357="Y",N357," ") | N357: =IF(R357="Y",R357,IF(Q357="Y",Q357,IF(P357="Y",P357,O357))) -> 0 | O357: =IF(P357<1,0,IF(VLOOKUP($A357,'Actual Dates'!$A:$G,5,0)="Y",1,0)) -> 0 | P357: =IF(Q357<1,0,IF(VLOOKUP($A357,'Actual Dates'!$A:$G,4,0)="Y",1,0)) -> 0 | Q357: =IF(R357<1,0,IF(VLOOKUP($A357,'Actual Dates'!$A:$G,3,0)="Y",1,0)) -> 0 | R357: =IF(VLOOKUP($A357,'Actual Dates'!$A:$G,2,0)="Y",1,0) -> 0 | S357: =_xlfn.IFNA(+VLOOKUP(A357,'Date Calcs'!A:AG,8,),TODAY()) -> 46115 | T357: =_xlfn.IFNA(VLOOKUP(A357,'Date Calcs'!A:AG,10,),TODAY()) -> 46115 | U357: =_xlfn.IFNA(+VLOOKUP(A357,'Date Calcs'!A:AG,12,),TODAY()) -> 46115 | V357: =_xlfn.IFNA(+VLOOKUP(A357,'Date Calcs'!A:AG,14,),TODAY()) -> 46115 | W357: =_xlfn.IFNA(+VLOOKUP(A357,'Date Calcs'!A:AG,16,),TODAY()) -> 46115 | X357: =_xlfn.IFNA(IF(C357=0,VLOOKUP(A357,'Date Calcs'!A:AG,8,),IF(C357=1,VLOOKUP(A357,'Date Calcs'!A:AG,10,),IF(C357=2,VLOOKUP(A357,'Date Calcs'!A:AG,12,),IF(C357=3,VLOOKUP(A357,'Date Calcs'!A:AG,14,),4)))),TODAY()) -> 46115 | Y357: =_xlfn.IFNA(IF(X357=4,W357,X357),TODAY()) -> 46115 | Z357: =_xlfn.IFNA(Y357+(VLOOKUP(A357,'Date Calcs'!A:W,22,0)*7),TODAY()) -> 46115
A358: ='Actual Dates'!A356 -> 0 | B358: =_xlfn.IFNA(VLOOKUP(A358,'Date Calcs'!A:B,2,),"") | C358: =VLOOKUP(A358,'Actual Dates'!A:AE,18,) -> 0 | D358: =Z358 -> 46115 | E358: =IF(VLOOKUP(A358,Dates,20,FALSE())="",TODAY(),VLOOKUP(A358,Dates,20,FALSE())) -> 46115 | F358: =IFERROR(ROUND(IF(A358="","",IF(E358=0,D358-Date!$B$3,D358-E358)),0),"") -> 0 | G358: =_xlfn.IFNA(VLOOKUP(A358,'RTR v2'!A:AW,48,FALSE)," ") | I358: =IF(VLOOKUP(A358,Dates,2,)="N","N",IF(VLOOKUP(A358,Dates,3,)="N","N",IF(VLOOKUP(A358,Dates,4,)="N","N",IF(VLOOKUP(A358,Dates,5,)="N","N","Y")))) -> N | J358: =VLOOKUP(A358,Dates,7,) | M358: =IF(N358="Y",N358," ") | N358: =IF(R358="Y",R358,IF(Q358="Y",Q358,IF(P358="Y",P358,O358))) -> 0 | O358: =IF(P358<1,0,IF(VLOOKUP($A358,'Actual Dates'!$A:$G,5,0)="Y",1,0)) -> 0 | P358: =IF(Q358<1,0,IF(VLOOKUP($A358,'Actual Dates'!$A:$G,4,0)="Y",1,0)) -> 0 | Q358: =IF(R358<1,0,IF(VLOOKUP($A358,'Actual Dates'!$A:$G,3,0)="Y",1,0)) -> 0 | R358: =IF(VLOOKUP($A358,'Actual Dates'!$A:$G,2,0)="Y",1,0) -> 0 | S358: =_xlfn.IFNA(+VLOOKUP(A358,'Date Calcs'!A:AG,8,),TODAY()) -> 46115 | T358: =_xlfn.IFNA(VLOOKUP(A358,'Date Calcs'!A:AG,10,),TODAY()) -> 46115 | U358: =_xlfn.IFNA(+VLOOKUP(A358,'Date Calcs'!A:AG,12,),TODAY()) -> 46115 | V358: =_xlfn.IFNA(+VLOOKUP(A358,'Date Calcs'!A:AG,14,),TODAY()) -> 46115 | W358: =_xlfn.IFNA(+VLOOKUP(A358,'Date Calcs'!A:AG,16,),TODAY()) -> 46115 | X358: =_xlfn.IFNA(IF(C358=0,VLOOKUP(A358,'Date Calcs'!A:AG,8,),IF(C358=1,VLOOKUP(A358,'Date Calcs'!A:AG,10,),IF(C358=2,VLOOKUP(A358,'Date Calcs'!A:AG,12,),IF(C358=3,VLOOKUP(A358,'Date Calcs'!A:AG,14,),4)))),TODAY()) -> 46115 | Y358: =_xlfn.IFNA(IF(X358=4,W358,X358),TODAY()) -> 46115 | Z358: =_xlfn.IFNA(Y358+(VLOOKUP(A358,'Date Calcs'!A:W,22,0)*7),TODAY()) -> 46115
A359: ='Actual Dates'!A357 -> 0 | B359: =_xlfn.IFNA(VLOOKUP(A359,'Date Calcs'!A:B,2,),"") | C359: =VLOOKUP(A359,'Actual Dates'!A:AE,18,) -> 0 | D359: =Z359 -> 46115 | E359: =IF(VLOOKUP(A359,Dates,20,FALSE())="",TODAY(),VLOOKUP(A359,Dates,20,FALSE())) -> 46115 | F359: =IFERROR(ROUND(IF(A359="","",IF(E359=0,D359-Date!$B$3,D359-E359)),0),"") -> 0 | G359: =_xlfn.IFNA(VLOOKUP(A359,'RTR v2'!A:AW,48,FALSE)," ") | I359: =IF(VLOOKUP(A359,Dates,2,)="N","N",IF(VLOOKUP(A359,Dates,3,)="N","N",IF(VLOOKUP(A359,Dates,4,)="N","N",IF(VLOOKUP(A359,Dates,5,)="N","N","Y")))) -> N | J359: =VLOOKUP(A359,Dates,7,) | M359: =IF(N359="Y",N359," ") | N359: =IF(R359="Y",R359,IF(Q359="Y",Q359,IF(P359="Y",P359,O359))) -> 0 | O359: =IF(P359<1,0,IF(VLOOKUP($A359,'Actual Dates'!$A:$G,5,0)="Y",1,0)) -> 0 | P359: =IF(Q359<1,0,IF(VLOOKUP($A359,'Actual Dates'!$A:$G,4,0)="Y",1,0)) -> 0 | Q359: =IF(R359<1,0,IF(VLOOKUP($A359,'Actual Dates'!$A:$G,3,0)="Y",1,0)) -> 0 | R359: =IF(VLOOKUP($A359,'Actual Dates'!$A:$G,2,0)="Y",1,0) -> 0 | S359: =_xlfn.IFNA(+VLOOKUP(A359,'Date Calcs'!A:AG,8,),TODAY()) -> 46115 | T359: =_xlfn.IFNA(VLOOKUP(A359,'Date Calcs'!A:AG,10,),TODAY()) -> 46115 | U359: =_xlfn.IFNA(+VLOOKUP(A359,'Date Calcs'!A:AG,12,),TODAY()) -> 46115 | V359: =_xlfn.IFNA(+VLOOKUP(A359,'Date Calcs'!A:AG,14,),TODAY()) -> 46115 | W359: =_xlfn.IFNA(+VLOOKUP(A359,'Date Calcs'!A:AG,16,),TODAY()) -> 46115 | X359: =_xlfn.IFNA(IF(C359=0,VLOOKUP(A359,'Date Calcs'!A:AG,8,),IF(C359=1,VLOOKUP(A359,'Date Calcs'!A:AG,10,),IF(C359=2,VLOOKUP(A359,'Date Calcs'!A:AG,12,),IF(C359=3,VLOOKUP(A359,'Date Calcs'!A:AG,14,),4)))),TODAY()) -> 46115 | Y359: =_xlfn.IFNA(IF(X359=4,W359,X359),TODAY()) -> 46115 | Z359: =_xlfn.IFNA(Y359+(VLOOKUP(A359,'Date Calcs'!A:W,22,0)*7),TODAY()) -> 46115
A360: ='Actual Dates'!A358 -> 0 | B360: =_xlfn.IFNA(VLOOKUP(A360,'Date Calcs'!A:B,2,),"") | C360: =VLOOKUP(A360,'Actual Dates'!A:AE,18,) -> 0 | D360: =Z360 -> 46115 | E360: =IF(VLOOKUP(A360,Dates,20,FALSE())="",TODAY(),VLOOKUP(A360,Dates,20,FALSE())) -> 46115 | F360: =IFERROR(ROUND(IF(A360="","",IF(E360=0,D360-Date!$B$3,D360-E360)),0),"") -> 0 | G360: =_xlfn.IFNA(VLOOKUP(A360,'RTR v2'!A:AW,48,FALSE)," ") | I360: =IF(VLOOKUP(A360,Dates,2,)="N","N",IF(VLOOKUP(A360,Dates,3,)="N","N",IF(VLOOKUP(A360,Dates,4,)="N","N",IF(VLOOKUP(A360,Dates,5,)="N","N","Y")))) -> N | J360: =VLOOKUP(A360,Dates,7,) | M360: =IF(N360="Y",N360," ") | N360: =IF(R360="Y",R360,IF(Q360="Y",Q360,IF(P360="Y",P360,O360))) -> 0 | O360: =IF(P360<1,0,IF(VLOOKUP($A360,'Actual Dates'!$A:$G,5,0)="Y",1,0)) -> 0 | P360: =IF(Q360<1,0,IF(VLOOKUP($A360,'Actual Dates'!$A:$G,4,0)="Y",1,0)) -> 0 | Q360: =IF(R360<1,0,IF(VLOOKUP($A360,'Actual Dates'!$A:$G,3,0)="Y",1,0)) -> 0 | R360: =IF(VLOOKUP($A360,'Actual Dates'!$A:$G,2,0)="Y",1,0) -> 0 | S360: =_xlfn.IFNA(+VLOOKUP(A360,'Date Calcs'!A:AG,8,),TODAY()) -> 46115 | T360: =_xlfn.IFNA(VLOOKUP(A360,'Date Calcs'!A:AG,10,),TODAY()) -> 46115 | U360: =_xlfn.IFNA(+VLOOKUP(A360,'Date Calcs'!A:AG,12,),TODAY()) -> 46115 | V360: =_xlfn.IFNA(+VLOOKUP(A360,'Date Calcs'!A:AG,14,),TODAY()) -> 46115 | W360: =_xlfn.IFNA(+VLOOKUP(A360,'Date Calcs'!A:AG,16,),TODAY()) -> 46115 | X360: =_xlfn.IFNA(IF(C360=0,VLOOKUP(A360,'Date Calcs'!A:AG,8,),IF(C360=1,VLOOKUP(A360,'Date Calcs'!A:AG,10,),IF(C360=2,VLOOKUP(A360,'Date Calcs'!A:AG,12,),IF(C360=3,VLOOKUP(A360,'Date Calcs'!A:AG,14,),4)))),TODAY()) -> 46115 | Y360: =_xlfn.IFNA(IF(X360=4,W360,X360),TODAY()) -> 46115 | Z360: =_xlfn.IFNA(Y360+(VLOOKUP(A360,'Date Calcs'!A:W,22,0)*7),TODAY()) -> 46115
A361: ='Actual Dates'!A359 -> 0 | B361: =_xlfn.IFNA(VLOOKUP(A361,'Date Calcs'!A:B,2,),"") | C361: =VLOOKUP(A361,'Actual Dates'!A:AE,18,) -> 0 | D361: =Z361 -> 46115 | E361: =IF(VLOOKUP(A361,Dates,20,FALSE())="",TODAY(),VLOOKUP(A361,Dates,20,FALSE())) -> 46115 | F361: =IFERROR(ROUND(IF(A361="","",IF(E361=0,D361-Date!$B$3,D361-E361)),0),"") -> 0 | G361: =_xlfn.IFNA(VLOOKUP(A361,'RTR v2'!A:AW,48,FALSE)," ") | I361: =IF(VLOOKUP(A361,Dates,2,)="N","N",IF(VLOOKUP(A361,Dates,3,)="N","N",IF(VLOOKUP(A361,Dates,4,)="N","N",IF(VLOOKUP(A361,Dates,5,)="N","N","Y")))) -> N | J361: =VLOOKUP(A361,Dates,7,) | M361: =IF(N361="Y",N361," ") | N361: =IF(R361="Y",R361,IF(Q361="Y",Q361,IF(P361="Y",P361,O361))) -> 0 | O361: =IF(P361<1,0,IF(VLOOKUP($A361,'Actual Dates'!$A:$G,5,0)="Y",1,0)) -> 0 | P361: =IF(Q361<1,0,IF(VLOOKUP($A361,'Actual Dates'!$A:$G,4,0)="Y",1,0)) -> 0 | Q361: =IF(R361<1,0,IF(VLOOKUP($A361,'Actual Dates'!$A:$G,3,0)="Y",1,0)) -> 0 | R361: =IF(VLOOKUP($A361,'Actual Dates'!$A:$G,2,0)="Y",1,0) -> 0 | S361: =_xlfn.IFNA(+VLOOKUP(A361,'Date Calcs'!A:AG,8,),TODAY()) -> 46115 | T361: =_xlfn.IFNA(VLOOKUP(A361,'Date Calcs'!A:AG,10,),TODAY()) -> 46115 | U361: =_xlfn.IFNA(+VLOOKUP(A361,'Date Calcs'!A:AG,12,),TODAY()) -> 46115 | V361: =_xlfn.IFNA(+VLOOKUP(A361,'Date Calcs'!A:AG,14,),TODAY()) -> 46115 | W361: =_xlfn.IFNA(+VLOOKUP(A361,'Date Calcs'!A:AG,16,),TODAY()) -> 46115 | X361: =_xlfn.IFNA(IF(C361=0,VLOOKUP(A361,'Date Calcs'!A:AG,8,),IF(C361=1,VLOOKUP(A361,'Date Calcs'!A:AG,10,),IF(C361=2,VLOOKUP(A361,'Date Calcs'!A:AG,12,),IF(C361=3,VLOOKUP(A361,'Date Calcs'!A:AG,14,),4)))),TODAY()) -> 46115 | Y361: =_xlfn.IFNA(IF(X361=4,W361,X361),TODAY()) -> 46115 | Z361: =_xlfn.IFNA(Y361+(VLOOKUP(A361,'Date Calcs'!A:W,22,0)*7),TODAY()) -> 46115

Sheet Cust Dwg Return
A1: Drawing Return From Customer
F2: On Track
F3: At Risk
F4: Late | I4: Blanks only | J4: Blanks only
A5: Job # | B5: Customer | C5: Rev. | D5: Target | E5: Actual | F5: Days +/- | G5: Status | I5: Returned | J5: Approved
A6: ='Drawing Submittal'!A6 -> 24-046 | B6: =_xlfn.IFNA(VLOOKUP(A6,'Date Calcs'!A:AG,2,),"") -> SYMS Engineering | C6: =_xlfn.IFNA(VLOOKUP(A6,'Actual Dates'!A:AE,6,),"") -> 3 | D6: =IF(C6=" "," ",IF(C6=0,VLOOKUP(A6,'Date Calcs'!A:AG,9,),IF(C6=1,VLOOKUP(A6,'Date Calcs'!A:AG,11,),IF(C6=2,VLOOKUP(A6,'Date Calcs'!A:AG,13,),IF(C6=3,VLOOKUP(A6,'Date Calcs'!A:AG,15,),4))))) -> 45882 | E6: =IF(_xlfn.IFNA(IF(D6=" "," ",VLOOKUP(A6,'Actual Dates'!A:AE,20,0)),"")<1,"-",_xlfn.IFNA(IF(D6=" "," ",VLOOKUP(A6,'Actual Dates'!A:AE,20,0)),"")) -> 45883 | F6: =IFERROR(IF(A6="","",D6-Date!$B$3),"") -> -233 | I6: =IF(C6=0,IF(VLOOKUP(A6,Dates,9,)>0,1," "),IF(C6=1,IF(VLOOKUP(A6,Dates,11,)>0,1," "),IF(C6=2,IF(VLOOKUP(A6,Dates,13,)>0,1," "),IF(C6=3,IF(VLOOKUP(A6,Dates,15,)>0,1," "))))) -> 1 | J6: =VLOOKUP(A6,Dates,7,) -> y
A7: ='Drawing Submittal'!A7 -> 25-010 | B7: =_xlfn.IFNA(VLOOKUP(A7,'Date Calcs'!A:AG,2,),"") -> Kimberly Clark | C7: =_xlfn.IFNA(VLOOKUP(A7,'Actual Dates'!A:AE,6,),"") -> 2 | D7: =IF(C7=" "," ",IF(C7=0,VLOOKUP(A7,'Date Calcs'!A:AG,9,),IF(C7=1,VLOOKUP(A7,'Date Calcs'!A:AG,11,),IF(C7=2,VLOOKUP(A7,'Date Calcs'!A:AG,13,),IF(C7=3,VLOOKUP(A7,'Date Calcs'!A:AG,15,),4))))) -> 45904 | E7: =IF(_xlfn.IFNA(IF(D7=" "," ",VLOOKUP(A7,'Actual Dates'!A:AE,20,0)),"")<1,"-",_xlfn.IFNA(IF(D7=" "," ",VLOOKUP(A7,'Actual Dates'!A:AE,20,0)),"")) -> 45897 | F7: =IFERROR(IF(A7="","",D7-Date!$B$3),"") -> -211 | I7: =IF(C7=0,IF(VLOOKUP(A7,Dates,9,)>0,1," "),IF(C7=1,IF(VLOOKUP(A7,Dates,11,)>0,1," "),IF(C7=2,IF(VLOOKUP(A7,Dates,13,)>0,1," "),IF(C7=3,IF(VLOOKUP(A7,Dates,15,)>0,1," "))))) | J7: =VLOOKUP(A7,Dates,7,) -> y
A8: ='Drawing Submittal'!A8 -> 25-011 | B8: =_xlfn.IFNA(VLOOKUP(A8,'Date Calcs'!A:AG,2,),"") -> Kimberly Clark | C8: =_xlfn.IFNA(VLOOKUP(A8,'Actual Dates'!A:AE,6,),"") -> 2 | D8: =IF(C8=" "," ",IF(C8=0,VLOOKUP(A8,'Date Calcs'!A:AG,9,),IF(C8=1,VLOOKUP(A8,'Date Calcs'!A:AG,11,),IF(C8=2,VLOOKUP(A8,'Date Calcs'!A:AG,13,),IF(C8=3,VLOOKUP(A8,'Date Calcs'!A:AG,15,),4))))) -> 45911 | E8: =IF(_xlfn.IFNA(IF(D8=" "," ",VLOOKUP(A8,'Actual Dates'!A:AE,20,0)),"")<1,"-",_xlfn.IFNA(IF(D8=" "," ",VLOOKUP(A8,'Actual Dates'!A:AE,20,0)),"")) -> 45904 | F8: =IFERROR(IF(A8="","",D8-Date!$B$3),"") -> -204 | I8: =IF(C8=0,IF(VLOOKUP(A8,Dates,9,)>0,1," "),IF(C8=1,IF(VLOOKUP(A8,Dates,11,)>0,1," "),IF(C8=2,IF(VLOOKUP(A8,Dates,13,)>0,1," "),IF(C8=3,IF(VLOOKUP(A8,Dates,15,)>0,1," "))))) | J8: =VLOOKUP(A8,Dates,7,) -> y
A9: ='Drawing Submittal'!A9 -> 25-012 | B9: =_xlfn.IFNA(VLOOKUP(A9,'Date Calcs'!A:AG,2,),"") -> Kimberly Clark | C9: =_xlfn.IFNA(VLOOKUP(A9,'Actual Dates'!A:AE,6,),"") -> 2 | D9: =IF(C9=" "," ",IF(C9=0,VLOOKUP(A9,'Date Calcs'!A:AG,9,),IF(C9=1,VLOOKUP(A9,'Date Calcs'!A:AG,11,),IF(C9=2,VLOOKUP(A9,'Date Calcs'!A:AG,13,),IF(C9=3,VLOOKUP(A9,'Date Calcs'!A:AG,15,),4))))) -> 45911 | E9: =IF(_xlfn.IFNA(IF(D9=" "," ",VLOOKUP(A9,'Actual Dates'!A:AE,20,0)),"")<1,"-",_xlfn.IFNA(IF(D9=" "," ",VLOOKUP(A9,'Actual Dates'!A:AE,20,0)),"")) -> 45904 | F9: =IFERROR(IF(A9="","",D9-Date!$B$3),"") -> -204 | I9: =IF(C9=0,IF(VLOOKUP(A9,Dates,9,)>0,1," "),IF(C9=1,IF(VLOOKUP(A9,Dates,11,)>0,1," "),IF(C9=2,IF(VLOOKUP(A9,Dates,13,)>0,1," "),IF(C9=3,IF(VLOOKUP(A9,Dates,15,)>0,1," "))))) | J9: =VLOOKUP(A9,Dates,7,) -> y
A10: ='Drawing Submittal'!A10 -> 25-013 | B10: =_xlfn.IFNA(VLOOKUP(A10,'Date Calcs'!A:AG,2,),"") -> Kimberly Clark | C10: =_xlfn.IFNA(VLOOKUP(A10,'Actual Dates'!A:AE,6,),"") -> 1 | D10: =IF(C10=" "," ",IF(C10=0,VLOOKUP(A10,'Date Calcs'!A:AG,9,),IF(C10=1,VLOOKUP(A10,'Date Calcs'!A:AG,11,),IF(C10=2,VLOOKUP(A10,'Date Calcs'!A:AG,13,),IF(C10=3,VLOOKUP(A10,'Date Calcs'!A:AG,15,),4))))) -> 45819 | E10: =IF(_xlfn.IFNA(IF(D10=" "," ",VLOOKUP(A10,'Actual Dates'!A:AE,20,0)),"")<1,"-",_xlfn.IFNA(IF(D10=" "," ",VLOOKUP(A10,'Actual Dates'!A:AE,20,0)),"")) -> 45904 | F10: =IFERROR(IF(A10="","",D10-Date!$B$3),"") -> -296 | I10: =IF(C10=0,IF(VLOOKUP(A10,Dates,9,)>0,1," "),IF(C10=1,IF(VLOOKUP(A10,Dates,11,)>0,1," "),IF(C10=2,IF(VLOOKUP(A10,Dates,13,)>0,1," "),IF(C10=3,IF(VLOOKUP(A10,Dates,15,)>0,1," "))))) | J10: =VLOOKUP(A10,Dates,7,) -> y
A11: ='Drawing Submittal'!A11 -> 25-014 | B11: =_xlfn.IFNA(VLOOKUP(A11,'Date Calcs'!A:AG,2,),"") -> Kimberly Clark | C11: =_xlfn.IFNA(VLOOKUP(A11,'Actual Dates'!A:AE,6,),"") -> 1 | D11: =IF(C11=" "," ",IF(C11=0,VLOOKUP(A11,'Date Calcs'!A:AG,9,),IF(C11=1,VLOOKUP(A11,'Date Calcs'!A:AG,11,),IF(C11=2,VLOOKUP(A11,'Date Calcs'!A:AG,13,),IF(C11=3,VLOOKUP(A11,'Date Calcs'!A:AG,15,),4))))) -> 45812 | E11: =IF(_xlfn.IFNA(IF(D11=" "," ",VLOOKUP(A11,'Actual Dates'!A:AE,20,0)),"")<1,"-",_xlfn.IFNA(IF(D11=" "," ",VLOOKUP(A11,'Actual Dates'!A:AE,20,0)),"")) -> 45805 | F11: =IFERROR(IF(A11="","",D11-Date!$B$3),"") -> -303 | I11: =IF(C11=0,IF(VLOOKUP(A11,Dates,9,)>0,1," "),IF(C11=1,IF(VLOOKUP(A11,Dates,11,)>0,1," "),IF(C11=2,IF(VLOOKUP(A11,Dates,13,)>0,1," "),IF(C11=3,IF(VLOOKUP(A11,Dates,15,)>0,1," "))))) | J11: =VLOOKUP(A11,Dates,7,) -> y
A12: ='Drawing Submittal'!A12 -> 25-015 | B12: =_xlfn.IFNA(VLOOKUP(A12,'Date Calcs'!A:AG,2,),"") -> Kimberly Clark | C12: =_xlfn.IFNA(VLOOKUP(A12,'Actual Dates'!A:AE,6,),"") -> 1 | D12: =IF(C12=" "," ",IF(C12=0,VLOOKUP(A12,'Date Calcs'!A:AG,9,),IF(C12=1,VLOOKUP(A12,'Date Calcs'!A:AG,11,),IF(C12=2,VLOOKUP(A12,'Date Calcs'!A:AG,13,),IF(C12=3,VLOOKUP(A12,'Date Calcs'!A:AG,15,),4))))) -> 45812 | E12: =IF(_xlfn.IFNA(IF(D12=" "," ",VLOOKUP(A12,'Actual Dates'!A:AE,20,0)),"")<1,"-",_xlfn.IFNA(IF(D12=" "," ",VLOOKUP(A12,'Actual Dates'!A:AE,20,0)),"")) -> 45805 | F12: =IFERROR(IF(A12="","",D12-Date!$B$3),"") -> -303 | I12: =IF(C12=0,IF(VLOOKUP(A12,Dates,9,)>0,1," "),IF(C12=1,IF(VLOOKUP(A12,Dates,11,)>0,1," "),IF(C12=2,IF(VLOOKUP(A12,Dates,13,)>0,1," "),IF(C12=3,IF(VLOOKUP(A12,Dates,15,)>0,1," "))))) | J12: =VLOOKUP(A12,Dates,7,) -> y
A13: ='Drawing Submittal'!A13 -> 25-016 | B13: =_xlfn.IFNA(VLOOKUP(A13,'Date Calcs'!A:AG,2,),"") -> Kimberly Clark | C13: =_xlfn.IFNA(VLOOKUP(A13,'Actual Dates'!A:AE,6,),"") -> 1 | D13: =IF(C13=" "," ",IF(C13=0,VLOOKUP(A13,'Date Calcs'!A:AG,9,),IF(C13=1,VLOOKUP(A13,'Date Calcs'!A:AG,11,),IF(C13=2,VLOOKUP(A13,'Date Calcs'!A:AG,13,),IF(C13=3,VLOOKUP(A13,'Date Calcs'!A:AG,15,),4))))) -> 45812 | E13: =IF(_xlfn.IFNA(IF(D13=" "," ",VLOOKUP(A13,'Actual Dates'!A:AE,20,0)),"")<1,"-",_xlfn.IFNA(IF(D13=" "," ",VLOOKUP(A13,'Actual Dates'!A:AE,20,0)),"")) -> 45805 | F13: =IFERROR(IF(A13="","",D13-Date!$B$3),"") -> -303 | I13: =IF(C13=0,IF(VLOOKUP(A13,Dates,9,)>0,1," "),IF(C13=1,IF(VLOOKUP(A13,Dates,11,)>0,1," "),IF(C13=2,IF(VLOOKUP(A13,Dates,13,)>0,1," "),IF(C13=3,IF(VLOOKUP(A13,Dates,15,)>0,1," "))))) | J13: =VLOOKUP(A13,Dates,7,) -> y
A14: ='Drawing Submittal'!A14 -> 25-017 | B14: =_xlfn.IFNA(VLOOKUP(A14,'Date Calcs'!A:AG,2,),"") -> Kimberly Clark | C14: =_xlfn.IFNA(VLOOKUP(A14,'Actual Dates'!A:AE,6,),"") -> 1 | D14: =IF(C14=" "," ",IF(C14=0,VLOOKUP(A14,'Date Calcs'!A:AG,9,),IF(C14=1,VLOOKUP(A14,'Date Calcs'!A:AG,11,),IF(C14=2,VLOOKUP(A14,'Date Calcs'!A:AG,13,),IF(C14=3,VLOOKUP(A14,'Date Calcs'!A:AG,15,),4))))) -> 45776 | E14: =IF(_xlfn.IFNA(IF(D14=" "," ",VLOOKUP(A14,'Actual Dates'!A:AE,20,0)),"")<1,"-",_xlfn.IFNA(IF(D14=" "," ",VLOOKUP(A14,'Actual Dates'!A:AE,20,0)),"")) -> 45769 | F14: =IFERROR(IF(A14="","",D14-Date!$B$3),"") -> -339 | I14: =IF(C14=0,IF(VLOOKUP(A14,Dates,9,)>0,1," "),IF(C14=1,IF(VLOOKUP(A14,Dates,11,)>0,1," "),IF(C14=2,IF(VLOOKUP(A14,Dates,13,)>0,1," "),IF(C14=3,IF(VLOOKUP(A14,Dates,15,)>0,1," "))))) | J14: =VLOOKUP(A14,Dates,7,) -> y
A15: ='Drawing Submittal'!A15 -> 25-018 | B15: =_xlfn.IFNA(VLOOKUP(A15,'Date Calcs'!A:AG,2,),"") -> Kimberly Clark | C15: =_xlfn.IFNA(VLOOKUP(A15,'Actual Dates'!A:AE,6,),"") -> 2 | D15: =IF(C15=" "," ",IF(C15=0,VLOOKUP(A15,'Date Calcs'!A:AG,9,),IF(C15=1,VLOOKUP(A15,'Date Calcs'!A:AG,11,),IF(C15=2,VLOOKUP(A15,'Date Calcs'!A:AG,13,),IF(C15=3,VLOOKUP(A15,'Date Calcs'!A:AG,15,),4))))) -> 45912 | E15: =IF(_xlfn.IFNA(IF(D15=" "," ",VLOOKUP(A15,'Actual Dates'!A:AE,20,0)),"")<1,"-",_xlfn.IFNA(IF(D15=" "," ",VLOOKUP(A15,'Actual Dates'!A:AE,20,0)),"")) -> 45905 | F15: =IFERROR(IF(A15="","",D15-Date!$B$3),"") -> -203 | I15: =IF(C15=0,IF(VLOOKUP(A15,Dates,9,)>0,1," "),IF(C15=1,IF(VLOOKUP(A15,Dates,11,)>0,1," "),IF(C15=2,IF(VLOOKUP(A15,Dates,13,)>0,1," "),IF(C15=3,IF(VLOOKUP(A15,Dates,15,)>0,1," "))))) | J15: =VLOOKUP(A15,Dates,7,) -> y
A16: ='Drawing Submittal'!A16 -> 25-019 | B16: =_xlfn.IFNA(VLOOKUP(A16,'Date Calcs'!A:AG,2,),"") -> Kimberly Clark | C16: =_xlfn.IFNA(VLOOKUP(A16,'Actual Dates'!A:AE,6,),"") -> 2 | D16: =IF(C16=" "," ",IF(C16=0,VLOOKUP(A16,'Date Calcs'!A:AG,9,),IF(C16=1,VLOOKUP(A16,'Date Calcs'!A:AG,11,),IF(C16=2,VLOOKUP(A16,'Date Calcs'!A:AG,13,),IF(C16=3,VLOOKUP(A16,'Date Calcs'!A:AG,15,),4))))) -> 45912 | E16: =IF(_xlfn.IFNA(IF(D16=" "," ",VLOOKUP(A16,'Actual Dates'!A:AE,20,0)),"")<1,"-",_xlfn.IFNA(IF(D16=" "," ",VLOOKUP(A16,'Actual Dates'!A:AE,20,0)),"")) -> 45905 | F16: =IFERROR(IF(A16="","",D16-Date!$B$3),"") -> -203 | I16: =IF(C16=0,IF(VLOOKUP(A16,Dates,9,)>0,1," "),IF(C16=1,IF(VLOOKUP(A16,Dates,11,)>0,1," "),IF(C16=2,IF(VLOOKUP(A16,Dates,13,)>0,1," "),IF(C16=3,IF(VLOOKUP(A16,Dates,15,)>0,1," "))))) | J16: =VLOOKUP(A16,Dates,7,) -> y
A17: ='Drawing Submittal'!A17 -> 25-020 | B17: =_xlfn.IFNA(VLOOKUP(A17,'Date Calcs'!A:AG,2,),"") -> Kimberly Clark | C17: =_xlfn.IFNA(VLOOKUP(A17,'Actual Dates'!A:AE,6,),"") -> 3 | D17: =IF(C17=" "," ",IF(C17=0,VLOOKUP(A17,'Date Calcs'!A:AG,9,),IF(C17=1,VLOOKUP(A17,'Date Calcs'!A:AG,11,),IF(C17=2,VLOOKUP(A17,'Date Calcs'!A:AG,13,),IF(C17=3,VLOOKUP(A17,'Date Calcs'!A:AG,15,),4))))) -> 45902 | E17: =IF(_xlfn.IFNA(IF(D17=" "," ",VLOOKUP(A17,'Actual Dates'!A:AE,20,0)),"")<1,"-",_xlfn.IFNA(IF(D17=" "," ",VLOOKUP(A17,'Actual Dates'!A:AE,20,0)),"")) -> 45895 | F17: =IFERROR(IF(A17="","",D17-Date!$B$3),"") -> -213 | I17: =IF(C17=0,IF(VLOOKUP(A17,Dates,9,)>0,1," "),IF(C17=1,IF(VLOOKUP(A17,Dates,11,)>0,1," "),IF(C17=2,IF(VLOOKUP(A17,Dates,13,)>0,1," "),IF(C17=3,IF(VLOOKUP(A17,Dates,15,)>0,1," "))))) | J17: =VLOOKUP(A17,Dates,7,) -> y
... A34: ='Drawing Submittal'!A34 -> 25-039 | B34: =_xlfn.IFNA(VLOOKUP(A34,'Date Calcs'!A:AG,2,),"") -> Zachry | C34: =_xlfn.IFNA(VLOOKUP(A34,'Actual Dates'!A:AE,6,),"") -> 1 | D34: =IF(C34=" "," ",IF(C34=0,VLOOKUP(A34,'Date Calcs'!A:AG,9,),IF(C34=1,VLOOKUP(A34,'Date Calcs'!A:AG,11,),IF(C34=2,VLOOKUP(A34,'Date Calcs'!A:AG,13,),IF(C34=3,VLOOKUP(A34,'Date Calcs'!A:AG,15,),4))))) -> 45790 | E34: =IF(_xlfn.IFNA(IF(D34=" "," ",VLOOKUP(A34,'Actual Dates'!A:AE,20,0)),"")<1,"-",_xlfn.IFNA(IF(D34=" "," ",VLOOKUP(A34,'Actual Dates'!A:AE,20,0)),"")) -> 45783 | F34: =IFERROR(IF(A34="","",D34-Date!$B$3),"") -> -325 | I34: =IF(C34=0,IF(VLOOKUP(A34,Dates,9,)>0,1," "),IF(C34=1,IF(VLOOKUP(A34,Dates,11,)>0,1," "),IF(C34=2,IF(VLOOKUP(A34,Dates,13,)>0,1," "),IF(C34=3,IF(VLOOKUP(A34,Dates,15,)>0,1," "))))) | J34: =VLOOKUP(A34,Dates,7,) -> y
A35: ='Drawing Submittal'!A35 -> 25-040 | B35: =_xlfn.IFNA(VLOOKUP(A35,'Date Calcs'!A:AG,2,),"") -> NAK Kiln | C35: =_xlfn.IFNA(VLOOKUP(A35,'Actual Dates'!A:AE,6,),"") -> 1 | D35: =IF(C35=" "," ",IF(C35=0,VLOOKUP(A35,'Date Calcs'!A:AG,9,),IF(C35=1,VLOOKUP(A35,'Date Calcs'!A:AG,11,),IF(C35=2,VLOOKUP(A35,'Date Calcs'!A:AG,13,),IF(C35=3,VLOOKUP(A35,'Date Calcs'!A:AG,15,),4))))) -> 45736 | E35: =IF(_xlfn.IFNA(IF(D35=" "," ",VLOOKUP(A35,'Actual Dates'!A:AE,20,0)),"")<1,"-",_xlfn.IFNA(IF(D35=" "," ",VLOOKUP(A35,'Actual Dates'!A:AE,20,0)),"")) -> 45729 | F35: =IFERROR(IF(A35="","",D35-Date!$B$3),"") -> -379 | I35: =IF(C35=0,IF(VLOOKUP(A35,Dates,9,)>0,1," "),IF(C35=1,IF(VLOOKUP(A35,Dates,11,)>0,1," "),IF(C35=2,IF(VLOOKUP(A35,Dates,13,)>0,1," "),IF(C35=3,IF(VLOOKUP(A35,Dates,15,)>0,1," "))))) | J35: Y
A36: ='Drawing Submittal'!A36 -> 25-042 | B36: =_xlfn.IFNA(VLOOKUP(A36,'Date Calcs'!A:AG,2,),"") -> Andritz | C36: =_xlfn.IFNA(VLOOKUP(A36,'Actual Dates'!A:AE,6,),"") -> 2 | D36: =IF(C36=" "," ",IF(C36=0,VLOOKUP(A36,'Date Calcs'!A:AG,9,),IF(C36=1,VLOOKUP(A36,'Date Calcs'!A:AG,11,),IF(C36=2,VLOOKUP(A36,'Date Calcs'!A:AG,13,),IF(C36=3,VLOOKUP(A36,'Date Calcs'!A:AG,15,),4))))) -> 45806 | E36: =IF(_xlfn.IFNA(IF(D36=" "," ",VLOOKUP(A36,'Actual Dates'!A:AE,20,0)),"")<1,"-",_xlfn.IFNA(IF(D36=" "," ",VLOOKUP(A36,'Actual Dates'!A:AE,20,0)),"")) -> 45799 | F36: =IFERROR(IF(A36="","",D36-Date!$B$3),"") -> -309 | I36: =IF(C36=0,IF(VLOOKUP(A36,Dates,9,)>0,1," "),IF(C36=1,IF(VLOOKUP(A36,Dates,11,)>0,1," "),IF(C36=2,IF(VLOOKUP(A36,Dates,13,)>0,1," "),IF(C36=3,IF(VLOOKUP(A36,Dates,15,)>0,1," "))))) | J36: Y
A37: ='Drawing Submittal'!A37 -> 25-044 | B37: =_xlfn.IFNA(VLOOKUP(A37,'Date Calcs'!A:AG,2,),"") -> Noah Industrial | C37: =_xlfn.IFNA(VLOOKUP(A37,'Actual Dates'!A:AE,6,),"") -> 2 | D37: =IF(C37=" "," ",IF(C37=0,VLOOKUP(A37,'Date Calcs'!A:AG,9,),IF(C37=1,VLOOKUP(A37,'Date Calcs'!A:AG,11,),IF(C37=2,VLOOKUP(A37,'Date Calcs'!A:AG,13,),IF(C37=3,VLOOKUP(A37,'Date Calcs'!A:AG,15,),4))))) -> 45814 | E37: =IF(_xlfn.IFNA(IF(D37=" "," ",VLOOKUP(A37,'Actual Dates'!A:AE,20,0)),"")<1,"-",_xlfn.IFNA(IF(D37=" "," ",VLOOKUP(A37,'Actual Dates'!A:AE,20,0)),"")) -> 45807 | F37: =IFERROR(IF(A37="","",D37-Date!$B$3),"") -> -301 | I37: =IF(C37=0,IF(VLOOKUP(A37,Dates,9,)>0,1," "),IF(C37=1,IF(VLOOKUP(A37,Dates,11,)>0,1," "),IF(C37=2,IF(VLOOKUP(A37,Dates,13,)>0,1," "),IF(C37=3,IF(VLOOKUP(A37,Dates,15,)>0,1," "))))) | J37: Y
A38: ='Drawing Submittal'!A38 -> 25-045 | B38: =_xlfn.IFNA(VLOOKUP(A38,'Date Calcs'!A:AG,2,),"") -> ProPipe | C38: =_xlfn.IFNA(VLOOKUP(A38,'Actual Dates'!A:AE,6,),"") -> 3 | D38: =IF(C38=" "," ",IF(C38=0,VLOOKUP(A38,'Date Calcs'!A:AG,9,),IF(C38=1,VLOOKUP(A38,'Date Calcs'!A:AG,11,),IF(C38=2,VLOOKUP(A38,'Date Calcs'!A:AG,13,),IF(C38=3,VLOOKUP(A38,'Date Calcs'!A:AG,15,),4))))) -> 46029 | E38: =IF(_xlfn.IFNA(IF(D38=" "," ",VLOOKUP(A38,'Actual Dates'!A:AE,20,0)),"")<1,"-",_xlfn.IFNA(IF(D38=" "," ",VLOOKUP(A38,'Actual Dates'!A:AE,20,0)),"")) -> - | F38: =IFERROR(IF(A38="","",D38-Date!$B$3),"") -> -86 | I38: =IF(C38=0,IF(VLOOKUP(A38,Dates,9,)>0,1," "),IF(C38=1,IF(VLOOKUP(A38,Dates,11,)>0,1," "),IF(C38=2,IF(VLOOKUP(A38,Dates,13,)>0,1," "),IF(C38=3,IF(VLOOKUP(A38,Dates,15,)>0,1," "))))) -> 1 | J38: Y
A39: ='Drawing Submittal'!A39 -> 25-052 | B39: =_xlfn.IFNA(VLOOKUP(A39,'Date Calcs'!A:AG,2,),"") -> Kraton | C39: =_xlfn.IFNA(VLOOKUP(A39,'Actual Dates'!A:AE,6,),"") -> 3 | D39: =IF(C39=" "," ",IF(C39=0,VLOOKUP(A39,'Date Calcs'!A:AG,9,),IF(C39=1,VLOOKUP(A39,'Date Calcs'!A:AG,11,),IF(C39=2,VLOOKUP(A39,'Date Calcs'!A:AG,13,),IF(C39=3,VLOOKUP(A39,'Date Calcs'!A:AG,15,),4))))) -> 45874 | E39: =IF(_xlfn.IFNA(IF(D39=" "," ",VLOOKUP(A39,'Actual Dates'!A:AE,20,0)),"")<1,"-",_xlfn.IFNA(IF(D39=" "," ",VLOOKUP(A39,'Actual Dates'!A:AE,20,0)),"")) -> 45867 | F39: =IFERROR(IF(A39="","",D39-Date!$B$3),"") -> -241 | I39: =IF(C39=0,IF(VLOOKUP(A39,Dates,9,)>0,1," "),IF(C39=1,IF(VLOOKUP(A39,Dates,11,)>0,1," "),IF(C39=2,IF(VLOOKUP(A39,Dates,13,)>0,1," "),IF(C39=3,IF(VLOOKUP(A39,Dates,15,)>0,1," "))))) | J39: Y
A40: ='Drawing Submittal'!A40 -> 25-053 | B40: =_xlfn.IFNA(VLOOKUP(A40,'Date Calcs'!A:AG,2,),"") -> Andritz | C40: =_xlfn.IFNA(VLOOKUP(A40,'Actual Dates'!A:AE,6,),"") | D40: =IF(C40=" "," ",IF(C40=0,VLOOKUP(A40,'Date Calcs'!A:AG,9,),IF(C40=1,VLOOKUP(A40,'Date Calcs'!A:AG,11,),IF(C40=2,VLOOKUP(A40,'Date Calcs'!A:AG,13,),IF(C40=3,VLOOKUP(A40,'Date Calcs'!A:AG,15,),4))))) | E40: =IF(_xlfn.IFNA(IF(D40=" "," ",VLOOKUP(A40,'Actual Dates'!A:AE,20,0)),"")<1,"-",_xlfn.IFNA(IF(D40=" "," ",VLOOKUP(A40,'Actual Dates'!A:AE,20,0)),"")) | F40: =IFERROR(IF(A40="","",D40-Date!$B$3),"") | I40: =IF(C40=0,IF(VLOOKUP(A40,Dates,9,)>0,1," "),IF(C40=1,IF(VLOOKUP(A40,Dates,11,)>0,1," "),IF(C40=2,IF(VLOOKUP(A40,Dates,13,)>0,1," "),IF(C40=3,IF(VLOOKUP(A40,Dates,15,)>0,1," "))))) -> FALSE | J40: =VLOOKUP(A40,Dates,7,)
A41: ='Drawing Submittal'!A41 -> 25-054 | B41: =_xlfn.IFNA(VLOOKUP(A41,'Date Calcs'!A:AG,2,),"") -> Chromascape | C41: =_xlfn.IFNA(VLOOKUP(A41,'Actual Dates'!A:AE,6,),"") -> 2 | D41: =IF(C41=" "," ",IF(C41=0,VLOOKUP(A41,'Date Calcs'!A:AG,9,),IF(C41=1,VLOOKUP(A41,'Date Calcs'!A:AG,11,),IF(C41=2,VLOOKUP(A41,'Date Calcs'!A:AG,13,),IF(C41=3,VLOOKUP(A41,'Date Calcs'!A:AG,15,),4))))) -> 45862 | E41: =IF(_xlfn.IFNA(IF(D41=" "," ",VLOOKUP(A41,'Actual Dates'!A:AE,20,0)),"")<1,"-",_xlfn.IFNA(IF(D41=" "," ",VLOOKUP(A41,'Actual Dates'!A:AE,20,0)),"")) -> 45855 | F41: =IFERROR(IF(A41="","",D41-Date!$B$3),"") -> -253 | I41: =IF(C41=0,IF(VLOOKUP(A41,Dates,9,)>0,1," "),IF(C41=1,IF(VLOOKUP(A41,Dates,11,)>0,1," "),IF(C41=2,IF(VLOOKUP(A41,Dates,13,)>0,1," "),IF(C41=3,IF(VLOOKUP(A41,Dates,15,)>0,1," "))))) | J41: =VLOOKUP(A41,Dates,7,) -> y
A42: ='Drawing Submittal'!A42 -> 25-055 | B42: =_xlfn.IFNA(VLOOKUP(A42,'Date Calcs'!A:AG,2,),"") -> Airgas | C42: =_xlfn.IFNA(VLOOKUP(A42,'Actual Dates'!A:AE,6,),"") -> 1 | D42: =IF(C42=" "," ",IF(C42=0,VLOOKUP(A42,'Date Calcs'!A:AG,9,),IF(C42=1,VLOOKUP(A42,'Date Calcs'!A:AG,11,),IF(C42=2,VLOOKUP(A42,'Date Calcs'!A:AG,13,),IF(C42=3,VLOOKUP(A42,'Date Calcs'!A:AG,15,),4))))) -> 46015 | E42: =IF(_xlfn.IFNA(IF(D42=" "," ",VLOOKUP(A42,'Actual Dates'!A:AE,20,0)),"")<1,"-",_xlfn.IFNA(IF(D42=" "," ",VLOOKUP(A42,'Actual Dates'!A:AE,20,0)),"")) -> 46008 | F42: =IFERROR(IF(A42="","",D42-Date!$B$3),"") -> -100 | I42: =IF(C42=0,IF(VLOOKUP(A42,Dates,9,)>0,1," "),IF(C42=1,IF(VLOOKUP(A42,Dates,11,)>0,1," "),IF(C42=2,IF(VLOOKUP(A42,Dates,13,)>0,1," "),IF(C42=3,IF(VLOOKUP(A42,Dates,15,)>0,1," "))))) | J42: Y
A43: ='Drawing Submittal'!A43 -> 25-056 | B43: =_xlfn.IFNA(VLOOKUP(A43,'Date Calcs'!A:AG,2,),"") -> Reco | C43: =_xlfn.IFNA(VLOOKUP(A43,'Actual Dates'!A:AE,6,),"") -> 2 | D43: =IF(C43=" "," ",IF(C43=0,VLOOKUP(A43,'Date Calcs'!A:AG,9,),IF(C43=1,VLOOKUP(A43,'Date Calcs'!A:AG,11,),IF(C43=2,VLOOKUP(A43,'Date Calcs'!A:AG,13,),IF(C43=3,VLOOKUP(A43,'Date Calcs'!A:AG,15,),4))))) -> 45880 | E43: =IF(_xlfn.IFNA(IF(D43=" "," ",VLOOKUP(A43,'Actual Dates'!A:AE,20,0)),"")<1,"-",_xlfn.IFNA(IF(D43=" "," ",VLOOKUP(A43,'Actual Dates'!A:AE,20,0)),"")) -> 45873 | F43: =IFERROR(IF(A43="","",D43-Date!$B$3),"") -> -235 | I43: =IF(C43=0,IF(VLOOKUP(A43,Dates,9,)>0,1," "),IF(C43=1,IF(VLOOKUP(A43,Dates,11,)>0,1," "),IF(C43=2,IF(VLOOKUP(A43,Dates,13,)>0,1," "),IF(C43=3,IF(VLOOKUP(A43,Dates,15,)>0,1," "))))) | J43: =VLOOKUP(A43,Dates,7,) -> y
A44: ='Drawing Submittal'!A44 -> 25-057 | B44: =_xlfn.IFNA(VLOOKUP(A44,'Date Calcs'!A:AG,2,),"") -> Reco | C44: =_xlfn.IFNA(VLOOKUP(A44,'Actual Dates'!A:AE,6,),"") -> 2 | D44: =IF(C44=" "," ",IF(C44=0,VLOOKUP(A44,'Date Calcs'!A:AG,9,),IF(C44=1,VLOOKUP(A44,'Date Calcs'!A:AG,11,),IF(C44=2,VLOOKUP(A44,'Date Calcs'!A:AG,13,),IF(C44=3,VLOOKUP(A44,'Date Calcs'!A:AG,15,),4))))) -> 45880 | E44: =IF(_xlfn.IFNA(IF(D44=" "," ",VLOOKUP(A44,'Actual Dates'!A:AE,20,0)),"")<1,"-",_xlfn.IFNA(IF(D44=" "," ",VLOOKUP(A44,'Actual Dates'!A:AE,20,0)),"")) -> 45873 | F44: =IFERROR(IF(A44="","",D44-Date!$B$3),"") -> -235 | I44: =IF(C44=0,IF(VLOOKUP(A44,Dates,9,)>0,1," "),IF(C44=1,IF(VLOOKUP(A44,Dates,11,)>0,1," "),IF(C44=2,IF(VLOOKUP(A44,Dates,13,)>0,1," "),IF(C44=3,IF(VLOOKUP(A44,Dates,15,)>0,1," "))))) | J44: =VLOOKUP(A44,Dates,7,) -> y
A45: ='Drawing Submittal'!A45 -> 25-058 | B45: =_xlfn.IFNA(VLOOKUP(A45,'Date Calcs'!A:AG,2,),"") -> Reco | C45: =_xlfn.IFNA(VLOOKUP(A45,'Actual Dates'!A:AE,6,),"") -> 2 | D45: =IF(C45=" "," ",IF(C45=0,VLOOKUP(A45,'Date Calcs'!A:AG,9,),IF(C45=1,VLOOKUP(A45,'Date Calcs'!A:AG,11,),IF(C45=2,VLOOKUP(A45,'Date Calcs'!A:AG,13,),IF(C45=3,VLOOKUP(A45,'Date Calcs'!A:AG,15,),4))))) -> 45880 | E45: =IF(_xlfn.IFNA(IF(D45=" "," ",VLOOKUP(A45,'Actual Dates'!A:AE,20,0)),"")<1,"-",_xlfn.IFNA(IF(D45=" "," ",VLOOKUP(A45,'Actual Dates'!A:AE,20,0)),"")) -> 45873 | F45: =IFERROR(IF(A45="","",D45-Date!$B$3),"") -> -235 | I45: =IF(C45=0,IF(VLOOKUP(A45,Dates,9,)>0,1," "),IF(C45=1,IF(VLOOKUP(A45,Dates,11,)>0,1," "),IF(C45=2,IF(VLOOKUP(A45,Dates,13,)>0,1," "),IF(C45=3,IF(VLOOKUP(A45,Dates,15,)>0,1," "))))) | J45: =VLOOKUP(A45,Dates,7,) -> y
A46: ='Drawing Submittal'!A46 -> 25-059 | B46: =_xlfn.IFNA(VLOOKUP(A46,'Date Calcs'!A:AG,2,),"") -> Reco | C46: =_xlfn.IFNA(VLOOKUP(A46,'Actual Dates'!A:AE,6,),"") -> 2 | D46: =IF(C46=" "," ",IF(C46=0,VLOOKUP(A46,'Date Calcs'!A:AG,9,),IF(C46=1,VLOOKUP(A46,'Date Calcs'!A:AG,11,),IF(C46=2,VLOOKUP(A46,'Date Calcs'!A:AG,13,),IF(C46=3,VLOOKUP(A46,'Date Calcs'!A:AG,15,),4))))) -> 45880 | E46: =IF(_xlfn.IFNA(IF(D46=" "," ",VLOOKUP(A46,'Actual Dates'!A:AE,20,0)),"")<1,"-",_xlfn.IFNA(IF(D46=" "," ",VLOOKUP(A46,'Actual Dates'!A:AE,20,0)),"")) -> 45873 | F46: =IFERROR(IF(A46="","",D46-Date!$B$3),"") -> -235 | I46: =IF(C46=0,IF(VLOOKUP(A46,Dates,9,)>0,1," "),IF(C46=1,IF(VLOOKUP(A46,Dates,11,)>0,1," "),IF(C46=2,IF(VLOOKUP(A46,Dates,13,)>0,1," "),IF(C46=3,IF(VLOOKUP(A46,Dates,15,)>0,1," "))))) | J46: =VLOOKUP(A46,Dates,7,) -> y
A47: ='Drawing Submittal'!A47 -> 25-060 | B47: =_xlfn.IFNA(VLOOKUP(A47,'Date Calcs'!A:AG,2,),"") -> Reco | C47: =_xlfn.IFNA(VLOOKUP(A47,'Actual Dates'!A:AE,6,),"") -> 2 | D47: =IF(C47=" "," ",IF(C47=0,VLOOKUP(A47,'Date Calcs'!A:AG,9,),IF(C47=1,VLOOKUP(A47,'Date Calcs'!A:AG,11,),IF(C47=2,VLOOKUP(A47,'Date Calcs'!A:AG,13,),IF(C47=3,VLOOKUP(A47,'Date Calcs'!A:AG,15,),4))))) -> 45880 | E47: =IF(_xlfn.IFNA(IF(D47=" "," ",VLOOKUP(A47,'Actual Dates'!A:AE,20,0)),"")<1,"-",_xlfn.IFNA(IF(D47=" "," ",VLOOKUP(A47,'Actual Dates'!A:AE,20,0)),"")) -> 45873 | F47: =IFERROR(IF(A47="","",D47-Date!$B$3),"") -> -235 | I47: =IF(C47=0,IF(VLOOKUP(A47,Dates,9,)>0,1," "),IF(C47=1,IF(VLOOKUP(A47,Dates,11,)>0,1," "),IF(C47=2,IF(VLOOKUP(A47,Dates,13,)>0,1," "),IF(C47=3,IF(VLOOKUP(A47,Dates,15,)>0,1," "))))) | J47: Y
A48: ='Drawing Submittal'!A48 -> 25-061 | B48: =_xlfn.IFNA(VLOOKUP(A48,'Date Calcs'!A:AG,2,),"") -> Reco | C48: =_xlfn.IFNA(VLOOKUP(A48,'Actual Dates'!A:AE,6,),"") -> 2 | D48: =IF(C48=" "," ",IF(C48=0,VLOOKUP(A48,'Date Calcs'!A:AG,9,),IF(C48=1,VLOOKUP(A48,'Date Calcs'!A:AG,11,),IF(C48=2,VLOOKUP(A48,'Date Calcs'!A:AG,13,),IF(C48=3,VLOOKUP(A48,'Date Calcs'!A:AG,15,),4))))) -> 45880 | E48: =IF(_xlfn.IFNA(IF(D48=" "," ",VLOOKUP(A48,'Actual Dates'!A:AE,20,0)),"")<1,"-",_xlfn.IFNA(IF(D48=" "," ",VLOOKUP(A48,'Actual Dates'!A:AE,20,0)),"")) -> 45873 | F48: =IFERROR(IF(A48="","",D48-Date!$B$3),"") -> -235 | I48: =IF(C48=0,IF(VLOOKUP(A48,Dates,9,)>0,1," "),IF(C48=1,IF(VLOOKUP(A48,Dates,11,)>0,1," "),IF(C48=2,IF(VLOOKUP(A48,Dates,13,)>0,1," "),IF(C48=3,IF(VLOOKUP(A48,Dates,15,)>0,1," "))))) | J48: =VLOOKUP(A48,Dates,7,) -> y
A49: ='Drawing Submittal'!A49 -> 25-062 | B49: =_xlfn.IFNA(VLOOKUP(A49,'Date Calcs'!A:AG,2,),"") -> Reco | C49: =_xlfn.IFNA(VLOOKUP(A49,'Actual Dates'!A:AE,6,),"") -> 2 | D49: =IF(C49=" "," ",IF(C49=0,VLOOKUP(A49,'Date Calcs'!A:AG,9,),IF(C49=1,VLOOKUP(A49,'Date Calcs'!A:AG,11,),IF(C49=2,VLOOKUP(A49,'Date Calcs'!A:AG,13,),IF(C49=3,VLOOKUP(A49,'Date Calcs'!A:AG,15,),4))))) -> 45880 | E49: =IF(_xlfn.IFNA(IF(D49=" "," ",VLOOKUP(A49,'Actual Dates'!A:AE,20,0)),"")<1,"-",_xlfn.IFNA(IF(D49=" "," ",VLOOKUP(A49,'Actual Dates'!A:AE,20,0)),"")) -> 45873 | F49: =IFERROR(IF(A49="","",D49-Date!$B$3),"") -> -235 | I49: =IF(C49=0,IF(VLOOKUP(A49,Dates,9,)>0,1," "),IF(C49=1,IF(VLOOKUP(A49,Dates,11,)>0,1," "),IF(C49=2,IF(VLOOKUP(A49,Dates,13,)>0,1," "),IF(C49=3,IF(VLOOKUP(A49,Dates,15,)>0,1," "))))) | J49: =VLOOKUP(A49,Dates,7,) -> y
A50: ='Drawing Submittal'!A50 -> 25-063 | B50: =_xlfn.IFNA(VLOOKUP(A50,'Date Calcs'!A:AG,2,),"") -> Reco | C50: =_xlfn.IFNA(VLOOKUP(A50,'Actual Dates'!A:AE,6,),"") -> 2 | D50: =IF(C50=" "," ",IF(C50=0,VLOOKUP(A50,'Date Calcs'!A:AG,9,),IF(C50=1,VLOOKUP(A50,'Date Calcs'!A:AG,11,),IF(C50=2,VLOOKUP(A50,'Date Calcs'!A:AG,13,),IF(C50=3,VLOOKUP(A50,'Date Calcs'!A:AG,15,),4))))) -> 45880 | E50: =IF(_xlfn.IFNA(IF(D50=" "," ",VLOOKUP(A50,'Actual Dates'!A:AE,20,0)),"")<1,"-",_xlfn.IFNA(IF(D50=" "," ",VLOOKUP(A50,'Actual Dates'!A:AE,20,0)),"")) -> 45873 | F50: =IFERROR(IF(A50="","",D50-Date!$B$3),"") -> -235 | I50: =IF(C50=0,IF(VLOOKUP(A50,Dates,9,)>0,1," "),IF(C50=1,IF(VLOOKUP(A50,Dates,11,)>0,1," "),IF(C50=2,IF(VLOOKUP(A50,Dates,13,)>0,1," "),IF(C50=3,IF(VLOOKUP(A50,Dates,15,)>0,1," "))))) | J50: =VLOOKUP(A50,Dates,7,) -> y
A51: ='Drawing Submittal'!A51 -> 25-064 | B51: =_xlfn.IFNA(VLOOKUP(A51,'Date Calcs'!A:AG,2,),"") -> Reco | C51: =_xlfn.IFNA(VLOOKUP(A51,'Actual Dates'!A:AE,6,),"") -> 2 | D51: =IF(C51=" "," ",IF(C51=0,VLOOKUP(A51,'Date Calcs'!A:AG,9,),IF(C51=1,VLOOKUP(A51,'Date Calcs'!A:AG,11,),IF(C51=2,VLOOKUP(A51,'Date Calcs'!A:AG,13,),IF(C51=3,VLOOKUP(A51,'Date Calcs'!A:AG,15,),4))))) -> 45880 | E51: =IF(_xlfn.IFNA(IF(D51=" "," ",VLOOKUP(A51,'Actual Dates'!A:AE,20,0)),"")<1,"-",_xlfn.IFNA(IF(D51=" "," ",VLOOKUP(A51,'Actual Dates'!A:AE,20,0)),"")) -> 45873 | F51: =IFERROR(IF(A51="","",D51-Date!$B$3),"") -> -235 | I51: =IF(C51=0,IF(VLOOKUP(A51,Dates,9,)>0,1," "),IF(C51=1,IF(VLOOKUP(A51,Dates,11,)>0,1," "),IF(C51=2,IF(VLOOKUP(A51,Dates,13,)>0,1," "),IF(C51=3,IF(VLOOKUP(A51,Dates,15,)>0,1," "))))) | J51: =VLOOKUP(A51,Dates,7,) -> y
A52: ='Drawing Submittal'!A52 -> 25-065 | B52: =_xlfn.IFNA(VLOOKUP(A52,'Date Calcs'!A:AG,2,),"") -> Reco | C52: =_xlfn.IFNA(VLOOKUP(A52,'Actual Dates'!A:AE,6,),"") -> 2 | D52: =IF(C52=" "," ",IF(C52=0,VLOOKUP(A52,'Date Calcs'!A:AG,9,),IF(C52=1,VLOOKUP(A52,'Date Calcs'!A:AG,11,),IF(C52=2,VLOOKUP(A52,'Date Calcs'!A:AG,13,),IF(C52=3,VLOOKUP(A52,'Date Calcs'!A:AG,15,),4))))) -> 45880 | E52: =IF(_xlfn.IFNA(IF(D52=" "," ",VLOOKUP(A52,'Actual Dates'!A:AE,20,0)),"")<1,"-",_xlfn.IFNA(IF(D52=" "," ",VLOOKUP(A52,'Actual Dates'!A:AE,20,0)),"")) -> 45873 | F52: =IFERROR(IF(A52="","",D52-Date!$B$3),"") -> -235 | I52: =IF(C52=0,IF(VLOOKUP(A52,Dates,9,)>0,1," "),IF(C52=1,IF(VLOOKUP(A52,Dates,11,)>0,1," "),IF(C52=2,IF(VLOOKUP(A52,Dates,13,)>0,1," "),IF(C52=3,IF(VLOOKUP(A52,Dates,15,)>0,1," "))))) | J52: =VLOOKUP(A52,Dates,7,) -> y
A53: ='Drawing Submittal'!A53 -> 25-066 | B53: =_xlfn.IFNA(VLOOKUP(A53,'Date Calcs'!A:AG,2,),"") -> Reco | C53: =_xlfn.IFNA(VLOOKUP(A53,'Actual Dates'!A:AE,6,),"") -> 2 | D53: =IF(C53=" "," ",IF(C53=0,VLOOKUP(A53,'Date Calcs'!A:AG,9,),IF(C53=1,VLOOKUP(A53,'Date Calcs'!A:AG,11,),IF(C53=2,VLOOKUP(A53,'Date Calcs'!A:AG,13,),IF(C53=3,VLOOKUP(A53,'Date Calcs'!A:AG,15,),4))))) -> 45880 | E53: =IF(_xlfn.IFNA(IF(D53=" "," ",VLOOKUP(A53,'Actual Dates'!A:AE,20,0)),"")<1,"-",_xlfn.IFNA(IF(D53=" "," ",VLOOKUP(A53,'Actual Dates'!A:AE,20,0)),"")) -> 45873 | F53: =IFERROR(IF(A53="","",D53-Date!$B$3),"") -> -235 | I53: =IF(C53=0,IF(VLOOKUP(A53,Dates,9,)>0,1," "),IF(C53=1,IF(VLOOKUP(A53,Dates,11,)>0,1," "),IF(C53=2,IF(VLOOKUP(A53,Dates,13,)>0,1," "),IF(C53=3,IF(VLOOKUP(A53,Dates,15,)>0,1," "))))) | J53: =VLOOKUP(A53,Dates,7,) -> y
A54: ='Drawing Submittal'!A54 -> 25-067 | B54: =_xlfn.IFNA(VLOOKUP(A54,'Date Calcs'!A:AG,2,),"") -> Reco | C54: =_xlfn.IFNA(VLOOKUP(A54,'Actual Dates'!A:AE,6,),"") -> 2 | D54: =IF(C54=" "," ",IF(C54=0,VLOOKUP(A54,'Date Calcs'!A:AG,9,),IF(C54=1,VLOOKUP(A54,'Date Calcs'!A:AG,11,),IF(C54=2,VLOOKUP(A54,'Date Calcs'!A:AG,13,),IF(C54=3,VLOOKUP(A54,'Date Calcs'!A:AG,15,),4))))) -> 45880 | E54: =IF(_xlfn.IFNA(IF(D54=" "," ",VLOOKUP(A54,'Actual Dates'!A:AE,20,0)),"")<1,"-",_xlfn.IFNA(IF(D54=" "," ",VLOOKUP(A54,'Actual Dates'!A:AE,20,0)),"")) -> 45873 | F54: =IFERROR(IF(A54="","",D54-Date!$B$3),"") -> -235 | I54: =IF(C54=0,IF(VLOOKUP(A54,Dates,9,)>0,1," "),IF(C54=1,IF(VLOOKUP(A54,Dates,11,)>0,1," "),IF(C54=2,IF(VLOOKUP(A54,Dates,13,)>0,1," "),IF(C54=3,IF(VLOOKUP(A54,Dates,15,)>0,1," "))))) | J54: =VLOOKUP(A54,Dates,7,) -> y
A55: ='Drawing Submittal'!A55 -> 25-068 | B55: =_xlfn.IFNA(VLOOKUP(A55,'Date Calcs'!A:AG,2,),"") -> Reco | C55: =_xlfn.IFNA(VLOOKUP(A55,'Actual Dates'!A:AE,6,),"") -> 2 | D55: =IF(C55=" "," ",IF(C55=0,VLOOKUP(A55,'Date Calcs'!A:AG,9,),IF(C55=1,VLOOKUP(A55,'Date Calcs'!A:AG,11,),IF(C55=2,VLOOKUP(A55,'Date Calcs'!A:AG,13,),IF(C55=3,VLOOKUP(A55,'Date Calcs'!A:AG,15,),4))))) -> 45880 | E55: =IF(_xlfn.IFNA(IF(D55=" "," ",VLOOKUP(A55,'Actual Dates'!A:AE,20,0)),"")<1,"-",_xlfn.IFNA(IF(D55=" "," ",VLOOKUP(A55,'Actual Dates'!A:AE,20,0)),"")) -> 45873 | F55: =IFERROR(IF(A55="","",D55-Date!$B$3),"") -> -235 | I55: =IF(C55=0,IF(VLOOKUP(A55,Dates,9,)>0,1," "),IF(C55=1,IF(VLOOKUP(A55,Dates,11,)>0,1," "),IF(C55=2,IF(VLOOKUP(A55,Dates,13,)>0,1," "),IF(C55=3,IF(VLOOKUP(A55,Dates,15,)>0,1," "))))) | J55: =VLOOKUP(A55,Dates,7,) -> y
A56: ='Drawing Submittal'!A56 -> 25-069 | B56: =_xlfn.IFNA(VLOOKUP(A56,'Date Calcs'!A:AG,2,),"") -> Reco | C56: =_xlfn.IFNA(VLOOKUP(A56,'Actual Dates'!A:AE,6,),"") -> 2 | D56: =IF(C56=" "," ",IF(C56=0,VLOOKUP(A56,'Date Calcs'!A:AG,9,),IF(C56=1,VLOOKUP(A56,'Date Calcs'!A:AG,11,),IF(C56=2,VLOOKUP(A56,'Date Calcs'!A:AG,13,),IF(C56=3,VLOOKUP(A56,'Date Calcs'!A:AG,15,),4))))) -> 45880 | E56: =IF(_xlfn.IFNA(IF(D56=" "," ",VLOOKUP(A56,'Actual Dates'!A:AE,20,0)),"")<1,"-",_xlfn.IFNA(IF(D56=" "," ",VLOOKUP(A56,'Actual Dates'!A:AE,20,0)),"")) -> 45873 | F56: =IFERROR(IF(A56="","",D56-Date!$B$3),"") -> -235 | I56: =IF(C56=0,IF(VLOOKUP(A56,Dates,9,)>0,1," "),IF(C56=1,IF(VLOOKUP(A56,Dates,11,)>0,1," "),IF(C56=2,IF(VLOOKUP(A56,Dates,13,)>0,1," "),IF(C56=3,IF(VLOOKUP(A56,Dates,15,)>0,1," "))))) | J56: =VLOOKUP(A56,Dates,7,) -> y
A57: ='Drawing Submittal'!A57 -> 25-070 | B57: =_xlfn.IFNA(VLOOKUP(A57,'Date Calcs'!A:AG,2,),"") -> Reco | C57: =_xlfn.IFNA(VLOOKUP(A57,'Actual Dates'!A:AE,6,),"") -> 2 | D57: =IF(C57=" "," ",IF(C57=0,VLOOKUP(A57,'Date Calcs'!A:AG,9,),IF(C57=1,VLOOKUP(A57,'Date Calcs'!A:AG,11,),IF(C57=2,VLOOKUP(A57,'Date Calcs'!A:AG,13,),IF(C57=3,VLOOKUP(A57,'Date Calcs'!A:AG,15,),4))))) -> 45880 | E57: =IF(_xlfn.IFNA(IF(D57=" "," ",VLOOKUP(A57,'Actual Dates'!A:AE,20,0)),"")<1,"-",_xlfn.IFNA(IF(D57=" "," ",VLOOKUP(A57,'Actual Dates'!A:AE,20,0)),"")) -> 45873 | F57: =IFERROR(IF(A57="","",D57-Date!$B$3),"") -> -235 | I57: =IF(C57=0,IF(VLOOKUP(A57,Dates,9,)>0,1," "),IF(C57=1,IF(VLOOKUP(A57,Dates,11,)>0,1," "),IF(C57=2,IF(VLOOKUP(A57,Dates,13,)>0,1," "),IF(C57=3,IF(VLOOKUP(A57,Dates,15,)>0,1," "))))) | J57: =VLOOKUP(A57,Dates,7,) -> y
A58: ='Drawing Submittal'!A58 -> 25-071 | B58: =_xlfn.IFNA(VLOOKUP(A58,'Date Calcs'!A:AG,2,),"") -> Reco | C58: =_xlfn.IFNA(VLOOKUP(A58,'Actual Dates'!A:AE,6,),"") -> 2 | D58: =IF(C58=" "," ",IF(C58=0,VLOOKUP(A58,'Date Calcs'!A:AG,9,),IF(C58=1,VLOOKUP(A58,'Date Calcs'!A:AG,11,),IF(C58=2,VLOOKUP(A58,'Date Calcs'!A:AG,13,),IF(C58=3,VLOOKUP(A58,'Date Calcs'!A:AG,15,),4))))) -> 45880 | E58: =IF(_xlfn.IFNA(IF(D58=" "," ",VLOOKUP(A58,'Actual Dates'!A:AE,20,0)),"")<1,"-",_xlfn.IFNA(IF(D58=" "," ",VLOOKUP(A58,'Actual Dates'!A:AE,20,0)),"")) -> 45873 | F58: =IFERROR(IF(A58="","",D58-Date!$B$3),"") -> -235 | I58: =IF(C58=0,IF(VLOOKUP(A58,Dates,9,)>0,1," "),IF(C58=1,IF(VLOOKUP(A58,Dates,11,)>0,1," "),IF(C58=2,IF(VLOOKUP(A58,Dates,13,)>0,1," "),IF(C58=3,IF(VLOOKUP(A58,Dates,15,)>0,1," "))))) | J58: =VLOOKUP(A58,Dates,7,) -> y
A59: ='Drawing Submittal'!A59 -> 25-072 | B59: =_xlfn.IFNA(VLOOKUP(A59,'Date Calcs'!A:AG,2,),"") -> Burke Industrial | C59: =_xlfn.IFNA(VLOOKUP(A59,'Actual Dates'!A:AE,6,),"") -> 1 | D59: =IF(C59=" "," ",IF(C59=0,VLOOKUP(A59,'Date Calcs'!A:AG,9,),IF(C59=1,VLOOKUP(A59,'Date Calcs'!A:AG,11,),IF(C59=2,VLOOKUP(A59,'Date Calcs'!A:AG,13,),IF(C59=3,VLOOKUP(A59,'Date Calcs'!A:AG,15,),4))))) -> 45859 | E59: =IF(_xlfn.IFNA(IF(D59=" "," ",VLOOKUP(A59,'Actual Dates'!A:AE,20,0)),"")<1,"-",_xlfn.IFNA(IF(D59=" "," ",VLOOKUP(A59,'Actual Dates'!A:AE,20,0)),"")) -> 45852 | F59: =IFERROR(IF(A59="","",D59-Date!$B$3),"") -> -256 | I59: =IF(C59=0,IF(VLOOKUP(A59,Dates,9,)>0,1," "),IF(C59=1,IF(VLOOKUP(A59,Dates,11,)>0,1," "),IF(C59=2,IF(VLOOKUP(A59,Dates,13,)>0,1," "),IF(C59=3,IF(VLOOKUP(A59,Dates,15,)>0,1," "))))) | J59: =VLOOKUP(A59,Dates,7,) -> y
... A361: ='Drawing Submittal'!A361 -> 0 | B361: =_xlfn.IFNA(VLOOKUP(A361,'Date Calcs'!A:AG,2,),"") | C361: =_xlfn.IFNA(VLOOKUP(A361,'Actual Dates'!A:AE,6,),"") | D361: =IF(C361=" "," ",IF(C361=0,VLOOKUP(A361,'Date Calcs'!A:AG,9,),IF(C361=1,VLOOKUP(A361,'Date Calcs'!A:AG,11,),IF(C361=2,VLOOKUP(A361,'Date Calcs'!A:AG,13,),IF(C361=3,VLOOKUP(A361,'Date Calcs'!A:AG,15,),4))))) | E361: =IF(_xlfn.IFNA(IF(D361=" "," ",VLOOKUP(A361,'Actual Dates'!A:AE,20,0)),"")<1,"-",_xlfn.IFNA(IF(D361=" "," ",VLOOKUP(A361,'Actual Dates'!A:AE,20,0)),"")) | F361: =IFERROR(IF(A361="","",D361-Date!$B$3),"") | I361: =IF(C361=0,IF(VLOOKUP(A361,Dates,9,)>0,1," "),IF(C361=1,IF(VLOOKUP(A361,Dates,11,)>0,1," "),IF(C361=2,IF(VLOOKUP(A361,Dates,13,)>0,1," "),IF(C361=3,IF(VLOOKUP(A361,Dates,15,)>0,1," "))))) -> FALSE | J361: =VLOOKUP(A361,Dates,7,)

Sheet RTR v2
A1: 1 | B1: 2 | C1: 3 | D1: 4 | E1: 5 | F1: 6 | G1: 7 | H1: 8 | I1: 9 | J1: 10 | K1: 11 | L1: 12 | M1: 13 | N1: 14 | O1: 15 | P1: 16 | Q1: 17 | R1: 18 | S1: 19 | T1: 20 | U1: 21 | V1: 22 | W1: 23 | X1: 24 | Y1: 25 | Z1: 26 | AA1: 27 | AB1: 28 | AC1: 29 | AD1: 30 | AE1: 31 | AF1: 32 | AG1: 33 | AH1: 34 | AI1: 35 | AJ1: 36 | AK1: 37 | AL1: 38 | AM1: 39 | AN1: 40 | AO1: 41 | AP1: 42 | AQ1: 43 | AR1: 44 | AS1: 45 | AT1: 46 | AU1: 47 | AV1: 48 | AW1: 49
A2: Shop Release Readiness | AF2: KEY: | AG2: TIME AVAILABLE | AJ2: LATE | AL2: Within the week | AO2: 8-14 DAYS AVAILABLE
D3: Pre-Approval | K3: After Return of Approval Drawings | AH3: Release to Shop By Ship Date
A4: Job # | B4: Customer | D4: App. Prints | F4: Long lead time | H4: Prelim BOM | K4: Final Calcs | N4: Cert Dwgs | P4: Update BOM | R4: Stock Check | T4: Purch Recvd | V4: Final BOM | X4: Build Plan | Z4: Burn File | AB4: QC Checklist | AD4: Released | AF4: Drop Dead Date Week of | AG4: Drawings Certified | AH4: Build Plan | AI4: Days to go | AJ4: QC Checklist | AK4: days to go | AL4: Burn File | AM4: days to go | AN4: All MAT. On hand | AO4: Purchase vs Release | AP4: Release to Shop | AQ4: days to go | AR4: Ship Date Week Of | AS4: Difference drop dead to ship | AT4: UDR1 Form (ASME Only) | AU4: Logistics Confirmed | AV4: Actual Ship Date | AW4: COMMENTS
A5: ='Actual Dates'!A4 -> 24-046 | B5: =_xlfn.IFNA(VLOOKUP(A5,Jobs,2,),"") -> SYMS Engineering | D5: =IF(VLOOKUP($A5,Jobs,8,)>0,"Y"," ") -> Y | E5: =IF(VLOOKUP($A5,Dates,8,)>0,VLOOKUP($A5,Dates,8,)-VLOOKUP($A5,Jobs,8,)," ") -> 4 | F5: =IF(VLOOKUP($A5,Dates,16,)>0,"Y"," ") -> Y | G5: =IF(VLOOKUP($A5,Dates,16,)>0,VLOOKUP($A5,Dates,16,)-VLOOKUP($A5,Jobs,16,)," ") -> -2 | H5: =_xlfn.IFNA(IF(VLOOKUP($A11,Dates,17,)>0,"Y"," "),"") -> Y | I5: =IF(VLOOKUP($A11,Dates,17,)>0,VLOOKUP($A11,Dates,17,)-VLOOKUP($A11,Jobs,17,)," ") -> 6 | K5: =IF(VLOOKUP($A5,Dates,19,)>0,"Y"," ") -> Y | L5: =IF(VLOOKUP($A5,Dates,19,)>0,VLOOKUP($A5,Dates,19,)-VLOOKUP($A5,Jobs,19,)," ") -> 4 | M5: =IF(VLOOKUP($A5,Dates,20,)>0,VLOOKUP($A5,Dates,20,)-VLOOKUP($A5,Jobs,20,)," ") -> 3 | N5: =IF(VLOOKUP($A5,Dates,20,)>0,"Y"," ") -> Y | O5: =IF(VLOOKUP($A5,Dates,21,)>0,VLOOKUP($A5,Dates,21,)-VLOOKUP($A5,Jobs,21,)," ") -> 279 | P5: =IF(VLOOKUP($A5,Dates,22,)>0,"Y"," ") -> Y | Q5: =IF(VLOOKUP($A5,Dates,23,)>0,VLOOKUP($A5,Dates,23,)-VLOOKUP($A5,Jobs,24,)," ") -> -276 | R5: =IF(VLOOKUP($A5,Dates,23,)>0,"Y"," ") -> Y | S5: =IF(VLOOKUP($A5,Dates,24,)>0,VLOOKUP($A5,Dates,24,)-VLOOKUP($A5,Jobs,25,)," ") -> 76 | T5: =IF(VLOOKUP($A5,Dates,25,)>0,"Y"," ") -> Y | U5: =IF(VLOOKUP($A5,Dates,26,)>0,VLOOKUP($A5,Dates,26,)-VLOOKUP($A5,Jobs,26,)," ") -> 69 | V5: =IF(VLOOKUP($A5,Dates,26,)>0,"Y"," ") -> Y | W5: =IF(VLOOKUP($A5,Dates,27,)>0,VLOOKUP($A5,Dates,27,)-VLOOKUP($A5,Jobs,27,)," ") -> 87 | X5: =IF(VLOOKUP($A5,Dates,27,)>0,"Y"," ") -> Y | Y5: =IF(VLOOKUP($A5,Dates,28,)>0,VLOOKUP($A5,Dates,28,)-VLOOKUP($A5,Jobs,28,)," ") -> 81 | Z5: =IF(VLOOKUP($A5,Dates,28,)>0,"Y"," ") -> Y | AA5: =IF(VLOOKUP($A5,Dates,29,)>0,VLOOKUP($A5,Dates,29,)-VLOOKUP($A5,Jobs,29,)," ") -> 85 | AB5: =IF(VLOOKUP($A5,Dates,29,)>0,"Y"," ") -> Y | AC5: =IF(VLOOKUP($A5,Dates,30,)>0,VLOOKUP($A5,Dates,30,)-VLOOKUP($A5,Jobs,30,)," ") -> 97 | AD5: =IF(VLOOKUP($A5,Dates,30,)>0,"Y"," ") -> Y | AE5: =IF(VLOOKUP($A5,Dates,31,)>0,VLOOKUP($A5,Dates,31,)-VLOOKUP($A5,Jobs,31,)," ") | AF5: =IF(AG5="",TODAY()+(VLOOKUP(A5,'Date Calcs'!A:G,7,0)*7),VLOOKUP(A5,'Actual Dates'!A:AE,21,FALSE())) -> 46163 | AG5: =IF(VLOOKUP(A5,'Actual Dates'!A:AE,20,0)="","",VLOOKUP(A5,'Actual Dates'!A:AE,20,0)) -> 45883 | AH5: =IF($AG5="","",IF(X5="Y","DONE",VLOOKUP(A5,'Ship Date'!A:AE,27,0))) -> DONE | AI5: =IFERROR(AH5-TODAY(),0) -> 0 | AJ5: =IF($AG5="","",IF(AB5="Y","DONE",VLOOKUP(A5,'Ship Date'!A:AG,29,0))) -> DONE | AK5: =IFERROR(AJ5-TODAY(),0) -> 0 | AL5: =IF($AG5="","",IF(Z5="Y","DONE",VLOOKUP(A5,'Ship Date'!A:AI,28,0))) -> DONE | AM5: =IFERROR(AL5-TODAY(),0) -> 0 | AN5: =IF(T5="Y","DONE",VLOOKUP(A5,'Ship Date'!A:AE,25,0)) -> DONE | AO5: =IFERROR(AP5-AN5,0) -> 0 | AP5: =IF(AD5="Y","DONE",VLOOKUP(A5,'Ship Date'!A:AE,30,0)) -> DONE | AQ5: =IFERROR(AP5-TODAY(),0) -> 0 | AR5: =_xlfn.IFNA(VLOOKUP(A5,'Ship Date'!A:C,3,0),"") | AS5: =IFERROR(AF5-AR5,"") | AT5: =_xlfn.IFNA(IF(VLOOKUP(A5,'Actual Dates'!A:AF,32,0)="N/A"," ",VLOOKUP(A5,'Actual Dates'!A:AF,32,0))," ") | AV5: =IF(VLOOKUP(A5,'Actual Dates'!A:AE,31,0)="","",VLOOKUP(A5,'Actual Dates'!A:AE,31,0))
A6: ='Actual Dates'!A5 -> 25-010 | B6: =_xlfn.IFNA(VLOOKUP(A6,Jobs,2,),"") -> Kimberly Clark | D6: =_xlfn.IFNA(IF(VLOOKUP($A6,Jobs,8,)>0,"Y"," "),"") -> Y | E6: =IFERROR(IF(VLOOKUP($A6,Dates,8,)>0,VLOOKUP($A6,Dates,8,)-VLOOKUP($A6,Jobs,8,)," "),"") -> 85 | F6: =_xlfn.IFNA(IF(VLOOKUP($A6,Dates,16,)>0,"Y"," "),"") -> Y | G6: =IFERROR(IF(VLOOKUP($A6,Dates,16,)>0,VLOOKUP($A6,Dates,16,)-VLOOKUP($A6,Jobs,16,)," "),"") -> 8 | H6: =_xlfn.IFNA(IF(VLOOKUP($A12,Dates,17,)>0,"Y"," "),"") -> Y | I6: =IFERROR(IF(VLOOKUP($A12,Dates,17,)>0,VLOOKUP($A12,Dates,17,)-VLOOKUP($A12,Jobs,17,)," "),"") -> 6 | K6: =_xlfn.IFNA(IF(VLOOKUP($A6,Dates,19,)>0,"Y"," "),"") -> Y | L6: =IFERROR(IF(VLOOKUP($A6,Dates,19,)>0,VLOOKUP($A6,Dates,19,)-VLOOKUP($A6,Jobs,19,)," "),"") -> 5 | M6: =IF(VLOOKUP($A6,Dates,20,)>0,VLOOKUP($A6,Dates,20,)-VLOOKUP($A6,Jobs,20,)," ") -> 4 | N6: =_xlfn.IFNA(IF(VLOOKUP($A6,Dates,20,)>0,"Y"," "),"") -> Y | O6: =IFERROR(IF(VLOOKUP($A6,Dates,21,)>0,VLOOKUP($A6,Dates,21,)-VLOOKUP($A6,Jobs,21,)," "),"") -> 98 | P6: =_xlfn.IFNA(IF(VLOOKUP($A6,Dates,22,)>0,"Y"," "),"") -> Y | Q6: =IFERROR(IF(VLOOKUP($A6,Dates,23,)>0,VLOOKUP($A6,Dates,23,)-VLOOKUP($A6,Jobs,24,)," "),"") -> -132 | R6: =_xlfn.IFNA(IF(VLOOKUP($A6,Dates,23,)>0,"Y"," "),"") -> Y | S6: =IFERROR(IF(VLOOKUP($A6,Dates,24,)>0,VLOOKUP($A6,Dates,24,)-VLOOKUP($A6,Jobs,25,)," "),"") -> -38 | T6: =_xlfn.IFNA(IF(VLOOKUP($A6,Dates,25,)>0,"Y"," "),"") -> Y | U6: =IFERROR(IF(VLOOKUP($A6,Dates,26,)>0,VLOOKUP($A6,Dates,26,)-VLOOKUP($A6,Jobs,26,)," "),"") -> -45 | V6: =_xlfn.IFNA(IF(VLOOKUP($A6,Dates,26,)>0,"Y"," "),"") -> Y | W6: =IFERROR(IF(VLOOKUP($A6,Dates,27,)>0,VLOOKUP($A6,Dates,27,)-VLOOKUP($A6,Jobs,27,)," "),"") -> 88 | X6: =_xlfn.IFNA(IF(VLOOKUP($A6,Dates,27,)>0,"Y"," "),"") -> Y | Y6: =IFERROR(IF(VLOOKUP($A6,Dates,28,)>0,VLOOKUP($A6,Dates,28,)-VLOOKUP($A6,Jobs,28,)," "),"") -> 127 | Z6: =_xlfn.IFNA(IF(VLOOKUP($A6,Dates,28,)>0,"Y"," "),"") -> Y | AA6: =IFERROR(IF(VLOOKUP($A6,Dates,29,)>0,VLOOKUP($A6,Dates,29,)-VLOOKUP($A6,Jobs,29,)," "),"") -> -238 | AB6: =_xlfn.IFNA(IF(VLOOKUP($A6,Dates,29,)>0,"Y"," "),"") -> Y | AC6: =IFERROR(IF(VLOOKUP($A6,Dates,30,)>0,VLOOKUP($A6,Dates,30,)-VLOOKUP($A6,Jobs,30,)," "),"") -> 127 | AD6: =_xlfn.IFNA(IF(VLOOKUP($A6,Dates,30,)>0,"Y"," "),"") -> Y | AE6: =IFERROR(IF(VLOOKUP($A6,Dates,31,)>0,VLOOKUP($A6,Dates,31,)-VLOOKUP($A6,Jobs,31,)," "),"") -> 172 | AF6: =IF(AG6="",TODAY()+(VLOOKUP(A6,'Date Calcs'!A:G,7,0)*7),VLOOKUP(A6,'Actual Dates'!A:AE,21,FALSE())) -> 45995 | AG6: =_xlfn.IFNA(IF(VLOOKUP(A6,'Actual Dates'!A:AE,20,0)="","",VLOOKUP(A6,'Actual Dates'!A:AE,20,0)+(VLOOKUP(A6,'Date Calcs'!A:X,22,0)*7)),"") -> 45897 | AH6: =_xlfn.IFNA(IF($AG6="","",IF(X6="Y","DONE",VLOOKUP(A6,'Ship Date'!A:AE,27,0))),"") -> DONE | AI6: =IFERROR(AH6-TODAY(),0) -> 0 | AJ6: =_xlfn.IFNA(IF($AG6="","",IF(AB6="Y","DONE",VLOOKUP(A6,'Ship Date'!A:AG,29,0))),"") -> DONE | AK6: =IFERROR(AJ6-TODAY(),0) -> 0 | AL6: =_xlfn.IFNA(IF($AG6="","",IF(Z6="Y","DONE",VLOOKUP(A6,'Ship Date'!A:AI,28,0))),"") -> DONE | AM6: =IFERROR(AL6-TODAY(),0) -> 0 | AN6: =_xlfn.IFNA(IF(T6="Y","DONE",VLOOKUP(A6,'Ship Date'!A:AE,25,0)),"") -> DONE | AO6: =IFERROR(AP6-AN6,0) -> 0 | AP6: =_xlfn.IFNA(IF(AD6="Y","DONE",VLOOKUP(A6,'Ship Date'!A:AE,30,0)),"") -> DONE | AQ6: =IFERROR(AP6-TODAY(),0) -> 0 | AR6: =IFERROR(_xlfn.IFNA(VLOOKUP(A6,'Ship Date'!A:C,3,0),""),"") | AS6: =IFERROR(AF6-AR6,"") | AV6: =_xlfn.IFNA(IF(VLOOKUP(A6,'Actual Dates'!A:AE,31,0)="","",VLOOKUP(A6,'Actual Dates'!A:AE,31,0)),"") -> 46076
A7: ='Actual Dates'!A6 -> 25-011 | B7: =_xlfn.IFNA(VLOOKUP(A7,Jobs,2,),"") -> Kimberly Clark | D7: =_xlfn.IFNA(IF(VLOOKUP($A7,Jobs,8,)>0,"Y"," "),"") -> Y | E7: =IFERROR(IF(VLOOKUP($A7,Dates,8,)>0,VLOOKUP($A7,Dates,8,)-VLOOKUP($A7,Jobs,8,)," "),"") -> 52 | F7: =_xlfn.IFNA(IF(VLOOKUP($A7,Dates,16,)>0,"Y"," "),"") -> Y | G7: =IFERROR(IF(VLOOKUP($A7,Dates,16,)>0,VLOOKUP($A7,Dates,16,)-VLOOKUP($A7,Jobs,16,)," "),"") -> 7 | H7: =_xlfn.IFNA(IF(VLOOKUP($A13,Dates,17,)>0,"Y"," "),"") -> Y | I7: =IFERROR(IF(VLOOKUP($A13,Dates,17,)>0,VLOOKUP($A13,Dates,17,)-VLOOKUP($A13,Jobs,17,)," "),"") -> 6 | K7: =_xlfn.IFNA(IF(VLOOKUP($A7,Dates,19,)>0,"Y"," "),"") -> Y | L7: =IFERROR(IF(VLOOKUP($A7,Dates,19,)>0,VLOOKUP($A7,Dates,19,)-VLOOKUP($A7,Jobs,19,)," "),"") -> 5 | M7: =IF(VLOOKUP($A7,Dates,20,)>0,VLOOKUP($A7,Dates,20,)-VLOOKUP($A7,Jobs,20,)," ") -> 4 | N7: =_xlfn.IFNA(IF(VLOOKUP($A7,Dates,20,)>0,"Y"," "),"") -> Y | O7: =IFERROR(IF(VLOOKUP($A7,Dates,21,)>0,VLOOKUP($A7,Dates,21,)-VLOOKUP($A7,Jobs,21,)," "),"") -> 126 | P7: =_xlfn.IFNA(IF(VLOOKUP($A7,Dates,22,)>0,"Y"," "),"") -> Y | Q7: =IFERROR(IF(VLOOKUP($A7,Dates,23,)>0,VLOOKUP($A7,Dates,23,)-VLOOKUP($A7,Jobs,24,)," "),"") -> -196 | R7: =_xlfn.IFNA(IF(VLOOKUP($A7,Dates,23,)>0,"Y"," "),"") -> Y | S7: =IFERROR(IF(VLOOKUP($A7,Dates,24,)>0,VLOOKUP($A7,Dates,24,)-VLOOKUP($A7,Jobs,25,)," "),"") -> -76 | T7: =_xlfn.IFNA(IF(VLOOKUP($A7,Dates,25,)>0,"Y"," "),"") -> Y | U7: =IFERROR(IF(VLOOKUP($A7,Dates,26,)>0,VLOOKUP($A7,Dates,26,)-VLOOKUP($A7,Jobs,26,)," "),"") -> -83 | V7: =_xlfn.IFNA(IF(VLOOKUP($A7,Dates,26,)>0,"Y"," "),"") -> Y | W7: =IFERROR(IF(VLOOKUP($A7,Dates,27,)>0,VLOOKUP($A7,Dates,27,)-VLOOKUP($A7,Jobs,27,)," "),"") -> 43 | X7: =_xlfn.IFNA(IF(VLOOKUP($A7,Dates,27,)>0,"Y"," "),"") -> Y | Y7: =IFERROR(IF(VLOOKUP($A7,Dates,28,)>0,VLOOKUP($A7,Dates,28,)-VLOOKUP($A7,Jobs,28,)," "),"") | Z7: =_xlfn.IFNA(IF(VLOOKUP($A7,Dates,28,)>0,"Y"," "),"") | AA7: =IFERROR(IF(VLOOKUP($A7,Dates,29,)>0,VLOOKUP($A7,Dates,29,)-VLOOKUP($A7,Jobs,29,)," "),"") | AB7: =_xlfn.IFNA(IF(VLOOKUP($A7,Dates,29,)>0,"Y"," "),"") | AC7: =IFERROR(IF(VLOOKUP($A7,Dates,30,)>0,VLOOKUP($A7,Dates,30,)-VLOOKUP($A7,Jobs,30,)," "),"") -> 103 | AD7: =_xlfn.IFNA(IF(VLOOKUP($A7,Dates,30,)>0,"Y"," "),"") -> Y | AE7: =IFERROR(IF(VLOOKUP($A7,Dates,31,)>0,VLOOKUP($A7,Dates,31,)-VLOOKUP($A7,Jobs,31,)," "),"") -> 146 | AF7: =IF(AG7="",TODAY()+(VLOOKUP(A7,'Date Calcs'!A:G,7,0)*7),VLOOKUP(A7,'Actual Dates'!A:AE,21,FALSE())) -> 46030 | AG7: =_xlfn.IFNA(IF(VLOOKUP(A7,'Actual Dates'!A:AE,20,0)="","",VLOOKUP(A7,'Actual Dates'!A:AE,20,0)+(VLOOKUP(A7,'Date Calcs'!A:X,22,0)*7)),"") -> 45904 | AH7: =_xlfn.IFNA(IF($AG7="","",IF(X7="Y","DONE",VLOOKUP(A7,'Ship Date'!A:AE,27,0))),"") -> DONE | AI7: =IFERROR(AH7-TODAY(),0) -> 0 | AJ7: =_xlfn.IFNA(IF($AG7="","",IF(AB7="Y","DONE",VLOOKUP(A7,'Ship Date'!A:AG,29,0))),"") | AK7: =IFERROR(AJ7-TODAY(),0) -> 0 | AL7: =_xlfn.IFNA(IF($AG7="","",IF(Z7="Y","DONE",VLOOKUP(A7,'Ship Date'!A:AI,28,0))),"") | AM7: =IFERROR(AL7-TODAY(),0) -> 0 | AN7: =_xlfn.IFNA(IF(T7="Y","DONE",VLOOKUP(A7,'Ship Date'!A:AE,25,0)),"") -> DONE | AO7: =IFERROR(AP7-AN7,0) -> 0 | AP7: =_xlfn.IFNA(IF(AD7="Y","DONE",VLOOKUP(A7,'Ship Date'!A:AE,30,0)),"") -> DONE | AQ7: =IFERROR(AP7-TODAY(),0) -> 0 | AR7: =IFERROR(_xlfn.IFNA(VLOOKUP(A7,'Ship Date'!A:C,3,0),""),"") | AS7: =IFERROR(AF7-AR7,"") | AV7: =_xlfn.IFNA(IF(VLOOKUP(A7,'Actual Dates'!A:AE,31,0)="","",VLOOKUP(A7,'Actual Dates'!A:AE,31,0)),"") -> 46057
A8: ='Actual Dates'!A7 -> 25-012 | B8: =_xlfn.IFNA(VLOOKUP(A8,Jobs,2,),"") -> Kimberly Clark | D8: =_xlfn.IFNA(IF(VLOOKUP($A8,Jobs,8,)>0,"Y"," "),"") -> Y | E8: =IFERROR(IF(VLOOKUP($A8,Dates,8,)>0,VLOOKUP($A8,Dates,8,)-VLOOKUP($A8,Jobs,8,)," "),"") -> 52 | F8: =_xlfn.IFNA(IF(VLOOKUP($A8,Dates,16,)>0,"Y"," "),"") -> Y | G8: =IFERROR(IF(VLOOKUP($A8,Dates,16,)>0,VLOOKUP($A8,Dates,16,)-VLOOKUP($A8,Jobs,16,)," "),"") -> 7 | H8: =_xlfn.IFNA(IF(VLOOKUP($A14,Dates,17,)>0,"Y"," "),"") -> Y | I8: =IFERROR(IF(VLOOKUP($A14,Dates,17,)>0,VLOOKUP($A14,Dates,17,)-VLOOKUP($A14,Jobs,17,)," "),"") -> 6 | K8: =_xlfn.IFNA(IF(VLOOKUP($A8,Dates,19,)>0,"Y"," "),"") -> Y | L8: =IFERROR(IF(VLOOKUP($A8,Dates,19,)>0,VLOOKUP($A8,Dates,19,)-VLOOKUP($A8,Jobs,19,)," "),"") -> 5 | M8: =IF(VLOOKUP($A8,Dates,20,)>0,VLOOKUP($A8,Dates,20,)-VLOOKUP($A8,Jobs,20,)," ") -> 4 | N8: =_xlfn.IFNA(IF(VLOOKUP($A8,Dates,20,)>0,"Y"," "),"") -> Y | O8: =IFERROR(IF(VLOOKUP($A8,Dates,21,)>0,VLOOKUP($A8,Dates,21,)-VLOOKUP($A8,Jobs,21,)," "),"") -> 126 | P8: =_xlfn.IFNA(IF(VLOOKUP($A8,Dates,22,)>0,"Y"," "),"") -> Y | Q8: =IFERROR(IF(VLOOKUP($A8,Dates,23,)>0,VLOOKUP($A8,Dates,23,)-VLOOKUP($A8,Jobs,24,)," "),"") -> -192 | R8: =_xlfn.IFNA(IF(VLOOKUP($A8,Dates,23,)>0,"Y"," "),"") -> Y | S8: =IFERROR(IF(VLOOKUP($A8,Dates,24,)>0,VLOOKUP($A8,Dates,24,)-VLOOKUP($A8,Jobs,25,)," "),"") -> -72 | T8: =_xlfn.IFNA(IF(VLOOKUP($A8,Dates,25,)>0,"Y"," "),"") -> Y | U8: =IFERROR(IF(VLOOKUP($A8,Dates,26,)>0,VLOOKUP($A8,Dates,26,)-VLOOKUP($A8,Jobs,26,)," "),"") -> -79 | V8: =_xlfn.IFNA(IF(VLOOKUP($A8,Dates,26,)>0,"Y"," "),"") -> Y | W8: =IFERROR(IF(VLOOKUP($A8,Dates,27,)>0,VLOOKUP($A8,Dates,27,)-VLOOKUP($A8,Jobs,27,)," "),"") -> -254 | X8: =_xlfn.IFNA(IF(VLOOKUP($A8,Dates,27,)>0,"Y"," "),"") -> Y | Y8: =IFERROR(IF(VLOOKUP($A8,Dates,28,)>0,VLOOKUP($A8,Dates,28,)-VLOOKUP($A8,Jobs,28,)," "),"") -> 82 | Z8: =_xlfn.IFNA(IF(VLOOKUP($A8,Dates,28,)>0,"Y"," "),"") -> Y | AA8: =IFERROR(IF(VLOOKUP($A8,Dates,29,)>0,VLOOKUP($A8,Dates,29,)-VLOOKUP($A8,Jobs,29,)," "),"") -> 111 | AB8: =_xlfn.IFNA(IF(VLOOKUP($A8,Dates,29,)>0,"Y"," "),"") -> Y | AC8: =IFERROR(IF(VLOOKUP($A8,Dates,30,)>0,VLOOKUP($A8,Dates,30,)-VLOOKUP($A8,Jobs,30,)," "),"") -> 111 | AD8: =_xlfn.IFNA(IF(VLOOKUP($A8,Dates,30,)>0,"Y"," "),"") -> Y | AE8: =IFERROR(IF(VLOOKUP($A8,Dates,31,)>0,VLOOKUP($A8,Dates,31,)-VLOOKUP($A8,Jobs,31,)," "),"") -> 200 | AF8: =IF(AG8="",TODAY()+(VLOOKUP(A8,'Date Calcs'!A:G,7,0)*7),VLOOKUP(A8,'Actual Dates'!A:AE,21,FALSE())) -> 46030 | AG8: =IF(VLOOKUP(A8,'Actual Dates'!A:AE,20,0)="","",VLOOKUP(A8,'Actual Dates'!A:AE,20,0)) -> 45904 | AH8: =_xlfn.IFNA(IF($AG8="","",IF(X8="Y","DONE",VLOOKUP(A8,'Ship Date'!A:AE,27,0))),"") -> DONE | AI8: =IFERROR(AH8-TODAY(),0) -> 0 | AJ8: =_xlfn.IFNA(IF($AG8="","",IF(AB8="Y","DONE",VLOOKUP(A8,'Ship Date'!A:AG,29,0))),"") -> DONE | AK8: =IFERROR(AJ8-TODAY(),0) -> 0 | AL8: =_xlfn.IFNA(IF($AG8="","",IF(Z8="Y","DONE",VLOOKUP(A8,'Ship Date'!A:AI,28,0))),"") -> DONE | AM8: =IFERROR(AL8-TODAY(),0) -> 0 | AN8: =_xlfn.IFNA(IF(T8="Y","DONE",VLOOKUP(A8,'Ship Date'!A:AE,25,0)),"") -> DONE | AO8: =IFERROR(AP8-AN8,0) -> 0 | AP8: =_xlfn.IFNA(IF(AD8="Y","DONE",VLOOKUP(A8,'Ship Date'!A:AE,30,0)),"") -> DONE | AQ8: =IFERROR(AP8-TODAY(),0) -> 0 | AR8: =IFERROR(_xlfn.IFNA(VLOOKUP(A8,'Ship Date'!A:C,3,0),""),"") | AS8: =IFERROR(AF8-AR8,"") | AT8: =_xlfn.IFNA(IF(VLOOKUP(A8,'Actual Dates'!A:AF,32,0)="N/A"," ",VLOOKUP(A8,'Actual Dates'!A:AF,32,0))," ") | AU8: 46111 | AV8: =_xlfn.IFNA(IF(VLOOKUP(A8,'Actual Dates'!A:AE,31,0)="","",VLOOKUP(A8,'Actual Dates'!A:AE,31,0)),"") -> 46111
A9: ='Actual Dates'!A8 -> 25-013 | B9: =_xlfn.IFNA(VLOOKUP(A9,Jobs,2,),"") -> Kimberly Clark | D9: =_xlfn.IFNA(IF(VLOOKUP($A9,Jobs,8,)>0,"Y"," "),"") -> Y | E9: =IFERROR(IF(VLOOKUP($A9,Dates,8,)>0,VLOOKUP($A9,Dates,8,)-VLOOKUP($A9,Jobs,8,)," "),"") -> 21 | F9: =_xlfn.IFNA(IF(VLOOKUP($A9,Dates,16,)>0,"Y"," "),"") -> Y | G9: =IFERROR(IF(VLOOKUP($A9,Dates,16,)>0,VLOOKUP($A9,Dates,16,)-VLOOKUP($A9,Jobs,16,)," "),"") -> 7 | H9: =_xlfn.IFNA(IF(VLOOKUP($A15,Dates,17,)>0,"Y"," "),"") -> Y | I9: =IFERROR(IF(VLOOKUP($A15,Dates,17,)>0,VLOOKUP($A15,Dates,17,)-VLOOKUP($A15,Jobs,17,)," "),"") -> 6 | K9: =_xlfn.IFNA(IF(VLOOKUP($A9,Dates,19,)>0,"Y"," "),"") -> Y | L9: =IFERROR(IF(VLOOKUP($A9,Dates,19,)>0,VLOOKUP($A9,Dates,19,)-VLOOKUP($A9,Jobs,19,)," "),"") -> 96 | M9: =IF(VLOOKUP($A9,Dates,20,)>0,VLOOKUP($A9,Dates,20,)-VLOOKUP($A9,Jobs,20,)," ") -> 95 | N9: =_xlfn.IFNA(IF(VLOOKUP($A9,Dates,20,)>0,"Y"," "),"") -> Y | O9: =IFERROR(IF(VLOOKUP($A9,Dates,21,)>0,VLOOKUP($A9,Dates,21,)-VLOOKUP($A9,Jobs,21,)," "),"") -> 217 | P9: =_xlfn.IFNA(IF(VLOOKUP($A9,Dates,22,)>0,"Y"," "),"") -> Y | Q9: =IFERROR(IF(VLOOKUP($A9,Dates,23,)>0,VLOOKUP($A9,Dates,23,)-VLOOKUP($A9,Jobs,24,)," "),"") -> -101 | R9: =_xlfn.IFNA(IF(VLOOKUP($A9,Dates,23,)>0,"Y"," "),"") -> Y | S9: =IFERROR(IF(VLOOKUP($A9,Dates,24,)>0,VLOOKUP($A9,Dates,24,)-VLOOKUP($A9,Jobs,25,)," "),"") -> 20 | T9: =_xlfn.IFNA(IF(VLOOKUP($A9,Dates,25,)>0,"Y"," "),"") -> Y | U9: =IFERROR(IF(VLOOKUP($A9,Dates,26,)>0,VLOOKUP($A9,Dates,26,)-VLOOKUP($A9,Jobs,26,)," "),"") -> 13 | V9: =_xlfn.IFNA(IF(VLOOKUP($A9,Dates,26,)>0,"Y"," "),"") -> Y | W9: =IFERROR(IF(VLOOKUP($A9,Dates,27,)>0,VLOOKUP($A9,Dates,27,)-VLOOKUP($A9,Jobs,27,)," "),"") -> 125 | X9: =_xlfn.IFNA(IF(VLOOKUP($A9,Dates,27,)>0,"Y"," "),"") -> Y | Y9: =IFERROR(IF(VLOOKUP($A9,Dates,28,)>0,VLOOKUP($A9,Dates,28,)-VLOOKUP($A9,Jobs,28,)," "),"") -> 126 | Z9: =_xlfn.IFNA(IF(VLOOKUP($A9,Dates,28,)>0,"Y"," "),"") -> Y | AA9: =IFERROR(IF(VLOOKUP($A9,Dates,29,)>0,VLOOKUP($A9,Dates,29,)-VLOOKUP($A9,Jobs,29,)," "),"") -> 128 | AB9: =_xlfn.IFNA(IF(VLOOKUP($A9,Dates,29,)>0,"Y"," "),"") -> Y | AC9: =IFERROR(IF(VLOOKUP($A9,Dates,30,)>0,VLOOKUP($A9,Dates,30,)-VLOOKUP($A9,Jobs,30,)," "),"") -> 129 | AD9: =_xlfn.IFNA(IF(VLOOKUP($A9,Dates,30,)>0,"Y"," "),"") -> Y | AE9: =IFERROR(IF(VLOOKUP($A9,Dates,31,)>0,VLOOKUP($A9,Dates,31,)-VLOOKUP($A9,Jobs,31,)," "),"") -> 291 | AF9: =IF(AG9="",TODAY()+(VLOOKUP(A9,'Date Calcs'!A:G,7,0)*7),VLOOKUP(A9,'Actual Dates'!A:AE,21,FALSE())) -> 46030 | AG9: =IF(VLOOKUP(A9,'Actual Dates'!A:AE,20,0)="","",VLOOKUP(A9,'Actual Dates'!A:AE,20,0)) -> 45904 | AH9: =_xlfn.IFNA(IF($AG9="","",IF(X9="Y","DONE",VLOOKUP(A9,'Ship Date'!A:AE,27,0))),"") -> DONE | AI9: =IFERROR(AH9-TODAY(),0) -> 0 | AJ9: =_xlfn.IFNA(IF($AG9="","",IF(AB9="Y","DONE",VLOOKUP(A9,'Ship Date'!A:AG,29,0))),"") -> DONE | AK9: =IFERROR(AJ9-TODAY(),0) -> 0 | AL9: =_xlfn.IFNA(IF($AG9="","",IF(Z9="Y","DONE",VLOOKUP(A9,'Ship Date'!A:AI,28,0))),"") -> DONE | AM9: =IFERROR(AL9-TODAY(),0) -> 0 | AN9: =_xlfn.IFNA(IF(T9="Y","DONE",VLOOKUP(A9,'Ship Date'!A:AE,25,0)),"") -> DONE | AO9: =IFERROR(AP9-AN9,0) -> 0 | AP9: =_xlfn.IFNA(IF(AD9="Y","DONE",VLOOKUP(A9,'Ship Date'!A:AE,30,0)),"") -> DONE | AQ9: =IFERROR(AP9-TODAY(),0) -> 0 | AR9: =IFERROR(_xlfn.IFNA(VLOOKUP(A9,'Ship Date'!A:C,3,0),""),"") | AS9: =IFERROR(AF9-AR9,"") | AT9: =_xlfn.IFNA(IF(VLOOKUP(A9,'Actual Dates'!A:AF,32,0)="N/A"," ",VLOOKUP(A9,'Actual Dates'!A:AF,32,0))," ") | AU9: 46111 | AV9: =_xlfn.IFNA(IF(VLOOKUP(A9,'Actual Dates'!A:AE,31,0)="","",VLOOKUP(A9,'Actual Dates'!A:AE,31,0)),"") -> 46111
A10: ='Actual Dates'!A9 -> 25-014 | B10: =_xlfn.IFNA(VLOOKUP(A10,Jobs,2,),"") -> Kimberly Clark | D10: =_xlfn.IFNA(IF(VLOOKUP($A10,Jobs,8,)>0,"Y"," "),"") -> Y | E10: =IFERROR(IF(VLOOKUP($A10,Dates,8,)>0,VLOOKUP($A10,Dates,8,)-VLOOKUP($A10,Jobs,8,)," "),"") -> 29 | F10: =_xlfn.IFNA(IF(VLOOKUP($A10,Dates,16,)>0,"Y"," "),"") -> Y | G10: =IFERROR(IF(VLOOKUP($A10,Dates,16,)>0,VLOOKUP($A10,Dates,16,)-VLOOKUP($A10,Jobs,16,)," "),"") -> 7 | H10: =_xlfn.IFNA(IF(VLOOKUP($A16,Dates,17,)>0,"Y"," "),"") -> Y | I10: =IFERROR(IF(VLOOKUP($A16,Dates,17,)>0,VLOOKUP($A16,Dates,17,)-VLOOKUP($A16,Jobs,17,)," "),"") -> 6 | K10: =_xlfn.IFNA(IF(VLOOKUP($A10,Dates,19,)>0,"Y"," "),"") -> Y | L10: =IFERROR(IF(VLOOKUP($A10,Dates,19,)>0,VLOOKUP($A10,Dates,19,)-VLOOKUP($A10,Jobs,19,)," "),"") -> 12 | M10: =IF(VLOOKUP($A10,Dates,20,)>0,VLOOKUP($A10,Dates,20,)-VLOOKUP($A10,Jobs,20,)," ") -> 11 | N10: =_xlfn.IFNA(IF(VLOOKUP($A10,Dates,20,)>0,"Y"," "),"") -> Y | O10: =IFERROR(IF(VLOOKUP($A10,Dates,21,)>0,VLOOKUP($A10,Dates,21,)-VLOOKUP($A10,Jobs,21,)," "),"") -> 133 | P10: =_xlfn.IFNA(IF(VLOOKUP($A10,Dates,22,)>0,"Y"," "),"") -> Y | Q10: =IFERROR(IF(VLOOKUP($A10,Dates,23,)>0,VLOOKUP($A10,Dates,23,)-VLOOKUP($A10,Jobs,24,)," "),"") -> -85 | R10: =_xlfn.IFNA(IF(VLOOKUP($A10,Dates,23,)>0,"Y"," "),"") -> Y | S10: =IFERROR(IF(VLOOKUP($A10,Dates,24,)>0,VLOOKUP($A10,Dates,24,)-VLOOKUP($A10,Jobs,25,)," "),"") -> 35 | T10: =_xlfn.IFNA(IF(VLOOKUP($A10,Dates,25,)>0,"Y"," "),"") -> Y | U10: =IFERROR(IF(VLOOKUP($A10,Dates,26,)>0,VLOOKUP($A10,Dates,26,)-VLOOKUP($A10,Jobs,26,)," "),"") -> 28 | V10: =_xlfn.IFNA(IF(VLOOKUP($A10,Dates,26,)>0,"Y"," "),"") -> Y | W10: =IFERROR(IF(VLOOKUP($A10,Dates,27,)>0,VLOOKUP($A10,Dates,27,)-VLOOKUP($A10,Jobs,27,)," "),"") -> 91 | X10: =_xlfn.IFNA(IF(VLOOKUP($A10,Dates,27,)>0,"Y"," "),"") -> Y | Y10: =IFERROR(IF(VLOOKUP($A10,Dates,28,)>0,VLOOKUP($A10,Dates,28,)-VLOOKUP($A10,Jobs,28,)," "),"") | Z10: =_xlfn.IFNA(IF(VLOOKUP($A10,Dates,28,)>0,"Y"," "),"") | AA10: =IFERROR(IF(VLOOKUP($A10,Dates,29,)>0,VLOOKUP($A10,Dates,29,)-VLOOKUP($A10,Jobs,29,)," "),"") | AB10: =_xlfn.IFNA(IF(VLOOKUP($A10,Dates,29,)>0,"Y"," "),"") | AC10: =IFERROR(IF(VLOOKUP($A10,Dates,30,)>0,VLOOKUP($A10,Dates,30,)-VLOOKUP($A10,Jobs,30,)," "),"") -> 90 | AD10: =_xlfn.IFNA(IF(VLOOKUP($A10,Dates,30,)>0,"Y"," "),"") -> Y | AE10: =IFERROR(IF(VLOOKUP($A10,Dates,31,)>0,VLOOKUP($A10,Dates,31,)-VLOOKUP($A10,Jobs,31,)," "),"") -> 162 | AF10: =_xlfn.IFNA(IF(AG10="",TODAY()+(VLOOKUP(A10,'Date Calcs'!A:G,7,0)*7),VLOOKUP(A10,'Actual Dates'!A:AE,21,FALSE())),"") -> 45931 | AG10: =_xlfn.IFNA(IF(VLOOKUP(A10,'Actual Dates'!A:AE,20,0)="","",VLOOKUP(A10,'Actual Dates'!A:AE,20,0)+(VLOOKUP(A10,'Date Calcs'!A:X,22,0)*7)),"") -> 45805 | AH10: =_xlfn.IFNA(IF($AG10="","",IF(X10="Y","DONE",VLOOKUP(A10,'Ship Date'!A:AE,27,0))),"") -> DONE | AI10: =IFERROR(AH10-TODAY(),0) -> 0 | AJ10: =_xlfn.IFNA(IF($AG10="","",IF(AB10="Y","DONE",VLOOKUP(A10,'Ship Date'!A:AG,29,0))),"") | AK10: =IFERROR(AJ10-TODAY(),0) -> 0 | AL10: =_xlfn.IFNA(IF($AG10="","",IF(Z10="Y","DONE",VLOOKUP(A10,'Ship Date'!A:AI,28,0))),"") | AM10: =IFERROR(AL10-TODAY(),0) -> 0 | AN10: =_xlfn.IFNA(IF(T10="Y","DONE",VLOOKUP(A10,'Ship Date'!A:AE,25,0)),"") -> DONE | AO10: =IFERROR(AP10-AN10,0) -> 0 | AP10: =_xlfn.IFNA(IF(AD10="Y","DONE",VLOOKUP(A10,'Ship Date'!A:AE,30,0)),"") -> DONE | AQ10: =IFERROR(AP10-TODAY(),0) -> 0 | AR10: =IFERROR(_xlfn.IFNA(VLOOKUP(A10,'Ship Date'!A:C,3,0),""),"") | AS10: =IFERROR(AF10-AR10,"") | AV10: =_xlfn.IFNA(IF(VLOOKUP(A10,'Actual Dates'!A:AE,31,0)="","",VLOOKUP(A10,'Actual Dates'!A:AE,31,0)),"") -> 45967
A11: ='Actual Dates'!A10 -> 25-015 | B11: =_xlfn.IFNA(VLOOKUP(A11,Jobs,2,),"") -> Kimberly Clark | D11: =_xlfn.IFNA(IF(VLOOKUP($A11,Jobs,8,)>0,"Y"," "),"") -> Y | E11: =IFERROR(IF(VLOOKUP($A11,Dates,8,)>0,VLOOKUP($A11,Dates,8,)-VLOOKUP($A11,Jobs,8,)," "),"") -> 29 | F11: =_xlfn.IFNA(IF(VLOOKUP($A11,Dates,16,)>0,"Y"," "),"") -> Y | G11: =IFERROR(IF(VLOOKUP($A11,Dates,16,)>0,VLOOKUP($A11,Dates,16,)-VLOOKUP($A11,Jobs,16,)," "),"") -> 7 | H11: =_xlfn.IFNA(IF(VLOOKUP($A17,Dates,17,)>0,"Y"," "),"") -> Y | I11: =IFERROR(IF(VLOOKUP($A17,Dates,17,)>0,VLOOKUP($A17,Dates,17,)-VLOOKUP($A17,Jobs,17,)," "),"") -> 6 | K11: =_xlfn.IFNA(IF(VLOOKUP($A11,Dates,19,)>0,"Y"," "),"") -> Y | L11: =IFERROR(IF(VLOOKUP($A11,Dates,19,)>0,VLOOKUP($A11,Dates,19,)-VLOOKUP($A11,Jobs,19,)," "),"") -> 12 | M11: =IF(VLOOKUP($A11,Dates,20,)>0,VLOOKUP($A11,Dates,20,)-VLOOKUP($A11,Jobs,20,)," ") -> 11 | N11: =_xlfn.IFNA(IF(VLOOKUP($A11,Dates,20,)>0,"Y"," "),"") -> Y | O11: =IFERROR(IF(VLOOKUP($A11,Dates,21,)>0,VLOOKUP($A11,Dates,21,)-VLOOKUP($A11,Jobs,21,)," "),"") -> 161 | P11: =_xlfn.IFNA(IF(VLOOKUP($A11,Dates,22,)>0,"Y"," "),"") -> Y | Q11: =IFERROR(IF(VLOOKUP($A11,Dates,23,)>0,VLOOKUP($A11,Dates,23,)-VLOOKUP($A11,Jobs,24,)," "),"") -> -98 | R11: =_xlfn.IFNA(IF(VLOOKUP($A11,Dates,23,)>0,"Y"," "),"") -> Y | S11: =IFERROR(IF(VLOOKUP($A11,Dates,24,)>0,VLOOKUP($A11,Dates,24,)-VLOOKUP($A11,Jobs,25,)," "),"") -> 50 | T11: =_xlfn.IFNA(IF(VLOOKUP($A11,Dates,25,)>0,"Y"," "),"") -> Y | U11: =IFERROR(IF(VLOOKUP($A11,Dates,26,)>0,VLOOKUP($A11,Dates,26,)-VLOOKUP($A11,Jobs,26,)," "),"") -> 43 | V11: =_xlfn.IFNA(IF(VLOOKUP($A11,Dates,26,)>0,"Y"," "),"") -> Y | W11: =IFERROR(IF(VLOOKUP($A11,Dates,27,)>0,VLOOKUP($A11,Dates,27,)-VLOOKUP($A11,Jobs,27,)," "),"") -> 84 | X11: =_xlfn.IFNA(IF(VLOOKUP($A11,Dates,27,)>0,"Y"," "),"") -> Y | Y11: =IFERROR(IF(VLOOKUP($A11,Dates,28,)>0,VLOOKUP($A11,Dates,28,)-VLOOKUP($A11,Jobs,28,)," "),"") | Z11: =_xlfn.IFNA(IF(VLOOKUP($A11,Dates,28,)>0,"Y"," "),"") | AA11: =IFERROR(IF(VLOOKUP($A11,Dates,29,)>0,VLOOKUP($A11,Dates,29,)-VLOOKUP($A11,Jobs,29,)," "),"") | AB11: =_xlfn.IFNA(IF(VLOOKUP($A11,Dates,29,)>0,"Y"," "),"") | AC11: =IFERROR(IF(VLOOKUP($A11,Dates,30,)>0,VLOOKUP($A11,Dates,30,)-VLOOKUP($A11,Jobs,30,)," "),"") -> 83 | AD11: =_xlfn.IFNA(IF(VLOOKUP($A11,Dates,30,)>0,"Y"," "),"") -> Y | AE11: =IFERROR(IF(VLOOKUP($A11,Dates,31,)>0,VLOOKUP($A11,Dates,31,)-VLOOKUP($A11,Jobs,31,)," "),"") -> 162 | AF11: =_xlfn.IFNA(IF(AG11="",TODAY()+(VLOOKUP(A11,'Date Calcs'!A:G,7,0)*7),VLOOKUP(A11,'Actual Dates'!A:AE,21,FALSE())),"") -> 45959 | AG11: =_xlfn.IFNA(IF(VLOOKUP(A11,'Actual Dates'!A:AE,20,0)="","",VLOOKUP(A11,'Actual Dates'!A:AE,20,0)+(VLOOKUP(A11,'Date Calcs'!A:X,22,0)*7)),"") -> 45805 | AH11: =_xlfn.IFNA(IF($AG11="","",IF(X11="Y","DONE",VLOOKUP(A11,'Ship Date'!A:AE,27,0))),"") -> DONE | AI11: =IFERROR(AH11-TODAY(),0) -> 0 | AJ11: =_xlfn.IFNA(IF($AG11="","",IF(AB11="Y","DONE",VLOOKUP(A11,'Ship Date'!A:AG,29,0))),"") | AK11: =IFERROR(AJ11-TODAY(),0) -> 0 | AL11: =_xlfn.IFNA(IF($AG11="","",IF(Z11="Y","DONE",VLOOKUP(A11,'Ship Date'!A:AI,28,0))),"") | AM11: =IFERROR(AL11-TODAY(),0) -> 0 | AN11: =_xlfn.IFNA(IF(T11="Y","DONE",VLOOKUP(A11,'Ship Date'!A:AE,25,0)),"") -> DONE | AO11: =IFERROR(AP11-AN11,0) -> 0 | AP11: =_xlfn.IFNA(IF(AD11="Y","DONE",VLOOKUP(A11,'Ship Date'!A:AE,30,0)),"") -> DONE | AQ11: =IFERROR(AP11-TODAY(),0) -> 0 | AR11: =IFERROR(_xlfn.IFNA(VLOOKUP(A11,'Ship Date'!A:C,3,0),""),"") | AS11: =IFERROR(AF11-AR11,"") | AV11: =_xlfn.IFNA(IF(VLOOKUP(A11,'Actual Dates'!A:AE,31,0)="","",VLOOKUP(A11,'Actual Dates'!A:AE,31,0)),"") -> 45967
A12: ='Actual Dates'!A11 -> 25-016 | B12: =_xlfn.IFNA(VLOOKUP(A12,Jobs,2,),"") -> Kimberly Clark | D12: =_xlfn.IFNA(IF(VLOOKUP($A12,Jobs,8,)>0,"Y"," "),"") -> Y | E12: =IFERROR(IF(VLOOKUP($A12,Dates,8,)>0,VLOOKUP($A12,Dates,8,)-VLOOKUP($A12,Jobs,8,)," "),"") -> 29 | F12: =_xlfn.IFNA(IF(VLOOKUP($A12,Dates,16,)>0,"Y"," "),"") -> Y | G12: =IFERROR(IF(VLOOKUP($A12,Dates,16,)>0,VLOOKUP($A12,Dates,16,)-VLOOKUP($A12,Jobs,16,)," "),"") -> 7 | H12: =_xlfn.IFNA(IF(VLOOKUP($A18,Dates,17,)>0,"Y"," "),"") -> Y | I12: =IFERROR(IF(VLOOKUP($A18,Dates,17,)>0,VLOOKUP($A18,Dates,17,)-VLOOKUP($A18,Jobs,17,)," "),"") -> -2 | K12: =_xlfn.IFNA(IF(VLOOKUP($A12,Dates,19,)>0,"Y"," "),"") -> Y | L12: =IFERROR(IF(VLOOKUP($A12,Dates,19,)>0,VLOOKUP($A12,Dates,19,)-VLOOKUP($A12,Jobs,19,)," "),"") -> 12 | M12: =IF(VLOOKUP($A12,Dates,20,)>0,VLOOKUP($A12,Dates,20,)-VLOOKUP($A12,Jobs,20,)," ") -> 11 | N12: =_xlfn.IFNA(IF(VLOOKUP($A12,Dates,20,)>0,"Y"," "),"") -> Y | O12: =IFERROR(IF(VLOOKUP($A12,Dates,21,)>0,VLOOKUP($A12,Dates,21,)-VLOOKUP($A12,Jobs,21,)," "),"") -> 161 | P12: =_xlfn.IFNA(IF(VLOOKUP($A12,Dates,22,)>0,"Y"," "),"") -> Y | Q12: =IFERROR(IF(VLOOKUP($A12,Dates,23,)>0,VLOOKUP($A12,Dates,23,)-VLOOKUP($A12,Jobs,24,)," "),"") -> -93 | R12: =_xlfn.IFNA(IF(VLOOKUP($A12,Dates,23,)>0,"Y"," "),"") -> Y | S12: =IFERROR(IF(VLOOKUP($A12,Dates,24,)>0,VLOOKUP($A12,Dates,24,)-VLOOKUP($A12,Jobs,25,)," "),"") -> 55 | T12: =_xlfn.IFNA(IF(VLOOKUP($A12,Dates,25,)>0,"Y"," "),"") -> Y | U12: =IFERROR(IF(VLOOKUP($A12,Dates,26,)>0,VLOOKUP($A12,Dates,26,)-VLOOKUP($A12,Jobs,26,)," "),"") -> 48 | V12: =_xlfn.IFNA(IF(VLOOKUP($A12,Dates,26,)>0,"Y"," "),"") -> Y | W12: =IFERROR(IF(VLOOKUP($A12,Dates,27,)>0,VLOOKUP($A12,Dates,27,)-VLOOKUP($A12,Jobs,27,)," "),"") -> 167 | X12: =_xlfn.IFNA(IF(VLOOKUP($A12,Dates,27,)>0,"Y"," "),"") -> Y | Y12: =IFERROR(IF(VLOOKUP($A12,Dates,28,)>0,VLOOKUP($A12,Dates,28,)-VLOOKUP($A12,Jobs,28,)," "),"") -> 182 | Z12: =_xlfn.IFNA(IF(VLOOKUP($A12,Dates,28,)>0,"Y"," "),"") -> Y | AA12: =IFERROR(IF(VLOOKUP($A12,Dates,29,)>0,VLOOKUP($A12,Dates,29,)-VLOOKUP($A12,Jobs,29,)," "),"") -> 182 | AB12: =_xlfn.IFNA(IF(VLOOKUP($A12,Dates,29,)>0,"Y"," "),"") -> Y | AC12: =IFERROR(IF(VLOOKUP($A12,Dates,30,)>0,VLOOKUP($A12,Dates,30,)-VLOOKUP($A12,Jobs,30,)," "),"") -> 182 | AD12: =_xlfn.IFNA(IF(VLOOKUP($A12,Dates,30,)>0,"Y"," "),"") -> Y | AE12: =IFERROR(IF(VLOOKUP($A12,Dates,31,)>0,VLOOKUP($A12,Dates,31,)-VLOOKUP($A12,Jobs,31,)," "),"") -> 271 | AF12: =_xlfn.IFNA(IF(AG12="",TODAY()+(VLOOKUP(A12,'Date Calcs'!A:G,7,0)*7),VLOOKUP(A12,'Actual Dates'!A:AE,21,FALSE())),"") -> 45959 | AG12: =_xlfn.IFNA(IF(VLOOKUP(A12,'Actual Dates'!A:AE,20,0)="","",VLOOKUP(A12,'Actual Dates'!A:AE,20,0)+(VLOOKUP(A12,'Date Calcs'!A:X,22,0)*7)),"") -> 45805 | AH12: =_xlfn.IFNA(IF($AG12="","",IF(X12="Y","DONE",VLOOKUP(A12,'Ship Date'!A:AE,27,0))),"") -> DONE | AI12: =IFERROR(AH12-TODAY(),0) -> 0 | AJ12: =_xlfn.IFNA(IF($AG12="","",IF(AB12="Y","DONE",VLOOKUP(A12,'Ship Date'!A:AG,29,0))),"") -> DONE | AK12: =IFERROR(AJ12-TODAY(),0) -> 0 | AL12: =_xlfn.IFNA(IF($AG12="","",IF(Z12="Y","DONE",VLOOKUP(A12,'Ship Date'!A:AI,28,0))),"") -> DONE | AM12: =IFERROR(AL12-TODAY(),0) -> 0 | AN12: =_xlfn.IFNA(IF(T12="Y","DONE",VLOOKUP(A12,'Ship Date'!A:AE,25,0)),"") -> DONE | AO12: =IFERROR(AP12-AN12,0) -> 0 | AP12: =_xlfn.IFNA(IF(AD12="Y","DONE",VLOOKUP(A12,'Ship Date'!A:AE,30,0)),"") -> DONE | AQ12: =IFERROR(AP12-TODAY(),0) -> 0 | AR12: =IFERROR(_xlfn.IFNA(VLOOKUP(A12,'Ship Date'!A:C,3,0),""),"") | AS12: =IFERROR(AF12-AR12,"") | AV12: =_xlfn.IFNA(IF(VLOOKUP(A12,'Actual Dates'!A:AE,31,0)="","",VLOOKUP(A12,'Actual Dates'!A:AE,31,0)),"") -> 46076
A13: ='Actual Dates'!A12 -> 25-017 | B13: =_xlfn.IFNA(VLOOKUP(A13,Jobs,2,),"") -> Kimberly Clark | D13: =_xlfn.IFNA(IF(VLOOKUP($A13,Jobs,8,)>0,"Y"," "),"") -> Y | E13: =IFERROR(IF(VLOOKUP($A13,Dates,8,)>0,VLOOKUP($A13,Dates,8,)-VLOOKUP($A13,Jobs,8,)," "),"") -> 6 | F13: =_xlfn.IFNA(IF(VLOOKUP($A13,Dates,16,)>0,"Y"," "),"") -> Y | G13: =IFERROR(IF(VLOOKUP($A13,Dates,16,)>0,VLOOKUP($A13,Dates,16,)-VLOOKUP($A13,Jobs,16,)," "),"") -> 7 | H13: =_xlfn.IFNA(IF(VLOOKUP($A19,Dates,17,)>0,"Y"," "),"") -> Y | I13: =IFERROR(IF(VLOOKUP($A19,Dates,17,)>0,VLOOKUP($A19,Dates,17,)-VLOOKUP($A19,Jobs,17,)," "),"") -> -2 | K13: =_xlfn.IFNA(IF(VLOOKUP($A13,Dates,19,)>0,"Y"," "),"") -> Y | L13: =IFERROR(IF(VLOOKUP($A13,Dates,19,)>0,VLOOKUP($A13,Dates,19,)-VLOOKUP($A13,Jobs,19,)," "),"") -> 13 | M13: =IF(VLOOKUP($A13,Dates,20,)>0,VLOOKUP($A13,Dates,20,)-VLOOKUP($A13,Jobs,20,)," ") -> 12 | N13: =_xlfn.IFNA(IF(VLOOKUP($A13,Dates,20,)>0,"Y"," "),"") -> Y | O13: =IFERROR(IF(VLOOKUP($A13,Dates,21,)>0,VLOOKUP($A13,Dates,21,)-VLOOKUP($A13,Jobs,21,)," "),"") -> 162 | P13: =_xlfn.IFNA(IF(VLOOKUP($A13,Dates,22,)>0,"Y"," "),"") -> Y | Q13: =IFERROR(IF(VLOOKUP($A13,Dates,23,)>0,VLOOKUP($A13,Dates,23,)-VLOOKUP($A13,Jobs,24,)," "),"") -> -55 | R13: =_xlfn.IFNA(IF(VLOOKUP($A13,Dates,23,)>0,"Y"," "),"") -> Y | S13: =IFERROR(IF(VLOOKUP($A13,Dates,24,)>0,VLOOKUP($A13,Dates,24,)-VLOOKUP($A13,Jobs,25,)," "),"") -> 93 | T13: =_xlfn.IFNA(IF(VLOOKUP($A13,Dates,25,)>0,"Y"," "),"") -> Y | U13: =IFERROR(IF(VLOOKUP($A13,Dates,26,)>0,VLOOKUP($A13,Dates,26,)-VLOOKUP($A13,Jobs,26,)," "),"") -> 86 | V13: =_xlfn.IFNA(IF(VLOOKUP($A13,Dates,26,)>0,"Y"," "),"") -> Y | W13: =IFERROR(IF(VLOOKUP($A13,Dates,27,)>0,VLOOKUP($A13,Dates,27,)-VLOOKUP($A13,Jobs,27,)," "),"") -> 155 | X13: =_xlfn.IFNA(IF(VLOOKUP($A13,Dates,27,)>0,"Y"," "),"") -> Y | Y13: =IFERROR(IF(VLOOKUP($A13,Dates,28,)>0,VLOOKUP($A13,Dates,28,)-VLOOKUP($A13,Jobs,28,)," "),"") | Z13: =_xlfn.IFNA(IF(VLOOKUP($A13,Dates,28,)>0,"Y"," "),"") | AA13: =IFERROR(IF(VLOOKUP($A13,Dates,29,)>0,VLOOKUP($A13,Dates,29,)-VLOOKUP($A13,Jobs,29,)," "),"") | AB13: =_xlfn.IFNA(IF(VLOOKUP($A13,Dates,29,)>0,"Y"," "),"") | AC13: =IFERROR(IF(VLOOKUP($A13,Dates,30,)>0,VLOOKUP($A13,Dates,30,)-VLOOKUP($A13,Jobs,30,)," "),"") -> 154 | AD13: =_xlfn.IFNA(IF(VLOOKUP($A13,Dates,30,)>0,"Y"," "),"") -> Y | AE13: =IFERROR(IF(VLOOKUP($A13,Dates,31,)>0,VLOOKUP($A13,Dates,31,)-VLOOKUP($A13,Jobs,31,)," "),"") -> 275 | AF13: =_xlfn.IFNA(IF(AG13="",TODAY()+(VLOOKUP(A13,'Date Calcs'!A:G,7,0)*7),VLOOKUP(A13,'Actual Dates'!A:AE,21,FALSE())),"") -> 45923 | AG13: =_xlfn.IFNA(IF(VLOOKUP(A13,'Actual Dates'!A:AE,20,0)="","",VLOOKUP(A13,'Actual Dates'!A:AE,20,0)+(VLOOKUP(A13,'Date Calcs'!A:X,22,0)*7)),"") -> 45769 | AH13: =_xlfn.IFNA(IF($AG13="","",IF(X13="Y","DONE",VLOOKUP(A13,'Ship Date'!A:AE,27,0))),"") -> DONE | AI13: =IFERROR(AH13-TODAY(),0) -> 0 | AJ13: =_xlfn.IFNA(IF($AG13="","",IF(AB13="Y","DONE",VLOOKUP(A13,'Ship Date'!A:AG,29,0))),"") | AK13: =IFERROR(AJ13-TODAY(),0) -> 0 | AL13: =_xlfn.IFNA(IF($AG13="","",IF(Z13="Y","DONE",VLOOKUP(A13,'Ship Date'!A:AI,28,0))),"") | AM13: =IFERROR(AL13-TODAY(),0) -> 0 | AN13: =_xlfn.IFNA(IF(T13="Y","DONE",VLOOKUP(A13,'Ship Date'!A:AE,25,0)),"") -> DONE | AO13: =IFERROR(AP13-AN13,0) -> 0 | AP13: =_xlfn.IFNA(IF(AD13="Y","DONE",VLOOKUP(A13,'Ship Date'!A:AE,30,0)),"") -> DONE | AQ13: =IFERROR(AP13-TODAY(),0) -> 0 | AR13: =IFERROR(_xlfn.IFNA(VLOOKUP(A13,'Ship Date'!A:C,3,0),""),"") | AS13: =IFERROR(AF13-AR13,"") | AV13: =_xlfn.IFNA(IF(VLOOKUP(A13,'Actual Dates'!A:AE,31,0)="","",VLOOKUP(A13,'Actual Dates'!A:AE,31,0)),"") -> 46043
A14: ='Actual Dates'!A13 -> 25-018 | B14: =_xlfn.IFNA(VLOOKUP(A14,Jobs,2,),"") -> Kimberly Clark | D14: =_xlfn.IFNA(IF(VLOOKUP($A14,Jobs,8,)>0,"Y"," "),"") -> Y | E14: =IFERROR(IF(VLOOKUP($A14,Dates,8,)>0,VLOOKUP($A14,Dates,8,)-VLOOKUP($A14,Jobs,8,)," "),"") -> 78 | F14: =_xlfn.IFNA(IF(VLOOKUP($A14,Dates,16,)>0,"Y"," "),"") -> Y | G14: =IFERROR(IF(VLOOKUP($A14,Dates,16,)>0,VLOOKUP($A14,Dates,16,)-VLOOKUP($A14,Jobs,16,)," "),"") -> 7 | H14: =_xlfn.IFNA(IF(VLOOKUP($A20,Dates,17,)>0,"Y"," "),"") -> Y | I14: =IFERROR(IF(VLOOKUP($A20,Dates,17,)>0,VLOOKUP($A20,Dates,17,)-VLOOKUP($A20,Jobs,17,)," "),"") -> 0 | K14: =_xlfn.IFNA(IF(VLOOKUP($A14,Dates,19,)>0,"Y"," "),"") -> Y | L14: =IFERROR(IF(VLOOKUP($A14,Dates,19,)>0,VLOOKUP($A14,Dates,19,)-VLOOKUP($A14,Jobs,19,)," "),"") -> 13 | M14: =IF(VLOOKUP($A14,Dates,20,)>0,VLOOKUP($A14,Dates,20,)-VLOOKUP($A14,Jobs,20,)," ") -> 12 | N14: =_xlfn.IFNA(IF(VLOOKUP($A14,Dates,20,)>0,"Y"," "),"") -> Y | O14: =IFERROR(IF(VLOOKUP($A14,Dates,21,)>0,VLOOKUP($A14,Dates,21,)-VLOOKUP($A14,Jobs,21,)," "),"") -> 162 | P14: =_xlfn.IFNA(IF(VLOOKUP($A14,Dates,22,)>0,"Y"," "),"") -> Y | Q14: =IFERROR(IF(VLOOKUP($A14,Dates,23,)>0,VLOOKUP($A14,Dates,23,)-VLOOKUP($A14,Jobs,24,)," "),"") -> -134 | R14: =_xlfn.IFNA(IF(VLOOKUP($A14,Dates,23,)>0,"Y"," "),"") -> Y | S14: =IFERROR(IF(VLOOKUP($A14,Dates,24,)>0,VLOOKUP($A14,Dates,24,)-VLOOKUP($A14,Jobs,25,)," "),"") -> 15 | T14: =_xlfn.IFNA(IF(VLOOKUP($A14,Dates,25,)>0,"Y"," "),"") -> Y | U14: =IFERROR(IF(VLOOKUP($A14,Dates,26,)>0,VLOOKUP($A14,Dates,26,)-VLOOKUP($A14,Jobs,26,)," "),"") -> 8 | V14: =_xlfn.IFNA(IF(VLOOKUP($A14,Dates,26,)>0,"Y"," "),"") -> Y | W14: =IFERROR(IF(VLOOKUP($A14,Dates,27,)>0,VLOOKUP($A14,Dates,27,)-VLOOKUP($A14,Jobs,27,)," "),"") -> 41 | X14: =_xlfn.IFNA(IF(VLOOKUP($A14,Dates,27,)>0,"Y"," "),"") -> Y | Y14: =IFERROR(IF(VLOOKUP($A14,Dates,28,)>0,VLOOKUP($A14,Dates,28,)-VLOOKUP($A14,Jobs,28,)," "),"") -> 140 | Z14: =_xlfn.IFNA(IF(VLOOKUP($A14,Dates,28,)>0,"Y"," "),"") -> Y | AA14: =IFERROR(IF(VLOOKUP($A14,Dates,29,)>0,VLOOKUP($A14,Dates,29,)-VLOOKUP($A14,Jobs,29,)," "),"") -> 139 | AB14: =_xlfn.IFNA(IF(VLOOKUP($A14,Dates,29,)>0,"Y"," "),"") -> Y | AC14: =IFERROR(IF(VLOOKUP($A14,Dates,30,)>0,VLOOKUP($A14,Dates,30,)-VLOOKUP($A14,Jobs,30,)," "),"") -> 42 | AD14: =_xlfn.IFNA(IF(VLOOKUP($A14,Dates,30,)>0,"Y"," "),"") -> Y | AE14: =IFERROR(IF(VLOOKUP($A14,Dates,31,)>0,VLOOKUP($A14,Dates,31,)-VLOOKUP($A14,Jobs,31,)," "),"") -> 193 | AF14: =_xlfn.IFNA(IF(AG14="",TODAY()+(VLOOKUP(A14,'Date Calcs'!A:G,7,0)*7),VLOOKUP(A14,'Actual Dates'!A:AE,21,FALSE())),"") -> 46059 | AG14: =IF(VLOOKUP(A14,'Actual Dates'!A:AE,20,0)="","",VLOOKUP(A14,'Actual Dates'!A:AE,20,0)) -> 45905 | AH14: =_xlfn.IFNA(IF($AG14="","",IF(X14="Y","DONE",VLOOKUP(A14,'Ship Date'!A:AE,27,0))),"") -> DONE | AI14: =IFERROR(AH14-TODAY(),0) -> 0 | AJ14: =_xlfn.IFNA(IF($AG14="","",IF(AB14="Y","DONE",VLOOKUP(A14,'Ship Date'!A:AG,29,0))),"") -> DONE | AK14: =IFERROR(AJ14-TODAY(),0) -> 0 | AL14: =_xlfn.IFNA(IF($AG14="","",IF(Z14="Y","DONE",VLOOKUP(A14,'Ship Date'!A:AI,28,0))),"") -> DONE | AM14: =IFERROR(AL14-TODAY(),0) -> 0 | AN14: =_xlfn.IFNA(IF(T14="Y","DONE",VLOOKUP(A14,'Ship Date'!A:AE,25,0)),"") -> DONE | AO14: =IFERROR(AP14-AN14,0) -> 0 | AP14: =_xlfn.IFNA(IF(AD14="Y","DONE",VLOOKUP(A14,'Ship Date'!A:AE,30,0)),"") -> DONE | AQ14: =IFERROR(AP14-TODAY(),0) -> 0 | AR14: =IFERROR(_xlfn.IFNA(VLOOKUP(A14,'Ship Date'!A:C,3,0),""),"") | AS14: =IFERROR(AF14-AR14,"") | AT14: =_xlfn.IFNA(IF(VLOOKUP(A14,'Actual Dates'!A:AF,32,0)="N/A"," ",VLOOKUP(A14,'Actual Dates'!A:AF,32,0))," ") | AU14: 46091 | AV14: =_xlfn.IFNA(IF(VLOOKUP(A14,'Actual Dates'!A:AE,31,0)="","",VLOOKUP(A14,'Actual Dates'!A:AE,31,0)),"") -> 46097
A15: ='Actual Dates'!A14 -> 25-019 | B15: =_xlfn.IFNA(VLOOKUP(A15,Jobs,2,),"") -> Kimberly Clark | D15: =_xlfn.IFNA(IF(VLOOKUP($A15,Jobs,8,)>0,"Y"," "),"") -> Y | E15: =IFERROR(IF(VLOOKUP($A15,Dates,8,)>0,VLOOKUP($A15,Dates,8,)-VLOOKUP($A15,Jobs,8,)," "),"") -> 70 | F15: =_xlfn.IFNA(IF(VLOOKUP($A15,Dates,16,)>0,"Y"," "),"") -> Y | G15: =IFERROR(IF(VLOOKUP($A15,Dates,16,)>0,VLOOKUP($A15,Dates,16,)-VLOOKUP($A15,Jobs,16,)," "),"") -> 7 | H15: =_xlfn.IFNA(IF(VLOOKUP($A21,Dates,17,)>0,"Y"," "),"") -> Y | I15: =IFERROR(IF(VLOOKUP($A21,Dates,17,)>0,VLOOKUP($A21,Dates,17,)-VLOOKUP($A21,Jobs,17,)," "),"") -> 0 | K15: =_xlfn.IFNA(IF(VLOOKUP($A15,Dates,19,)>0,"Y"," "),"") -> Y | L15: =IFERROR(IF(VLOOKUP($A15,Dates,19,)>0,VLOOKUP($A15,Dates,19,)-VLOOKUP($A15,Jobs,19,)," "),"") -> 6 | M15: =IF(VLOOKUP($A15,Dates,20,)>0,VLOOKUP($A15,Dates,20,)-VLOOKUP($A15,Jobs,20,)," ") -> 5 | N15: =_xlfn.IFNA(IF(VLOOKUP($A15,Dates,20,)>0,"Y"," "),"") -> Y | O15: =IFERROR(IF(VLOOKUP($A15,Dates,21,)>0,VLOOKUP($A15,Dates,21,)-VLOOKUP($A15,Jobs,21,)," "),"") -> 183 | P15: =_xlfn.IFNA(IF(VLOOKUP($A15,Dates,22,)>0,"Y"," "),"") -> Y | Q15: =IFERROR(IF(VLOOKUP($A15,Dates,23,)>0,VLOOKUP($A15,Dates,23,)-VLOOKUP($A15,Jobs,24,)," "),"") -> -171 | R15: =_xlfn.IFNA(IF(VLOOKUP($A15,Dates,23,)>0,"Y"," "),"") -> Y | S15: =IFERROR(IF(VLOOKUP($A15,Dates,24,)>0,VLOOKUP($A15,Dates,24,)-VLOOKUP($A15,Jobs,25,)," "),"") -> 6 | T15: =_xlfn.IFNA(IF(VLOOKUP($A15,Dates,25,)>0,"Y"," "),"") -> Y | U15: =IFERROR(IF(VLOOKUP($A15,Dates,26,)>0,VLOOKUP($A15,Dates,26,)-VLOOKUP($A15,Jobs,26,)," "),"") -> -1 | V15: =_xlfn.IFNA(IF(VLOOKUP($A15,Dates,26,)>0,"Y"," "),"") -> Y | W15: =IFERROR(IF(VLOOKUP($A15,Dates,27,)>0,VLOOKUP($A15,Dates,27,)-VLOOKUP($A15,Jobs,27,)," "),"") -> 61 | X15: =_xlfn.IFNA(IF(VLOOKUP($A15,Dates,27,)>0,"Y"," "),"") -> Y | Y15: =IFERROR(IF(VLOOKUP($A15,Dates,28,)>0,VLOOKUP($A15,Dates,28,)-VLOOKUP($A15,Jobs,28,)," "),"") -> 84 | Z15: =_xlfn.IFNA(IF(VLOOKUP($A15,Dates,28,)>0,"Y"," "),"") -> Y | AA15: =IFERROR(IF(VLOOKUP($A15,Dates,29,)>0,VLOOKUP($A15,Dates,29,)-VLOOKUP($A15,Jobs,29,)," "),"") -> 81 | AB15: =_xlfn.IFNA(IF(VLOOKUP($A15,Dates,29,)>0,"Y"," "),"") -> Y | AC15: =IFERROR(IF(VLOOKUP($A15,Dates,30,)>0,VLOOKUP($A15,Dates,30,)-VLOOKUP($A15,Jobs,30,)," "),"") -> 76 | AD15: =_xlfn.IFNA(IF(VLOOKUP($A15,Dates,30,)>0,"Y"," "),"") -> Y | AE15: =IFERROR(IF(VLOOKUP($A15,Dates,31,)>0,VLOOKUP($A15,Dates,31,)-VLOOKUP($A15,Jobs,31,)," "),"") -> 165 | AF15: =_xlfn.IFNA(IF(AG15="",TODAY()+(VLOOKUP(A15,'Date Calcs'!A:G,7,0)*7),VLOOKUP(A15,'Actual Dates'!A:AE,21,FALSE())),"") -> 46087 | AG15: =_xlfn.IFNA(IF(VLOOKUP(A15,'Actual Dates'!A:AE,20,0)="","",VLOOKUP(A15,'Actual Dates'!A:AE,20,0)+(VLOOKUP(A15,'Date Calcs'!A:X,22,0)*7)),"") -> 45905 | AH15: =_xlfn.IFNA(IF($AG15="","",IF(X15="Y","DONE",VLOOKUP(A15,'Ship Date'!A:AE,27,0))),"") -> DONE | AI15: =IFERROR(AH15-TODAY(),0) -> 0 | AJ15: =_xlfn.IFNA(IF($AG15="","",IF(AB15="Y","DONE",VLOOKUP(A15,'Ship Date'!A:AG,29,0))),"") -> DONE | AK15: =IFERROR(AJ15-TODAY(),0) -> 0 | AL15: =_xlfn.IFNA(IF($AG15="","",IF(Z15="Y","DONE",VLOOKUP(A15,'Ship Date'!A:AI,28,0))),"") -> DONE | AM15: =IFERROR(AL15-TODAY(),0) -> 0 | AN15: =_xlfn.IFNA(IF(T15="Y","DONE",VLOOKUP(A15,'Ship Date'!A:AE,25,0)),"") -> DONE | AO15: =IFERROR(AP15-AN15,0) -> 0 | AP15: =_xlfn.IFNA(IF(AD15="Y","DONE",VLOOKUP(A15,'Ship Date'!A:AE,30,0)),"") -> DONE | AQ15: =IFERROR(AP15-TODAY(),0) -> 0 | AR15: =IFERROR(_xlfn.IFNA(VLOOKUP(A15,'Ship Date'!A:C,3,0),""),"") | AS15: =IFERROR(AF15-AR15,"") | AV15: =_xlfn.IFNA(IF(VLOOKUP(A15,'Actual Dates'!A:AE,31,0)="","",VLOOKUP(A15,'Actual Dates'!A:AE,31,0)),"") -> 46076
A16: ='Actual Dates'!A15 -> 25-020 | B16: =_xlfn.IFNA(VLOOKUP(A16,Jobs,2,),"") -> Kimberly Clark | D16: =_xlfn.IFNA(IF(VLOOKUP($A16,Jobs,8,)>0,"Y"," "),"") -> Y | E16: =IFERROR(IF(VLOOKUP($A16,Dates,8,)>0,VLOOKUP($A16,Dates,8,)-VLOOKUP($A16,Jobs,8,)," "),"") -> 21 | F16: =_xlfn.IFNA(IF(VLOOKUP($A16,Dates,16,)>0,"Y"," "),"") -> Y | G16: =IFERROR(IF(VLOOKUP($A16,Dates,16,)>0,VLOOKUP($A16,Dates,16,)-VLOOKUP($A16,Jobs,16,)," "),"") -> 7 | H16: =_xlfn.IFNA(IF(VLOOKUP($A22,Dates,17,)>0,"Y"," "),"") -> Y | I16: =IFERROR(IF(VLOOKUP($A22,Dates,17,)>0,VLOOKUP($A22,Dates,17,)-VLOOKUP($A22,Jobs,17,)," "),"") -> 0 | K16: =_xlfn.IFNA(IF(VLOOKUP($A16,Dates,19,)>0,"Y"," "),"") -> Y | L16: =IFERROR(IF(VLOOKUP($A16,Dates,19,)>0,VLOOKUP($A16,Dates,19,)-VLOOKUP($A16,Jobs,19,)," "),"") -> 3 | M16: =IF(VLOOKUP($A16,Dates,20,)>0,VLOOKUP($A16,Dates,20,)-VLOOKUP($A16,Jobs,20,)," ") -> 2 | N16: =_xlfn.IFNA(IF(VLOOKUP($A16,Dates,20,)>0,"Y"," "),"") -> Y | O16: =IFERROR(IF(VLOOKUP($A16,Dates,21,)>0,VLOOKUP($A16,Dates,21,)-VLOOKUP($A16,Jobs,21,)," "),"") -> 180 | P16: =_xlfn.IFNA(IF(VLOOKUP($A16,Dates,22,)>0,"Y"," "),"") -> Y | Q16: =IFERROR(IF(VLOOKUP($A16,Dates,23,)>0,VLOOKUP($A16,Dates,23,)-VLOOKUP($A16,Jobs,24,)," "),"") -> -224 | R16: =_xlfn.IFNA(IF(VLOOKUP($A16,Dates,23,)>0,"Y"," "),"") -> Y | S16: =IFERROR(IF(VLOOKUP($A16,Dates,24,)>0,VLOOKUP($A16,Dates,24,)-VLOOKUP($A16,Jobs,25,)," "),"") -> -16 | T16: =_xlfn.IFNA(IF(VLOOKUP($A16,Dates,25,)>0,"Y"," "),"") -> Y | U16: =IFERROR(IF(VLOOKUP($A16,Dates,26,)>0,VLOOKUP($A16,Dates,26,)-VLOOKUP($A16,Jobs,26,)," "),"") -> -23 | V16: =_xlfn.IFNA(IF(VLOOKUP($A16,Dates,26,)>0,"Y"," "),"") -> Y | W16: =IFERROR(IF(VLOOKUP($A16,Dates,27,)>0,VLOOKUP($A16,Dates,27,)-VLOOKUP($A16,Jobs,27,)," "),"") -> -7 | X16: =_xlfn.IFNA(IF(VLOOKUP($A16,Dates,27,)>0,"Y"," "),"") -> Y | Y16: =IFERROR(IF(VLOOKUP($A16,Dates,28,)>0,VLOOKUP($A16,Dates,28,)-VLOOKUP($A16,Jobs,28,)," "),"") | Z16: =_xlfn.IFNA(IF(VLOOKUP($A16,Dates,28,)>0,"Y"," "),"") | AA16: =IFERROR(IF(VLOOKUP($A16,Dates,29,)>0,VLOOKUP($A16,Dates,29,)-VLOOKUP($A16,Jobs,29,)," "),"") | AB16: =_xlfn.IFNA(IF(VLOOKUP($A16,Dates,29,)>0,"Y"," "),"") | AC16: =IFERROR(IF(VLOOKUP($A16,Dates,30,)>0,VLOOKUP($A16,Dates,30,)-VLOOKUP($A16,Jobs,30,)," "),"") -> -8 | AD16: =_xlfn.IFNA(IF(VLOOKUP($A16,Dates,30,)>0,"Y"," "),"") -> Y | AE16: =IFERROR(IF(VLOOKUP($A16,Dates,31,)>0,VLOOKUP($A16,Dates,31,)-VLOOKUP($A16,Jobs,31,)," "),"") -> 154 | AF16: =_xlfn.IFNA(IF(AG16="",TODAY()+(VLOOKUP(A16,'Date Calcs'!A:G,7,0)*7),VLOOKUP(A16,'Actual Dates'!A:AE,21,FALSE())),"") -> 46077 | AG16: =_xlfn.IFNA(IF(VLOOKUP(A16,'Actual Dates'!A:AE,20,0)="","",VLOOKUP(A16,'Actual Dates'!A:AE,20,0)+(VLOOKUP(A16,'Date Calcs'!A:X,22,0)*7)),"") -> 45895 | AH16: =_xlfn.IFNA(IF($AG16="","",IF(X16="Y","DONE",VLOOKUP(A16,'Ship Date'!A:AE,27,0))),"") -> DONE | AI16: =IFERROR(AH16-TODAY(),0) -> 0 | AJ16: =_xlfn.IFNA(IF($AG16="","",IF(AB16="Y","DONE",VLOOKUP(A16,'Ship Date'!A:AG,29,0))),"") | AK16: =IFERROR(AJ16-TODAY(),0) -> 0 | AL16: =_xlfn.IFNA(IF($AG16="","",IF(Z16="Y","DONE",VLOOKUP(A16,'Ship Date'!A:AI,28,0))),"") | AM16: =IFERROR(AL16-TODAY(),0) -> 0 | AN16: =_xlfn.IFNA(IF(T16="Y","DONE",VLOOKUP(A16,'Ship Date'!A:AE,25,0)),"") -> DONE | AO16: =IFERROR(AP16-AN16,0) -> 0 | AP16: =_xlfn.IFNA(IF(AD16="Y","DONE",VLOOKUP(A16,'Ship Date'!A:AE,30,0)),"") -> DONE | AQ16: =IFERROR(AP16-TODAY(),0) -> 0 | AR16: =IFERROR(_xlfn.IFNA(VLOOKUP(A16,'Ship Date'!A:C,3,0),""),"") | AS16: =IFERROR(AF16-AR16,"") | AV16: =_xlfn.IFNA(IF(VLOOKUP(A16,'Actual Dates'!A:AE,31,0)="","",VLOOKUP(A16,'Actual Dates'!A:AE,31,0)),"") -> 46058
A17: ='Actual Dates'!A16 -> 25-021 | B17: =_xlfn.IFNA(VLOOKUP(A17,Jobs,2,),"") -> Kimberly Clark | D17: =_xlfn.IFNA(IF(VLOOKUP($A17,Jobs,8,)>0,"Y"," "),"") -> Y | E17: =IFERROR(IF(VLOOKUP($A17,Dates,8,)>0,VLOOKUP($A17,Dates,8,)-VLOOKUP($A17,Jobs,8,)," "),"") -> 70 | F17: =_xlfn.IFNA(IF(VLOOKUP($A17,Dates,16,)>0,"Y"," "),"") -> Y | G17: =IFERROR(IF(VLOOKUP($A17,Dates,16,)>0,VLOOKUP($A17,Dates,16,)-VLOOKUP($A17,Jobs,16,)," "),"") -> 7 | H17: =_xlfn.IFNA(IF(VLOOKUP($A23,Dates,17,)>0,"Y"," "),"") -> Y | I17: =IFERROR(IF(VLOOKUP($A23,Dates,17,)>0,VLOOKUP($A23,Dates,17,)-VLOOKUP($A23,Jobs,17,)," "),"") -> 0 | K17: =_xlfn.IFNA(IF(VLOOKUP($A17,Dates,19,)>0,"Y"," "),"") -> Y | L17: =IFERROR(IF(VLOOKUP($A17,Dates,19,)>0,VLOOKUP($A17,Dates,19,)-VLOOKUP($A17,Jobs,19,)," "),"") -> 3 | M17: =IF(VLOOKUP($A17,Dates,20,)>0,VLOOKUP($A17,Dates,20,)-VLOOKUP($A17,Jobs,20,)," ") -> 2 | N17: =_xlfn.IFNA(IF(VLOOKUP($A17,Dates,20,)>0,"Y"," "),"") -> Y | O17: =IFERROR(IF(VLOOKUP($A17,Dates,21,)>0,VLOOKUP($A17,Dates,21,)-VLOOKUP($A17,Jobs,21,)," "),"") -> 180 | P17: =_xlfn.IFNA(IF(VLOOKUP($A17,Dates,22,)>0,"Y"," "),"") -> Y | Q17: =IFERROR(IF(VLOOKUP($A17,Dates,23,)>0,VLOOKUP($A17,Dates,23,)-VLOOKUP($A17,Jobs,24,)," "),"") -> -176 | R17: =_xlfn.IFNA(IF(VLOOKUP($A17,Dates,23,)>0,"Y"," "),"") -> Y | S17: =IFERROR(IF(VLOOKUP($A17,Dates,24,)>0,VLOOKUP($A17,Dates,24,)-VLOOKUP($A17,Jobs,25,)," "),"") -> 0 | T17: =_xlfn.IFNA(IF(VLOOKUP($A17,Dates,25,)>0,"Y"," "),"") -> Y | U17: =IFERROR(IF(VLOOKUP($A17,Dates,26,)>0,VLOOKUP($A17,Dates,26,)-VLOOKUP($A17,Jobs,26,)," "),"") -> -7 | V17: =_xlfn.IFNA(IF(VLOOKUP($A17,Dates,26,)>0,"Y"," "),"") -> Y | W17: =IFERROR(IF(VLOOKUP($A17,Dates,27,)>0,VLOOKUP($A17,Dates,27,)-VLOOKUP($A17,Jobs,27,)," "),"") -> -2 | X17: =_xlfn.IFNA(IF(VLOOKUP($A17,Dates,27,)>0,"Y"," "),"") -> Y | Y17: =IFERROR(IF(VLOOKUP($A17,Dates,28,)>0,VLOOKUP($A17,Dates,28,)-VLOOKUP($A17,Jobs,28,)," "),"") -> 32 | Z17: =_xlfn.IFNA(IF(VLOOKUP($A17,Dates,28,)>0,"Y"," "),"") -> Y | AA17: =IFERROR(IF(VLOOKUP($A17,Dates,29,)>0,VLOOKUP($A17,Dates,29,)-VLOOKUP($A17,Jobs,29,)," "),"") -> 0 | AB17: =_xlfn.IFNA(IF(VLOOKUP($A17,Dates,29,)>0,"Y"," "),"") -> Y | AC17: =IFERROR(IF(VLOOKUP($A17,Dates,30,)>0,VLOOKUP($A17,Dates,30,)-VLOOKUP($A17,Jobs,30,)," "),"") -> -1 | AD17: =_xlfn.IFNA(IF(VLOOKUP($A17,Dates,30,)>0,"Y"," "),"") -> Y | AE17: =IFERROR(IF(VLOOKUP($A17,Dates,31,)>0,VLOOKUP($A17,Dates,31,)-VLOOKUP($A17,Jobs,31,)," "),"") -> 162 | AF17: =_xlfn.IFNA(IF(AG17="",TODAY()+(VLOOKUP(A17,'Date Calcs'!A:G,7,0)*7),VLOOKUP(A17,'Actual Dates'!A:AE,21,FALSE())),"") -> 46084 | AG17: =_xlfn.IFNA(IF(VLOOKUP(A17,'Actual Dates'!A:AE,20,0)="","",VLOOKUP(A17,'Actual Dates'!A:AE,20,0)+(VLOOKUP(A17,'Date Calcs'!A:X,22,0)*7)),"") -> 45902 | AH17: =_xlfn.IFNA(IF($AG17="","",IF(X17="Y","DONE",VLOOKUP(A17,'Ship Date'!A:AE,27,0))),"") -> DONE | AI17: =IFERROR(AH17-TODAY(),0) -> 0 | AJ17: =_xlfn.IFNA(IF($AG17="","",IF(AB17="Y","DONE",VLOOKUP(A17,'Ship Date'!A:AG,29,0))),"") -> DONE | AK17: =IFERROR(AJ17-TODAY(),0) -> 0 | AL17: =_xlfn.IFNA(IF($AG17="","",IF(Z17="Y","DONE",VLOOKUP(A17,'Ship Date'!A:AI,28,0))),"") -> DONE | AM17: =IFERROR(AL17-TODAY(),0) -> 0 | AN17: =_xlfn.IFNA(IF(T17="Y","DONE",VLOOKUP(A17,'Ship Date'!A:AE,25,0)),"") -> DONE | AO17: =IFERROR(AP17-AN17,0) -> 0 | AP17: =_xlfn.IFNA(IF(AD17="Y","DONE",VLOOKUP(A17,'Ship Date'!A:AE,30,0)),"") -> DONE | AQ17: =IFERROR(AP17-TODAY(),0) -> 0 | AR17: =IFERROR(_xlfn.IFNA(VLOOKUP(A17,'Ship Date'!A:C,3,0),""),"") | AS17: =IFERROR(AF17-AR17,"") | AV17: =_xlfn.IFNA(IF(VLOOKUP(A17,'Actual Dates'!A:AE,31,0)="","",VLOOKUP(A17,'Actual Dates'!A:AE,31,0)),"") -> 46073
A18: ='Actual Dates'!A17 -> 25-023 | B18: =_xlfn.IFNA(VLOOKUP(A18,Jobs,2,),"") -> Andritz | D18: =_xlfn.IFNA(IF(VLOOKUP($A18,Jobs,8,)>0,"Y"," "),"") -> Y | E18: =IFERROR(IF(VLOOKUP($A18,Dates,8,)>0,VLOOKUP($A18,Dates,8,)-VLOOKUP($A18,Jobs,8,)," "),"") -> -1 | F18: =_xlfn.IFNA(IF(VLOOKUP($A18,Dates,16,)>0,"Y"," "),"") -> Y | G18: =IFERROR(IF(VLOOKUP($A18,Dates,16,)>0,VLOOKUP($A18,Dates,16,)-VLOOKUP($A18,Jobs,16,)," "),"") -> -2 | H18: =_xlfn.IFNA(IF(VLOOKUP($A24,Dates,17,)>0,"Y"," "),"") -> Y | I18: =IFERROR(IF(VLOOKUP($A24,Dates,17,)>0,VLOOKUP($A24,Dates,17,)-VLOOKUP($A24,Jobs,17,)," "),"") -> 0 | K18: =_xlfn.IFNA(IF(VLOOKUP($A18,Dates,19,)>0,"Y"," "),"") -> Y | L18: =IFERROR(IF(VLOOKUP($A18,Dates,19,)>0,VLOOKUP($A18,Dates,19,)-VLOOKUP($A18,Jobs,19,)," "),"") -> -2 | M18: =IF(VLOOKUP($A18,Dates,20,)>0,VLOOKUP($A18,Dates,20,)-VLOOKUP($A18,Jobs,20,)," ") -> -3 | N18: =_xlfn.IFNA(IF(VLOOKUP($A18,Dates,20,)>0,"Y"," "),"") -> Y | O18: =IFERROR(IF(VLOOKUP($A18,Dates,21,)>0,VLOOKUP($A18,Dates,21,)-VLOOKUP($A18,Jobs,21,)," "),"") -> 77 | P18: =_xlfn.IFNA(IF(VLOOKUP($A18,Dates,22,)>0,"Y"," "),"") -> Y | Q18: =IFERROR(IF(VLOOKUP($A18,Dates,23,)>0,VLOOKUP($A18,Dates,23,)-VLOOKUP($A18,Jobs,24,)," "),"") -> -87 | R18: =_xlfn.IFNA(IF(VLOOKUP($A18,Dates,23,)>0,"Y"," "),"") -> Y | S18: =IFERROR(IF(VLOOKUP($A18,Dates,24,)>0,VLOOKUP($A18,Dates,24,)-VLOOKUP($A18,Jobs,25,)," "),"") -> -6 | T18: =_xlfn.IFNA(IF(VLOOKUP($A18,Dates,25,)>0,"Y"," "),"") -> Y | U18: =IFERROR(IF(VLOOKUP($A18,Dates,26,)>0,VLOOKUP($A18,Dates,26,)-VLOOKUP($A18,Jobs,26,)," "),"") -> -13 | V18: =_xlfn.IFNA(IF(VLOOKUP($A18,Dates,26,)>0,"Y"," "),"") -> Y | W18: =IFERROR(IF(VLOOKUP($A18,Dates,27,)>0,VLOOKUP($A18,Dates,27,)-VLOOKUP($A18,Jobs,27,)," "),"") -> -19 | X18: =_xlfn.IFNA(IF(VLOOKUP($A18,Dates,27,)>0,"Y"," "),"") -> Y | Y18: =IFERROR(IF(VLOOKUP($A18,Dates,28,)>0,VLOOKUP($A18,Dates,28,)-VLOOKUP($A18,Jobs,28,)," "),"") | Z18: =_xlfn.IFNA(IF(VLOOKUP($A18,Dates,28,)>0,"Y"," "),"") | AA18: =IFERROR(IF(VLOOKUP($A18,Dates,29,)>0,VLOOKUP($A18,Dates,29,)-VLOOKUP($A18,Jobs,29,)," "),"") | AB18: =_xlfn.IFNA(IF(VLOOKUP($A18,Dates,29,)>0,"Y"," "),"") | AC18: =IFERROR(IF(VLOOKUP($A18,Dates,30,)>0,VLOOKUP($A18,Dates,30,)-VLOOKUP($A18,Jobs,30,)," "),"") -> -13 | AD18: =_xlfn.IFNA(IF(VLOOKUP($A18,Dates,30,)>0,"Y"," "),"") -> Y | AE18: =IFERROR(IF(VLOOKUP($A18,Dates,31,)>0,VLOOKUP($A18,Dates,31,)-VLOOKUP($A18,Jobs,31,)," "),"") -> 64 | AF18: =_xlfn.IFNA(IF(AG18="",TODAY()+(VLOOKUP(A18,'Date Calcs'!A:G,7,0)*7),VLOOKUP(A18,'Actual Dates'!A:AE,21,FALSE())),"") -> 45810 | AG18: =_xlfn.IFNA(IF(VLOOKUP(A18,'Actual Dates'!A:AE,20,0)="","",VLOOKUP(A18,'Actual Dates'!A:AE,20,0)+(VLOOKUP(A18,'Date Calcs'!A:X,22,0)*7)),"") -> 45726 | AH18: =_xlfn.IFNA(IF($AG18="","",IF(X18="Y","DONE",VLOOKUP(A18,'Ship Date'!A:AE,27,0))),"") -> DONE | AI18: =IFERROR(AH18-TODAY(),0) -> 0 | AJ18: =_xlfn.IFNA(IF($AG18="","",IF(AB18="Y","DONE",VLOOKUP(A18,'Ship Date'!A:AG,29,0))),"") | AK18: =IFERROR(AJ18-TODAY(),0) -> 0 | AL18: =_xlfn.IFNA(IF($AG18="","",IF(Z18="Y","DONE",VLOOKUP(A18,'Ship Date'!A:AI,28,0))),"") | AM18: =IFERROR(AL18-TODAY(),0) -> 0 | AN18: =_xlfn.IFNA(IF(T18="Y","DONE",VLOOKUP(A18,'Ship Date'!A:AE,25,0)),"") -> DONE | AO18: =IFERROR(AP18-AN18,0) -> 0 | AP18: =_xlfn.IFNA(IF(AD18="Y","DONE",VLOOKUP(A18,'Ship Date'!A:AE,30,0)),"") -> DONE | AQ18: =IFERROR(AP18-TODAY(),0) -> 0 | AR18: =IFERROR(_xlfn.IFNA(VLOOKUP(A18,'Ship Date'!A:C,3,0),""),"") | AS18: =IFERROR(AF18-AR18,"") | AV18: =_xlfn.IFNA(IF(VLOOKUP(A18,'Actual Dates'!A:AE,31,0)="","",VLOOKUP(A18,'Actual Dates'!A:AE,31,0)),"") -> 45804
A19: ='Actual Dates'!A18 -> 25-024 | B19: =_xlfn.IFNA(VLOOKUP(A19,Jobs,2,),"") -> Andritz | D19: =_xlfn.IFNA(IF(VLOOKUP($A19,Jobs,8,)>0,"Y"," "),"") -> Y | E19: =IFERROR(IF(VLOOKUP($A19,Dates,8,)>0,VLOOKUP($A19,Dates,8,)-VLOOKUP($A19,Jobs,8,)," "),"") -> -1 | F19: =_xlfn.IFNA(IF(VLOOKUP($A19,Dates,16,)>0,"Y"," "),"") -> Y | G19: =IFERROR(IF(VLOOKUP($A19,Dates,16,)>0,VLOOKUP($A19,Dates,16,)-VLOOKUP($A19,Jobs,16,)," "),"") -> -2 | H19: =_xlfn.IFNA(IF(VLOOKUP($A25,Dates,17,)>0,"Y"," "),"") -> Y | I19: =IFERROR(IF(VLOOKUP($A25,Dates,17,)>0,VLOOKUP($A25,Dates,17,)-VLOOKUP($A25,Jobs,17,)," "),"") -> 0 | K19: =_xlfn.IFNA(IF(VLOOKUP($A19,Dates,19,)>0,"Y"," "),"") -> Y | L19: =IFERROR(IF(VLOOKUP($A19,Dates,19,)>0,VLOOKUP($A19,Dates,19,)-VLOOKUP($A19,Jobs,19,)," "),"") -> -2 | M19: =IF(VLOOKUP($A19,Dates,20,)>0,VLOOKUP($A19,Dates,20,)-VLOOKUP($A19,Jobs,20,)," ") -> -3 | N19: =_xlfn.IFNA(IF(VLOOKUP($A19,Dates,20,)>0,"Y"," "),"") -> Y | O19: =IFERROR(IF(VLOOKUP($A19,Dates,21,)>0,VLOOKUP($A19,Dates,21,)-VLOOKUP($A19,Jobs,21,)," "),"") -> 77 | P19: =_xlfn.IFNA(IF(VLOOKUP($A19,Dates,22,)>0,"Y"," "),"") -> Y | Q19: =IFERROR(IF(VLOOKUP($A19,Dates,23,)>0,VLOOKUP($A19,Dates,23,)-VLOOKUP($A19,Jobs,24,)," "),"") -> -87 | R19: =_xlfn.IFNA(IF(VLOOKUP($A19,Dates,23,)>0,"Y"," "),"") -> Y | S19: =IFERROR(IF(VLOOKUP($A19,Dates,24,)>0,VLOOKUP($A19,Dates,24,)-VLOOKUP($A19,Jobs,25,)," "),"") -> -6 | T19: =_xlfn.IFNA(IF(VLOOKUP($A19,Dates,25,)>0,"Y"," "),"") -> Y | U19: =IFERROR(IF(VLOOKUP($A19,Dates,26,)>0,VLOOKUP($A19,Dates,26,)-VLOOKUP($A19,Jobs,26,)," "),"") -> -13 | V19: =_xlfn.IFNA(IF(VLOOKUP($A19,Dates,26,)>0,"Y"," "),"") -> Y | W19: =IFERROR(IF(VLOOKUP($A19,Dates,27,)>0,VLOOKUP($A19,Dates,27,)-VLOOKUP($A19,Jobs,27,)," "),"") -> -19 | X19: =_xlfn.IFNA(IF(VLOOKUP($A19,Dates,27,)>0,"Y"," "),"") -> Y | Y19: =IFERROR(IF(VLOOKUP($A19,Dates,28,)>0,VLOOKUP($A19,Dates,28,)-VLOOKUP($A19,Jobs,28,)," "),"") | Z19: =_xlfn.IFNA(IF(VLOOKUP($A19,Dates,28,)>0,"Y"," "),"") | AA19: =IFERROR(IF(VLOOKUP($A19,Dates,29,)>0,VLOOKUP($A19,Dates,29,)-VLOOKUP($A19,Jobs,29,)," "),"") | AB19: =_xlfn.IFNA(IF(VLOOKUP($A19,Dates,29,)>0,"Y"," "),"") | AC19: =IFERROR(IF(VLOOKUP($A19,Dates,30,)>0,VLOOKUP($A19,Dates,30,)-VLOOKUP($A19,Jobs,30,)," "),"") -> -13 | AD19: =_xlfn.IFNA(IF(VLOOKUP($A19,Dates,30,)>0,"Y"," "),"") -> Y | AE19: =IFERROR(IF(VLOOKUP($A19,Dates,31,)>0,VLOOKUP($A19,Dates,31,)-VLOOKUP($A19,Jobs,31,)," "),"") -> 64 | AF19: =_xlfn.IFNA(IF(AG19="",TODAY()+(VLOOKUP(A19,'Date Calcs'!A:G,7,0)*7),VLOOKUP(A19,'Actual Dates'!A:AE,21,FALSE())),"") -> 45810 | AG19: =_xlfn.IFNA(IF(VLOOKUP(A19,'Actual Dates'!A:AE,20,0)="","",VLOOKUP(A19,'Actual Dates'!A:AE,20,0)+(VLOOKUP(A19,'Date Calcs'!A:X,22,0)*7)),"") -> 45726 | AH19: =_xlfn.IFNA(IF($AG19="","",IF(X19="Y","DONE",VLOOKUP(A19,'Ship Date'!A:AE,27,0))),"") -> DONE | AI19: =IFERROR(AH19-TODAY(),0) -> 0 | AJ19: =_xlfn.IFNA(IF($AG19="","",IF(AB19="Y","DONE",VLOOKUP(A19,'Ship Date'!A:AG,29,0))),"") | AK19: =IFERROR(AJ19-TODAY(),0) -> 0 | AL19: =_xlfn.IFNA(IF($AG19="","",IF(Z19="Y","DONE",VLOOKUP(A19,'Ship Date'!A:AI,28,0))),"") | AM19: =IFERROR(AL19-TODAY(),0) -> 0 | AN19: =_xlfn.IFNA(IF(T19="Y","DONE",VLOOKUP(A19,'Ship Date'!A:AE,25,0)),"") -> DONE | AO19: =IFERROR(AP19-AN19,0) -> 0 | AP19: =_xlfn.IFNA(IF(AD19="Y","DONE",VLOOKUP(A19,'Ship Date'!A:AE,30,0)),"") -> DONE | AQ19: =IFERROR(AP19-TODAY(),0) -> 0 | AR19: =IFERROR(_xlfn.IFNA(VLOOKUP(A19,'Ship Date'!A:C,3,0),""),"") | AS19: =IFERROR(AF19-AR19,"") | AV19: =_xlfn.IFNA(IF(VLOOKUP(A19,'Actual Dates'!A:AE,31,0)="","",VLOOKUP(A19,'Actual Dates'!A:AE,31,0)),"") -> 45804
A20: ='Actual Dates'!A19 -> 25-025 | B20: =_xlfn.IFNA(VLOOKUP(A20,Jobs,2,),"") -> Irving Tissue | D20: =_xlfn.IFNA(IF(VLOOKUP($A20,Jobs,8,)>0,"Y"," "),"") -> Y | E20: =IFERROR(IF(VLOOKUP($A20,Dates,8,)>0,VLOOKUP($A20,Dates,8,)-VLOOKUP($A20,Jobs,8,)," "),"") -> -7 | F20: =_xlfn.IFNA(IF(VLOOKUP($A20,Dates,16,)>0,"Y"," "),"") -> Y | G20: =IFERROR(IF(VLOOKUP($A20,Dates,16,)>0,VLOOKUP($A20,Dates,16,)-VLOOKUP($A20,Jobs,16,)," "),"") -> -1 | H20: =_xlfn.IFNA(IF(VLOOKUP($A26,Dates,17,)>0,"Y"," "),"") -> Y | I20: =IFERROR(IF(VLOOKUP($A26,Dates,17,)>0,VLOOKUP($A26,Dates,17,)-VLOOKUP($A26,Jobs,17,)," "),"") -> 0 | K20: =_xlfn.IFNA(IF(VLOOKUP($A20,Dates,19,)>0,"Y"," "),"") -> Y | L20: =IFERROR(IF(VLOOKUP($A20,Dates,19,)>0,VLOOKUP($A20,Dates,19,)-VLOOKUP($A20,Jobs,19,)," "),"") -> 4 | M20: =IF(VLOOKUP($A20,Dates,20,)>0,VLOOKUP($A20,Dates,20,)-VLOOKUP($A20,Jobs,20,)," ") -> 3 | N20: =_xlfn.IFNA(IF(VLOOKUP($A20,Dates,20,)>0,"Y"," "),"") -> Y | O20: =IFERROR(IF(VLOOKUP($A20,Dates,21,)>0,VLOOKUP($A20,Dates,21,)-VLOOKUP($A20,Jobs,21,)," "),"") -> 167 | P20: =_xlfn.IFNA(IF(VLOOKUP($A20,Dates,22,)>0,"Y"," "),"") -> Y | Q20: =IFERROR(IF(VLOOKUP($A20,Dates,23,)>0,VLOOKUP($A20,Dates,23,)-VLOOKUP($A20,Jobs,24,)," "),"") -> -169 | R20: =_xlfn.IFNA(IF(VLOOKUP($A20,Dates,23,)>0,"Y"," "),"") -> Y | S20: =IFERROR(IF(VLOOKUP($A20,Dates,24,)>0,VLOOKUP($A20,Dates,24,)-VLOOKUP($A20,Jobs,25,)," "),"") -> -8 | T20: =_xlfn.IFNA(IF(VLOOKUP($A20,Dates,25,)>0,"Y"," "),"") -> Y | U20: =IFERROR(IF(VLOOKUP($A20,Dates,26,)>0,VLOOKUP($A20,Dates,26,)-VLOOKUP($A20,Jobs,26,)," "),"") -> -15 | V20: =_xlfn.IFNA(IF(VLOOKUP($A20,Dates,26,)>0,"Y"," "),"") -> Y | W20: =IFERROR(IF(VLOOKUP($A20,Dates,27,)>0,VLOOKUP($A20,Dates,27,)-VLOOKUP($A20,Jobs,27,)," "),"") -> -9 | X20: =_xlfn.IFNA(IF(VLOOKUP($A20,Dates,27,)>0,"Y"," "),"") -> Y | Y20: =IFERROR(IF(VLOOKUP($A20,Dates,28,)>0,VLOOKUP($A20,Dates,28,)-VLOOKUP($A20,Jobs,28,)," "),"") | Z20: =_xlfn.IFNA(IF(VLOOKUP($A20,Dates,28,)>0,"Y"," "),"") | AA20: =IFERROR(IF(VLOOKUP($A20,Dates,29,)>0,VLOOKUP($A20,Dates,29,)-VLOOKUP($A20,Jobs,29,)," "),"") | AB20: =_xlfn.IFNA(IF(VLOOKUP($A20,Dates,29,)>0,"Y"," "),"") | AC20: =IFERROR(IF(VLOOKUP($A20,Dates,30,)>0,VLOOKUP($A20,Dates,30,)-VLOOKUP($A20,Jobs,30,)," "),"") -> 0 | AD20: =_xlfn.IFNA(IF(VLOOKUP($A20,Dates,30,)>0,"Y"," "),"") -> Y | AE20: =IFERROR(IF(VLOOKUP($A20,Dates,31,)>0,VLOOKUP($A20,Dates,31,)-VLOOKUP($A20,Jobs,31,)," "),"") -> 91 | AF20: =_xlfn.IFNA(IF(AG20="",TODAY()+(VLOOKUP(A20,'Date Calcs'!A:G,7,0)*7),VLOOKUP(A20,'Actual Dates'!A:AE,21,FALSE())),"") -> 45973 | AG20: =_xlfn.IFNA(IF(VLOOKUP(A20,'Actual Dates'!A:AE,20,0)="","",VLOOKUP(A20,'Actual Dates'!A:AE,20,0)+(VLOOKUP(A20,'Date Calcs'!A:X,22,0)*7)),"") -> 45805 | AH20: =_xlfn.IFNA(IF($AG20="","",IF(X20="Y","DONE",VLOOKUP(A20,'Ship Date'!A:AE,27,0))),"") -> DONE | AI20: =IFERROR(AH20-TODAY(),0) -> 0 | AJ20: =_xlfn.IFNA(IF($AG20="","",IF(AB20="Y","DONE",VLOOKUP(A20,'Ship Date'!A:AG,29,0))),"") | AK20: =IFERROR(AJ20-TODAY(),0) -> 0 | AL20: =_xlfn.IFNA(IF($AG20="","",IF(Z20="Y","DONE",VLOOKUP(A20,'Ship Date'!A:AI,28,0))),"") | AM20: =IFERROR(AL20-TODAY(),0) -> 0 | AN20: =_xlfn.IFNA(IF(T20="Y","DONE",VLOOKUP(A20,'Ship Date'!A:AE,25,0)),"") -> DONE | AO20: =IFERROR(AP20-AN20,0) -> 0 | AP20: =_xlfn.IFNA(IF(AD20="Y","DONE",VLOOKUP(A20,'Ship Date'!A:AE,30,0)),"") -> DONE | AQ20: =IFERROR(AP20-TODAY(),0) -> 0 | AR20: =IFERROR(_xlfn.IFNA(VLOOKUP(A20,'Ship Date'!A:C,3,0),""),"") | AS20: =IFERROR(AF20-AR20,"") | AV20: =_xlfn.IFNA(IF(VLOOKUP(A20,'Actual Dates'!A:AE,31,0)="","",VLOOKUP(A20,'Actual Dates'!A:AE,31,0)),"") -> 45904
A21: ='Actual Dates'!A20 -> 25-026 | B21: =_xlfn.IFNA(VLOOKUP(A21,Jobs,2,),"") -> Irving Tissue | D21: =_xlfn.IFNA(IF(VLOOKUP($A21,Jobs,8,)>0,"Y"," "),"") -> Y | E21: =IFERROR(IF(VLOOKUP($A21,Dates,8,)>0,VLOOKUP($A21,Dates,8,)-VLOOKUP($A21,Jobs,8,)," "),"") -> -7 | F21: =_xlfn.IFNA(IF(VLOOKUP($A21,Dates,16,)>0,"Y"," "),"") -> Y | G21: =IFERROR(IF(VLOOKUP($A21,Dates,16,)>0,VLOOKUP($A21,Dates,16,)-VLOOKUP($A21,Jobs,16,)," "),"") -> -1 | H21: =_xlfn.IFNA(IF(VLOOKUP($A27,Dates,17,)>0,"Y"," "),"") -> Y | I21: =IFERROR(IF(VLOOKUP($A27,Dates,17,)>0,VLOOKUP($A27,Dates,17,)-VLOOKUP($A27,Jobs,17,)," "),"") -> 0 | K21: =_xlfn.IFNA(IF(VLOOKUP($A21,Dates,19,)>0,"Y"," "),"") -> Y | L21: =IFERROR(IF(VLOOKUP($A21,Dates,19,)>0,VLOOKUP($A21,Dates,19,)-VLOOKUP($A21,Jobs,19,)," "),"") -> 5 | M21: =IF(VLOOKUP($A21,Dates,20,)>0,VLOOKUP($A21,Dates,20,)-VLOOKUP($A21,Jobs,20,)," ") -> 4 | N21: =_xlfn.IFNA(IF(VLOOKUP($A21,Dates,20,)>0,"Y"," "),"") -> Y | O21: =IFERROR(IF(VLOOKUP($A21,Dates,21,)>0,VLOOKUP($A21,Dates,21,)-VLOOKUP($A21,Jobs,21,)," "),"") -> 168 | P21: =_xlfn.IFNA(IF(VLOOKUP($A21,Dates,22,)>0,"Y"," "),"") -> Y | Q21: =IFERROR(IF(VLOOKUP($A21,Dates,23,)>0,VLOOKUP($A21,Dates,23,)-VLOOKUP($A21,Jobs,24,)," "),"") -> -173 | R21: =_xlfn.IFNA(IF(VLOOKUP($A21,Dates,23,)>0,"Y"," "),"") -> Y | S21: =IFERROR(IF(VLOOKUP($A21,Dates,24,)>0,VLOOKUP($A21,Dates,24,)-VLOOKUP($A21,Jobs,25,)," "),"") -> -11 | T21: =_xlfn.IFNA(IF(VLOOKUP($A21,Dates,25,)>0,"Y"," "),"") -> Y | U21: =IFERROR(IF(VLOOKUP($A21,Dates,26,)>0,VLOOKUP($A21,Dates,26,)-VLOOKUP($A21,Jobs,26,)," "),"") -> -18 | V21: =_xlfn.IFNA(IF(VLOOKUP($A21,Dates,26,)>0,"Y"," "),"") -> Y | W21: =IFERROR(IF(VLOOKUP($A21,Dates,27,)>0,VLOOKUP($A21,Dates,27,)-VLOOKUP($A21,Jobs,27,)," "),"") -> -1 | X21: =_xlfn.IFNA(IF(VLOOKUP($A21,Dates,27,)>0,"Y"," "),"") -> Y | Y21: =IFERROR(IF(VLOOKUP($A21,Dates,28,)>0,VLOOKUP($A21,Dates,28,)-VLOOKUP($A21,Jobs,28,)," "),"") | Z21: =_xlfn.IFNA(IF(VLOOKUP($A21,Dates,28,)>0,"Y"," "),"") | AA21: =IFERROR(IF(VLOOKUP($A21,Dates,29,)>0,VLOOKUP($A21,Dates,29,)-VLOOKUP($A21,Jobs,29,)," "),"") | AB21: =_xlfn.IFNA(IF(VLOOKUP($A21,Dates,29,)>0,"Y"," "),"") | AC21: =IFERROR(IF(VLOOKUP($A21,Dates,30,)>0,VLOOKUP($A21,Dates,30,)-VLOOKUP($A21,Jobs,30,)," "),"") -> 9 | AD21: =_xlfn.IFNA(IF(VLOOKUP($A21,Dates,30,)>0,"Y"," "),"") -> Y | AE21: =IFERROR(IF(VLOOKUP($A21,Dates,31,)>0,VLOOKUP($A21,Dates,31,)-VLOOKUP($A21,Jobs,31,)," "),"") -> 100 | AF21: =_xlfn.IFNA(IF(AG21="",TODAY()+(VLOOKUP(A21,'Date Calcs'!A:G,7,0)*7),VLOOKUP(A21,'Actual Dates'!A:AE,21,FALSE())),"") -> 45965 | AG21: =_xlfn.IFNA(IF(VLOOKUP(A21,'Actual Dates'!A:AE,20,0)="","",VLOOKUP(A21,'Actual Dates'!A:AE,20,0)+(VLOOKUP(A21,'Date Calcs'!A:X,22,0)*7)),"") -> 45797 | AH21: =_xlfn.IFNA(IF($AG21="","",IF(X21="Y","DONE",VLOOKUP(A21,'Ship Date'!A:AE,27,0))),"") -> DONE | AI21: =IFERROR(AH21-TODAY(),0) -> 0 | AJ21: =_xlfn.IFNA(IF($AG21="","",IF(AB21="Y","DONE",VLOOKUP(A21,'Ship Date'!A:AG,29,0))),"") | AK21: =IFERROR(AJ21-TODAY(),0) -> 0 | AL21: =_xlfn.IFNA(IF($AG21="","",IF(Z21="Y","DONE",VLOOKUP(A21,'Ship Date'!A:AI,28,0))),"") | AM21: =IFERROR(AL21-TODAY(),0) -> 0 | AN21: =_xlfn.IFNA(IF(T21="Y","DONE",VLOOKUP(A21,'Ship Date'!A:AE,25,0)),"") -> DONE | AO21: =IFERROR(AP21-AN21,0) -> 0 | AP21: =_xlfn.IFNA(IF(AD21="Y","DONE",VLOOKUP(A21,'Ship Date'!A:AE,30,0)),"") -> DONE | AQ21: =IFERROR(AP21-TODAY(),0) -> 0 | AR21: =IFERROR(_xlfn.IFNA(VLOOKUP(A21,'Ship Date'!A:C,3,0),""),"") | AS21: =IFERROR(AF21-AR21,"") | AV21: =_xlfn.IFNA(IF(VLOOKUP(A21,'Actual Dates'!A:AE,31,0)="","",VLOOKUP(A21,'Actual Dates'!A:AE,31,0)),"") -> 45904
A22: ='Actual Dates'!A21 -> 25-027 | B22: =_xlfn.IFNA(VLOOKUP(A22,Jobs,2,),"") -> Irving Tissue | D22: =_xlfn.IFNA(IF(VLOOKUP($A22,Jobs,8,)>0,"Y"," "),"") -> Y | E22: =IFERROR(IF(VLOOKUP($A22,Dates,8,)>0,VLOOKUP($A22,Dates,8,)-VLOOKUP($A22,Jobs,8,)," "),"") -> -7 | F22: =_xlfn.IFNA(IF(VLOOKUP($A22,Dates,16,)>0,"Y"," "),"") -> Y | G22: =IFERROR(IF(VLOOKUP($A22,Dates,16,)>0,VLOOKUP($A22,Dates,16,)-VLOOKUP($A22,Jobs,16,)," "),"") -> -1 | H22: =_xlfn.IFNA(IF(VLOOKUP($A28,Dates,17,)>0,"Y"," "),"") -> Y | I22: =IFERROR(IF(VLOOKUP($A28,Dates,17,)>0,VLOOKUP($A28,Dates,17,)-VLOOKUP($A28,Jobs,17,)," "),"") -> 0 | K22: =_xlfn.IFNA(IF(VLOOKUP($A22,Dates,19,)>0,"Y"," "),"") -> Y | L22: =IFERROR(IF(VLOOKUP($A22,Dates,19,)>0,VLOOKUP($A22,Dates,19,)-VLOOKUP($A22,Jobs,19,)," "),"") -> 5 | M22: =IF(VLOOKUP($A22,Dates,20,)>0,VLOOKUP($A22,Dates,20,)-VLOOKUP($A22,Jobs,20,)," ") -> 4 | N22: =_xlfn.IFNA(IF(VLOOKUP($A22,Dates,20,)>0,"Y"," "),"") -> Y | O22: =IFERROR(IF(VLOOKUP($A22,Dates,21,)>0,VLOOKUP($A22,Dates,21,)-VLOOKUP($A22,Jobs,21,)," "),"") -> 168 | P22: =_xlfn.IFNA(IF(VLOOKUP($A22,Dates,22,)>0,"Y"," "),"") -> Y | Q22: =IFERROR(IF(VLOOKUP($A22,Dates,23,)>0,VLOOKUP($A22,Dates,23,)-VLOOKUP($A22,Jobs,24,)," "),"") -> -168 | R22: =_xlfn.IFNA(IF(VLOOKUP($A22,Dates,23,)>0,"Y"," "),"") -> Y | S22: =IFERROR(IF(VLOOKUP($A22,Dates,24,)>0,VLOOKUP($A22,Dates,24,)-VLOOKUP($A22,Jobs,25,)," "),"") -> -6 | T22: =_xlfn.IFNA(IF(VLOOKUP($A22,Dates,25,)>0,"Y"," "),"") -> Y | U22: =IFERROR(IF(VLOOKUP($A22,Dates,26,)>0,VLOOKUP($A22,Dates,26,)-VLOOKUP($A22,Jobs,26,)," "),"") -> -12 | V22: =_xlfn.IFNA(IF(VLOOKUP($A22,Dates,26,)>0,"Y"," "),"") -> Y | W22: =IFERROR(IF(VLOOKUP($A22,Dates,27,)>0,VLOOKUP($A22,Dates,27,)-VLOOKUP($A22,Jobs,27,)," "),"") -> 0 | X22: =_xlfn.IFNA(IF(VLOOKUP($A22,Dates,27,)>0,"Y"," "),"") -> Y | Y22: =IFERROR(IF(VLOOKUP($A22,Dates,28,)>0,VLOOKUP($A22,Dates,28,)-VLOOKUP($A22,Jobs,28,)," "),"") | Z22: =_xlfn.IFNA(IF(VLOOKUP($A22,Dates,28,)>0,"Y"," "),"") | AA22: =IFERROR(IF(VLOOKUP($A22,Dates,29,)>0,VLOOKUP($A22,Dates,29,)-VLOOKUP($A22,Jobs,29,)," "),"") | AB22: =_xlfn.IFNA(IF(VLOOKUP($A22,Dates,29,)>0,"Y"," "),"") | AC22: =IFERROR(IF(VLOOKUP($A22,Dates,30,)>0,VLOOKUP($A22,Dates,30,)-VLOOKUP($A22,Jobs,30,)," "),"") -> 63 | AD22: =_xlfn.IFNA(IF(VLOOKUP($A22,Dates,30,)>0,"Y"," "),"") -> Y | AE22: =IFERROR(IF(VLOOKUP($A22,Dates,31,)>0,VLOOKUP($A22,Dates,31,)-VLOOKUP($A22,Jobs,31,)," "),"") -> 128 | AF22: =_xlfn.IFNA(IF(AG22="",TODAY()+(VLOOKUP(A22,'Date Calcs'!A:G,7,0)*7),VLOOKUP(A22,'Actual Dates'!A:AE,21,FALSE())),"") -> 45965 | AG22: =_xlfn.IFNA(IF(VLOOKUP(A22,'Actual Dates'!A:AE,20,0)="","",VLOOKUP(A22,'Actual Dates'!A:AE,20,0)+(VLOOKUP(A22,'Date Calcs'!A:X,22,0)*7)),"") -> 45797 | AH22: =_xlfn.IFNA(IF($AG22="","",IF(X22="Y","DONE",VLOOKUP(A22,'Ship Date'!A:AE,27,0))),"") -> DONE | AI22: =IFERROR(AH22-TODAY(),0) -> 0 | AJ22: =_xlfn.IFNA(IF($AG22="","",IF(AB22="Y","DONE",VLOOKUP(A22,'Ship Date'!A:AG,29,0))),"") | AK22: =IFERROR(AJ22-TODAY(),0) -> 0 | AL22: =_xlfn.IFNA(IF($AG22="","",IF(Z22="Y","DONE",VLOOKUP(A22,'Ship Date'!A:AI,28,0))),"") | AM22: =IFERROR(AL22-TODAY(),0) -> 0 | AN22: =_xlfn.IFNA(IF(T22="Y","DONE",VLOOKUP(A22,'Ship Date'!A:AE,25,0)),"") -> DONE | AO22: =IFERROR(AP22-AN22,0) -> 0 | AP22: =_xlfn.IFNA(IF(AD22="Y","DONE",VLOOKUP(A22,'Ship Date'!A:AE,30,0)),"") -> DONE | AQ22: =IFERROR(AP22-TODAY(),0) -> 0 | AR22: =IFERROR(_xlfn.IFNA(VLOOKUP(A22,'Ship Date'!A:C,3,0),""),"") | AS22: =IFERROR(AF22-AR22,"") | AV22: =_xlfn.IFNA(IF(VLOOKUP(A22,'Actual Dates'!A:AE,31,0)="","",VLOOKUP(A22,'Actual Dates'!A:AE,31,0)),"") -> 45932
A23: ='Actual Dates'!A22 -> 25-028 | B23: =_xlfn.IFNA(VLOOKUP(A23,Jobs,2,),"") -> Irving Tissue | D23: =_xlfn.IFNA(IF(VLOOKUP($A23,Jobs,8,)>0,"Y"," "),"") -> Y | E23: =IFERROR(IF(VLOOKUP($A23,Dates,8,)>0,VLOOKUP($A23,Dates,8,)-VLOOKUP($A23,Jobs,8,)," "),"") -> -2 | F23: =_xlfn.IFNA(IF(VLOOKUP($A23,Dates,16,)>0,"Y"," "),"") -> Y | G23: =IFERROR(IF(VLOOKUP($A23,Dates,16,)>0,VLOOKUP($A23,Dates,16,)-VLOOKUP($A23,Jobs,16,)," "),"") -> -1 | H23: =_xlfn.IFNA(IF(VLOOKUP($A29,Dates,17,)>0,"Y"," "),"") -> Y | I23: =IFERROR(IF(VLOOKUP($A29,Dates,17,)>0,VLOOKUP($A29,Dates,17,)-VLOOKUP($A29,Jobs,17,)," "),"") -> 0 | K23: =_xlfn.IFNA(IF(VLOOKUP($A23,Dates,19,)>0,"Y"," "),"") -> Y | L23: =IFERROR(IF(VLOOKUP($A23,Dates,19,)>0,VLOOKUP($A23,Dates,19,)-VLOOKUP($A23,Jobs,19,)," "),"") -> 5 | M23: =IF(VLOOKUP($A23,Dates,20,)>0,VLOOKUP($A23,Dates,20,)-VLOOKUP($A23,Jobs,20,)," ") -> 4 | N23: =_xlfn.IFNA(IF(VLOOKUP($A23,Dates,20,)>0,"Y"," "),"") -> Y | O23: =IFERROR(IF(VLOOKUP($A23,Dates,21,)>0,VLOOKUP($A23,Dates,21,)-VLOOKUP($A23,Jobs,21,)," "),"") -> 168 | P23: =_xlfn.IFNA(IF(VLOOKUP($A23,Dates,22,)>0,"Y"," "),"") -> Y | Q23: =IFERROR(IF(VLOOKUP($A23,Dates,23,)>0,VLOOKUP($A23,Dates,23,)-VLOOKUP($A23,Jobs,24,)," "),"") -> -168 | R23: =_xlfn.IFNA(IF(VLOOKUP($A23,Dates,23,)>0,"Y"," "),"") -> Y | S23: =IFERROR(IF(VLOOKUP($A23,Dates,24,)>0,VLOOKUP($A23,Dates,24,)-VLOOKUP($A23,Jobs,25,)," "),"") -> -6 | T23: =_xlfn.IFNA(IF(VLOOKUP($A23,Dates,25,)>0,"Y"," "),"") -> Y | U23: =IFERROR(IF(VLOOKUP($A23,Dates,26,)>0,VLOOKUP($A23,Dates,26,)-VLOOKUP($A23,Jobs,26,)," "),"") -> -12 | V23: =_xlfn.IFNA(IF(VLOOKUP($A23,Dates,26,)>0,"Y"," "),"") -> Y | W23: =IFERROR(IF(VLOOKUP($A23,Dates,27,)>0,VLOOKUP($A23,Dates,27,)-VLOOKUP($A23,Jobs,27,)," "),"") -> 0 | X23: =_xlfn.IFNA(IF(VLOOKUP($A23,Dates,27,)>0,"Y"," "),"") -> Y | Y23: =IFERROR(IF(VLOOKUP($A23,Dates,28,)>0,VLOOKUP($A23,Dates,28,)-VLOOKUP($A23,Jobs,28,)," "),"") | Z23: =_xlfn.IFNA(IF(VLOOKUP($A23,Dates,28,)>0,"Y"," "),"") | AA23: =IFERROR(IF(VLOOKUP($A23,Dates,29,)>0,VLOOKUP($A23,Dates,29,)-VLOOKUP($A23,Jobs,29,)," "),"") | AB23: =_xlfn.IFNA(IF(VLOOKUP($A23,Dates,29,)>0,"Y"," "),"") | AC23: =IFERROR(IF(VLOOKUP($A23,Dates,30,)>0,VLOOKUP($A23,Dates,30,)-VLOOKUP($A23,Jobs,30,)," "),"") -> 63 | AD23: =_xlfn.IFNA(IF(VLOOKUP($A23,Dates,30,)>0,"Y"," "),"") -> Y | AE23: =IFERROR(IF(VLOOKUP($A23,Dates,31,)>0,VLOOKUP($A23,Dates,31,)-VLOOKUP($A23,Jobs,31,)," "),"") -> 128 | AF23: =_xlfn.IFNA(IF(AG23="",TODAY()+(VLOOKUP(A23,'Date Calcs'!A:G,7,0)*7),VLOOKUP(A23,'Actual Dates'!A:AE,21,FALSE())),"") -> 45965 | AG23: =_xlfn.IFNA(IF(VLOOKUP(A23,'Actual Dates'!A:AE,20,0)="","",VLOOKUP(A23,'Actual Dates'!A:AE,20,0)+(VLOOKUP(A23,'Date Calcs'!A:X,22,0)*7)),"") -> 45797 | AH23: =_xlfn.IFNA(IF($AG23="","",IF(X23="Y","DONE",VLOOKUP(A23,'Ship Date'!A:AE,27,0))),"") -> DONE | AI23: =IFERROR(AH23-TODAY(),0) -> 0 | AJ23: =_xlfn.IFNA(IF($AG23="","",IF(AB23="Y","DONE",VLOOKUP(A23,'Ship Date'!A:AG,29,0))),"") | AK23: =IFERROR(AJ23-TODAY(),0) -> 0 | AL23: =_xlfn.IFNA(IF($AG23="","",IF(Z23="Y","DONE",VLOOKUP(A23,'Ship Date'!A:AI,28,0))),"") | AM23: =IFERROR(AL23-TODAY(),0) -> 0 | AN23: =_xlfn.IFNA(IF(T23="Y","DONE",VLOOKUP(A23,'Ship Date'!A:AE,25,0)),"") -> DONE | AO23: =IFERROR(AP23-AN23,0) -> 0 | AP23: =_xlfn.IFNA(IF(AD23="Y","DONE",VLOOKUP(A23,'Ship Date'!A:AE,30,0)),"") -> DONE | AQ23: =IFERROR(AP23-TODAY(),0) -> 0 | AR23: =IFERROR(_xlfn.IFNA(VLOOKUP(A23,'Ship Date'!A:C,3,0),""),"") | AS23: =IFERROR(AF23-AR23,"") | AV23: =_xlfn.IFNA(IF(VLOOKUP(A23,'Actual Dates'!A:AE,31,0)="","",VLOOKUP(A23,'Actual Dates'!A:AE,31,0)),"") -> 45932
A24: ='Actual Dates'!A23 -> 25-029 | B24: =_xlfn.IFNA(VLOOKUP(A24,Jobs,2,),"") -> Irving Tissue | D24: =_xlfn.IFNA(IF(VLOOKUP($A24,Jobs,8,)>0,"Y"," "),"") -> Y | E24: =IFERROR(IF(VLOOKUP($A24,Dates,8,)>0,VLOOKUP($A24,Dates,8,)-VLOOKUP($A24,Jobs,8,)," "),"") -> -2 | F24: =_xlfn.IFNA(IF(VLOOKUP($A24,Dates,16,)>0,"Y"," "),"") -> Y | G24: =IFERROR(IF(VLOOKUP($A24,Dates,16,)>0,VLOOKUP($A24,Dates,16,)-VLOOKUP($A24,Jobs,16,)," "),"") -> -1 | H24: =_xlfn.IFNA(IF(VLOOKUP($A30,Dates,17,)>0,"Y"," "),"") -> Y | I24: =IFERROR(IF(VLOOKUP($A30,Dates,17,)>0,VLOOKUP($A30,Dates,17,)-VLOOKUP($A30,Jobs,17,)," "),"") -> 0 | K24: =_xlfn.IFNA(IF(VLOOKUP($A24,Dates,19,)>0,"Y"," "),"") -> Y | L24: =IFERROR(IF(VLOOKUP($A24,Dates,19,)>0,VLOOKUP($A24,Dates,19,)-VLOOKUP($A24,Jobs,19,)," "),"") -> 5 | M24: =IF(VLOOKUP($A24,Dates,20,)>0,VLOOKUP($A24,Dates,20,)-VLOOKUP($A24,Jobs,20,)," ") -> 4 | N24: =_xlfn.IFNA(IF(VLOOKUP($A24,Dates,20,)>0,"Y"," "),"") -> Y | O24: =IFERROR(IF(VLOOKUP($A24,Dates,21,)>0,VLOOKUP($A24,Dates,21,)-VLOOKUP($A24,Jobs,21,)," "),"") -> 168 | P24: =_xlfn.IFNA(IF(VLOOKUP($A24,Dates,22,)>0,"Y"," "),"") -> Y | Q24: =IFERROR(IF(VLOOKUP($A24,Dates,23,)>0,VLOOKUP($A24,Dates,23,)-VLOOKUP($A24,Jobs,24,)," "),"") -> -168 | R24: =_xlfn.IFNA(IF(VLOOKUP($A24,Dates,23,)>0,"Y"," "),"") -> Y | S24: =IFERROR(IF(VLOOKUP($A24,Dates,24,)>0,VLOOKUP($A24,Dates,24,)-VLOOKUP($A24,Jobs,25,)," "),"") -> -6 | T24: =_xlfn.IFNA(IF(VLOOKUP($A24,Dates,25,)>0,"Y"," "),"") -> Y | U24: =IFERROR(IF(VLOOKUP($A24,Dates,26,)>0,VLOOKUP($A24,Dates,26,)-VLOOKUP($A24,Jobs,26,)," "),"") -> -12 | V24: =_xlfn.IFNA(IF(VLOOKUP($A24,Dates,26,)>0,"Y"," "),"") -> Y | W24: =IFERROR(IF(VLOOKUP($A24,Dates,27,)>0,VLOOKUP($A24,Dates,27,)-VLOOKUP($A24,Jobs,27,)," "),"") -> 6 | X24: =_xlfn.IFNA(IF(VLOOKUP($A24,Dates,27,)>0,"Y"," "),"") -> Y | Y24: =IFERROR(IF(VLOOKUP($A24,Dates,28,)>0,VLOOKUP($A24,Dates,28,)-VLOOKUP($A24,Jobs,28,)," "),"") | Z24: =_xlfn.IFNA(IF(VLOOKUP($A24,Dates,28,)>0,"Y"," "),"") | AA24: =IFERROR(IF(VLOOKUP($A24,Dates,29,)>0,VLOOKUP($A24,Dates,29,)-VLOOKUP($A24,Jobs,29,)," "),"") | AB24: =_xlfn.IFNA(IF(VLOOKUP($A24,Dates,29,)>0,"Y"," "),"") | AC24: =IFERROR(IF(VLOOKUP($A24,Dates,30,)>0,VLOOKUP($A24,Dates,30,)-VLOOKUP($A24,Jobs,30,)," "),"") -> 65 | AD24: =_xlfn.IFNA(IF(VLOOKUP($A24,Dates,30,)>0,"Y"," "),"") -> Y | AE24: =IFERROR(IF(VLOOKUP($A24,Dates,31,)>0,VLOOKUP($A24,Dates,31,)-VLOOKUP($A24,Jobs,31,)," "),"") -> 126 | AF24: =_xlfn.IFNA(IF(AG24="",TODAY()+(VLOOKUP(A24,'Date Calcs'!A:G,7,0)*7),VLOOKUP(A24,'Actual Dates'!A:AE,21,FALSE())),"") -> 45965 | AG24: =_xlfn.IFNA(IF(VLOOKUP(A24,'Actual Dates'!A:AE,20,0)="","",VLOOKUP(A24,'Actual Dates'!A:AE,20,0)+(VLOOKUP(A24,'Date Calcs'!A:X,22,0)*7)),"") -> 45797 | AH24: =_xlfn.IFNA(IF($AG24="","",IF(X24="Y","DONE",VLOOKUP(A24,'Ship Date'!A:AE,27,0))),"") -> DONE | AI24: =IFERROR(AH24-TODAY(),0) -> 0 | AJ24: =_xlfn.IFNA(IF($AG24="","",IF(AB24="Y","DONE",VLOOKUP(A24,'Ship Date'!A:AG,29,0))),"") | AK24: =IFERROR(AJ24-TODAY(),0) -> 0 | AL24: =_xlfn.IFNA(IF($AG24="","",IF(Z24="Y","DONE",VLOOKUP(A24,'Ship Date'!A:AI,28,0))),"") | AM24: =IFERROR(AL24-TODAY(),0) -> 0 | AN24: =_xlfn.IFNA(IF(T24="Y","DONE",VLOOKUP(A24,'Ship Date'!A:AE,25,0)),"") -> DONE | AO24: =IFERROR(AP24-AN24,0) -> 0 | AP24: =_xlfn.IFNA(IF(AD24="Y","DONE",VLOOKUP(A24,'Ship Date'!A:AE,30,0)),"") -> DONE | AQ24: =IFERROR(AP24-TODAY(),0) -> 0 | AR24: =IFERROR(_xlfn.IFNA(VLOOKUP(A24,'Ship Date'!A:C,3,0),""),"") | AS24: =IFERROR(AF24-AR24,"") | AV24: =_xlfn.IFNA(IF(VLOOKUP(A24,'Actual Dates'!A:AE,31,0)="","",VLOOKUP(A24,'Actual Dates'!A:AE,31,0)),"") -> 45930
A25: ='Actual Dates'!A24 -> 25-030 | B25: =_xlfn.IFNA(VLOOKUP(A25,Jobs,2,),"") -> Irving Tissue | D25: =_xlfn.IFNA(IF(VLOOKUP($A25,Jobs,8,)>0,"Y"," "),"") -> Y | E25: =IFERROR(IF(VLOOKUP($A25,Dates,8,)>0,VLOOKUP($A25,Dates,8,)-VLOOKUP($A25,Jobs,8,)," "),"") -> 0 | F25: =_xlfn.IFNA(IF(VLOOKUP($A25,Dates,16,)>0,"Y"," "),"") -> Y | G25: =IFERROR(IF(VLOOKUP($A25,Dates,16,)>0,VLOOKUP($A25,Dates,16,)-VLOOKUP($A25,Jobs,16,)," "),"") -> -1 | H25: =_xlfn.IFNA(IF(VLOOKUP($A31,Dates,17,)>0,"Y"," "),"") -> Y | I25: =IFERROR(IF(VLOOKUP($A31,Dates,17,)>0,VLOOKUP($A31,Dates,17,)-VLOOKUP($A31,Jobs,17,)," "),"") -> 0 | K25: =_xlfn.IFNA(IF(VLOOKUP($A25,Dates,19,)>0,"Y"," "),"") -> Y | L25: =IFERROR(IF(VLOOKUP($A25,Dates,19,)>0,VLOOKUP($A25,Dates,19,)-VLOOKUP($A25,Jobs,19,)," "),"") -> 5 | M25: =IF(VLOOKUP($A25,Dates,20,)>0,VLOOKUP($A25,Dates,20,)-VLOOKUP($A25,Jobs,20,)," ") -> 4 | N25: =_xlfn.IFNA(IF(VLOOKUP($A25,Dates,20,)>0,"Y"," "),"") -> Y | O25: =IFERROR(IF(VLOOKUP($A25,Dates,21,)>0,VLOOKUP($A25,Dates,21,)-VLOOKUP($A25,Jobs,21,)," "),"") -> 168 | P25: =_xlfn.IFNA(IF(VLOOKUP($A25,Dates,22,)>0,"Y"," "),"") -> Y | Q25: =IFERROR(IF(VLOOKUP($A25,Dates,23,)>0,VLOOKUP($A25,Dates,23,)-VLOOKUP($A25,Jobs,24,)," "),"") -> -166 | R25: =_xlfn.IFNA(IF(VLOOKUP($A25,Dates,23,)>0,"Y"," "),"") -> Y | S25: =IFERROR(IF(VLOOKUP($A25,Dates,24,)>0,VLOOKUP($A25,Dates,24,)-VLOOKUP($A25,Jobs,25,)," "),"") -> -4 | T25: =_xlfn.IFNA(IF(VLOOKUP($A25,Dates,25,)>0,"Y"," "),"") -> Y | U25: =IFERROR(IF(VLOOKUP($A25,Dates,26,)>0,VLOOKUP($A25,Dates,26,)-VLOOKUP($A25,Jobs,26,)," "),"") -> -11 | V25: =_xlfn.IFNA(IF(VLOOKUP($A25,Dates,26,)>0,"Y"," "),"") -> Y | W25: =IFERROR(IF(VLOOKUP($A25,Dates,27,)>0,VLOOKUP($A25,Dates,27,)-VLOOKUP($A25,Jobs,27,)," "),"") -> 6 | X25: =_xlfn.IFNA(IF(VLOOKUP($A25,Dates,27,)>0,"Y"," "),"") -> Y | Y25: =IFERROR(IF(VLOOKUP($A25,Dates,28,)>0,VLOOKUP($A25,Dates,28,)-VLOOKUP($A25,Jobs,28,)," "),"") | Z25: =_xlfn.IFNA(IF(VLOOKUP($A25,Dates,28,)>0,"Y"," "),"") | AA25: =IFERROR(IF(VLOOKUP($A25,Dates,29,)>0,VLOOKUP($A25,Dates,29,)-VLOOKUP($A25,Jobs,29,)," "),"") | AB25: =_xlfn.IFNA(IF(VLOOKUP($A25,Dates,29,)>0,"Y"," "),"") | AC25: =IFERROR(IF(VLOOKUP($A25,Dates,30,)>0,VLOOKUP($A25,Dates,30,)-VLOOKUP($A25,Jobs,30,)," "),"") -> 65 | AD25: =_xlfn.IFNA(IF(VLOOKUP($A25,Dates,30,)>0,"Y"," "),"") -> Y | AE25: =IFERROR(IF(VLOOKUP($A25,Dates,31,)>0,VLOOKUP($A25,Dates,31,)-VLOOKUP($A25,Jobs,31,)," "),"") -> 126 | AF25: =_xlfn.IFNA(IF(AG25="",TODAY()+(VLOOKUP(A25,'Date Calcs'!A:G,7,0)*7),VLOOKUP(A25,'Actual Dates'!A:AE,21,FALSE())),"") -> 45965 | AG25: =_xlfn.IFNA(IF(VLOOKUP(A25,'Actual Dates'!A:AE,20,0)="","",VLOOKUP(A25,'Actual Dates'!A:AE,20,0)+(VLOOKUP(A25,'Date Calcs'!A:X,22,0)*7)),"") -> 45797 | AH25: =_xlfn.IFNA(IF($AG25="","",IF(X25="Y","DONE",VLOOKUP(A25,'Ship Date'!A:AE,27,0))),"") -> DONE | AI25: =IFERROR(AH25-TODAY(),0) -> 0 | AJ25: =_xlfn.IFNA(IF($AG25="","",IF(AB25="Y","DONE",VLOOKUP(A25,'Ship Date'!A:AG,29,0))),"") | AK25: =IFERROR(AJ25-TODAY(),0) -> 0 | AL25: =_xlfn.IFNA(IF($AG25="","",IF(Z25="Y","DONE",VLOOKUP(A25,'Ship Date'!A:AI,28,0))),"") | AM25: =IFERROR(AL25-TODAY(),0) -> 0 | AN25: =_xlfn.IFNA(IF(T25="Y","DONE",VLOOKUP(A25,'Ship Date'!A:AE,25,0)),"") -> DONE | AO25: =IFERROR(AP25-AN25,0) -> 0 | AP25: =_xlfn.IFNA(IF(AD25="Y","DONE",VLOOKUP(A25,'Ship Date'!A:AE,30,0)),"") -> DONE | AQ25: =IFERROR(AP25-TODAY(),0) -> 0 | AR25: =IFERROR(_xlfn.IFNA(VLOOKUP(A25,'Ship Date'!A:C,3,0),""),"") | AS25: =IFERROR(AF25-AR25,"") | AV25: =_xlfn.IFNA(IF(VLOOKUP(A25,'Actual Dates'!A:AE,31,0)="","",VLOOKUP(A25,'Actual Dates'!A:AE,31,0)),"") -> 45930
A26: ='Actual Dates'!A25 -> 25-031 | B26: =_xlfn.IFNA(VLOOKUP(A26,Jobs,2,),"") -> Irving Tissue | D26: =_xlfn.IFNA(IF(VLOOKUP($A26,Jobs,8,)>0,"Y"," "),"") -> Y | E26: =IFERROR(IF(VLOOKUP($A26,Dates,8,)>0,VLOOKUP($A26,Dates,8,)-VLOOKUP($A26,Jobs,8,)," "),"") -> -6 | F26: =_xlfn.IFNA(IF(VLOOKUP($A26,Dates,16,)>0,"Y"," "),"") -> Y | G26: =IFERROR(IF(VLOOKUP($A26,Dates,16,)>0,VLOOKUP($A26,Dates,16,)-VLOOKUP($A26,Jobs,16,)," "),"") -> -1 | H26: =_xlfn.IFNA(IF(VLOOKUP($A32,Dates,17,)>0,"Y"," "),"") -> Y | I26: =IFERROR(IF(VLOOKUP($A32,Dates,17,)>0,VLOOKUP($A32,Dates,17,)-VLOOKUP($A32,Jobs,17,)," "),"") -> 0 | K26: =_xlfn.IFNA(IF(VLOOKUP($A26,Dates,19,)>0,"Y"," "),"") -> Y | L26: =IFERROR(IF(VLOOKUP($A26,Dates,19,)>0,VLOOKUP($A26,Dates,19,)-VLOOKUP($A26,Jobs,19,)," "),"") -> 5 | M26: =IF(VLOOKUP($A26,Dates,20,)>0,VLOOKUP($A26,Dates,20,)-VLOOKUP($A26,Jobs,20,)," ") -> 4 | N26: =_xlfn.IFNA(IF(VLOOKUP($A26,Dates,20,)>0,"Y"," "),"") -> Y | O26: =IFERROR(IF(VLOOKUP($A26,Dates,21,)>0,VLOOKUP($A26,Dates,21,)-VLOOKUP($A26,Jobs,21,)," "),"") -> 168 | P26: =_xlfn.IFNA(IF(VLOOKUP($A26,Dates,22,)>0,"Y"," "),"") -> Y | Q26: =IFERROR(IF(VLOOKUP($A26,Dates,23,)>0,VLOOKUP($A26,Dates,23,)-VLOOKUP($A26,Jobs,24,)," "),"") -> 182455 | R26: =_xlfn.IFNA(IF(VLOOKUP($A26,Dates,23,)>0,"Y"," "),"") -> Y | S26: =IFERROR(IF(VLOOKUP($A26,Dates,24,)>0,VLOOKUP($A26,Dates,24,)-VLOOKUP($A26,Jobs,25,)," "),"") -> -2 | T26: =_xlfn.IFNA(IF(VLOOKUP($A26,Dates,25,)>0,"Y"," "),"") -> Y | U26: =IFERROR(IF(VLOOKUP($A26,Dates,26,)>0,VLOOKUP($A26,Dates,26,)-VLOOKUP($A26,Jobs,26,)," "),"") -> -9 | V26: =_xlfn.IFNA(IF(VLOOKUP($A26,Dates,26,)>0,"Y"," "),"") -> Y | W26: =IFERROR(IF(VLOOKUP($A26,Dates,27,)>0,VLOOKUP($A26,Dates,27,)-VLOOKUP($A26,Jobs,27,)," "),"") -> 1 | X26: =_xlfn.IFNA(IF(VLOOKUP($A26,Dates,27,)>0,"Y"," "),"") -> Y | Y26: =IFERROR(IF(VLOOKUP($A26,Dates,28,)>0,VLOOKUP($A26,Dates,28,)-VLOOKUP($A26,Jobs,28,)," "),"") | Z26: =_xlfn.IFNA(IF(VLOOKUP($A26,Dates,28,)>0,"Y"," "),"") | AA26: =IFERROR(IF(VLOOKUP($A26,Dates,29,)>0,VLOOKUP($A26,Dates,29,)-VLOOKUP($A26,Jobs,29,)," "),"") | AB26: =_xlfn.IFNA(IF(VLOOKUP($A26,Dates,29,)>0,"Y"," "),"") | AC26: =IFERROR(IF(VLOOKUP($A26,Dates,30,)>0,VLOOKUP($A26,Dates,30,)-VLOOKUP($A26,Jobs,30,)," "),"") -> 62 | AD26: =_xlfn.IFNA(IF(VLOOKUP($A26,Dates,30,)>0,"Y"," "),"") -> Y | AE26: =IFERROR(IF(VLOOKUP($A26,Dates,31,)>0,VLOOKUP($A26,Dates,31,)-VLOOKUP($A26,Jobs,31,)," "),"") -> 146 | AF26: =_xlfn.IFNA(IF(AG26="",TODAY()+(VLOOKUP(A26,'Date Calcs'!A:G,7,0)*7),VLOOKUP(A26,'Actual Dates'!A:AE,21,FALSE())),"") -> 45973 | AG26: =_xlfn.IFNA(IF(VLOOKUP(A26,'Actual Dates'!A:AE,20,0)="","",VLOOKUP(A26,'Actual Dates'!A:AE,20,0)+(VLOOKUP(A26,'Date Calcs'!A:X,22,0)*7)),"") -> 45805 | AH26: =_xlfn.IFNA(IF($AG26="","",IF(X26="Y","DONE",VLOOKUP(A26,'Ship Date'!A:AE,27,0))),"") -> DONE | AI26: =IFERROR(AH26-TODAY(),0) -> 0 | AJ26: =_xlfn.IFNA(IF($AG26="","",IF(AB26="Y","DONE",VLOOKUP(A26,'Ship Date'!A:AG,29,0))),"") | AK26: =IFERROR(AJ26-TODAY(),0) -> 0 | AL26: =_xlfn.IFNA(IF($AG26="","",IF(Z26="Y","DONE",VLOOKUP(A26,'Ship Date'!A:AI,28,0))),"") | AM26: =IFERROR(AL26-TODAY(),0) -> 0 | AN26: =_xlfn.IFNA(IF(T26="Y","DONE",VLOOKUP(A26,'Ship Date'!A:AE,25,0)),"") -> DONE | AO26: =IFERROR(AP26-AN26,0) -> 0 | AP26: =_xlfn.IFNA(IF(AD26="Y","DONE",VLOOKUP(A26,'Ship Date'!A:AE,30,0)),"") -> DONE | AQ26: =IFERROR(AP26-TODAY(),0) -> 0 | AR26: =IFERROR(_xlfn.IFNA(VLOOKUP(A26,'Ship Date'!A:C,3,0),""),"") | AS26: =IFERROR(AF26-AR26,"") | AV26: =_xlfn.IFNA(IF(VLOOKUP(A26,'Actual Dates'!A:AE,31,0)="","",VLOOKUP(A26,'Actual Dates'!A:AE,31,0)),"") -> 45958
... A33: ='Actual Dates'!A32 -> 25-039 | B33: =_xlfn.IFNA(VLOOKUP(A33,Jobs,2,),"") -> Zachry | D33: =_xlfn.IFNA(IF(VLOOKUP($A33,Jobs,8,)>0,"Y"," "),"") -> Y | E33: =IFERROR(IF(VLOOKUP($A33,Dates,8,)>0,VLOOKUP($A33,Dates,8,)-VLOOKUP($A33,Jobs,8,)," "),"") -> 1 | F33: =_xlfn.IFNA(IF(VLOOKUP($A33,Dates,16,)>0,"Y"," "),"") -> Y | G33: =IFERROR(IF(VLOOKUP($A33,Dates,16,)>0,VLOOKUP($A33,Dates,16,)-VLOOKUP($A33,Jobs,16,)," "),"") -> -6 | H33: =_xlfn.IFNA(IF(VLOOKUP($A39,Dates,17,)>0,"Y"," "),"") -> Y | I33: =IFERROR(IF(VLOOKUP($A39,Dates,17,)>0,VLOOKUP($A39,Dates,17,)-VLOOKUP($A39,Jobs,17,)," "),"") -> 57 | K33: =_xlfn.IFNA(IF(VLOOKUP($A33,Dates,19,)>0,"Y"," "),"") -> Y | L33: =IFERROR(IF(VLOOKUP($A33,Dates,19,)>0,VLOOKUP($A33,Dates,19,)-VLOOKUP($A33,Jobs,19,)," "),"") -> 3 | M33: =IF(VLOOKUP($A33,Dates,20,)>0,VLOOKUP($A33,Dates,20,)-VLOOKUP($A33,Jobs,20,)," ") -> 2 | N33: =_xlfn.IFNA(IF(VLOOKUP($A33,Dates,20,)>0,"Y"," "),"") -> Y | O33: =IFERROR(IF(VLOOKUP($A33,Dates,21,)>0,VLOOKUP($A33,Dates,21,)-VLOOKUP($A33,Jobs,21,)," "),"") -> 110 | P33: =_xlfn.IFNA(IF(VLOOKUP($A33,Dates,22,)>0,"Y"," "),"") -> Y | Q33: =IFERROR(IF(VLOOKUP($A33,Dates,23,)>0,VLOOKUP($A33,Dates,23,)-VLOOKUP($A33,Jobs,24,)," "),"") -> -108 | R33: =_xlfn.IFNA(IF(VLOOKUP($A33,Dates,23,)>0,"Y"," "),"") -> Y | S33: =IFERROR(IF(VLOOKUP($A33,Dates,24,)>0,VLOOKUP($A33,Dates,24,)-VLOOKUP($A33,Jobs,25,)," "),"") -> -2 | T33: =_xlfn.IFNA(IF(VLOOKUP($A33,Dates,25,)>0,"Y"," "),"") -> Y | U33: =IFERROR(IF(VLOOKUP($A33,Dates,26,)>0,VLOOKUP($A33,Dates,26,)-VLOOKUP($A33,Jobs,26,)," "),"") -> -8 | V33: =_xlfn.IFNA(IF(VLOOKUP($A33,Dates,26,)>0,"Y"," "),"") -> Y | W33: =IFERROR(IF(VLOOKUP($A33,Dates,27,)>0,VLOOKUP($A33,Dates,27,)-VLOOKUP($A33,Jobs,27,)," "),"") -> -14 | X33: =_xlfn.IFNA(IF(VLOOKUP($A33,Dates,27,)>0,"Y"," "),"") -> Y | Y33: =IFERROR(IF(VLOOKUP($A33,Dates,28,)>0,VLOOKUP($A33,Dates,28,)-VLOOKUP($A33,Jobs,28,)," "),"") | Z33: =_xlfn.IFNA(IF(VLOOKUP($A33,Dates,28,)>0,"Y"," "),"") | AA33: =IFERROR(IF(VLOOKUP($A33,Dates,29,)>0,VLOOKUP($A33,Dates,29,)-VLOOKUP($A33,Jobs,29,)," "),"") | AB33: =_xlfn.IFNA(IF(VLOOKUP($A33,Dates,29,)>0,"Y"," "),"") | AC33: =IFERROR(IF(VLOOKUP($A33,Dates,30,)>0,VLOOKUP($A33,Dates,30,)-VLOOKUP($A33,Jobs,30,)," "),"") -> 6 | AD33: =_xlfn.IFNA(IF(VLOOKUP($A33,Dates,30,)>0,"Y"," "),"") -> Y | AE33: =IFERROR(IF(VLOOKUP($A33,Dates,31,)>0,VLOOKUP($A33,Dates,31,)-VLOOKUP($A33,Jobs,31,)," "),"") -> 92 | AF33: =_xlfn.IFNA(IF(AG33="",TODAY()+(VLOOKUP(A33,'Date Calcs'!A:G,7,0)*7),VLOOKUP(A33,'Actual Dates'!A:AE,21,FALSE())),"") -> 45895 | AG33: =_xlfn.IFNA(IF(VLOOKUP(A33,'Actual Dates'!A:AE,20,0)="","",VLOOKUP(A33,'Actual Dates'!A:AE,20,0)+(VLOOKUP(A33,'Date Calcs'!A:X,22,0)*7)),"") -> 45783 | AH33: =_xlfn.IFNA(IF($AG33="","",IF(X33="Y","DONE",VLOOKUP(A33,'Ship Date'!A:AE,27,0))),"") -> DONE | AI33: =IFERROR(AH33-TODAY(),0) -> 0 | AJ33: =_xlfn.IFNA(IF($AG33="","",IF(AB33="Y","DONE",VLOOKUP(A33,'Ship Date'!A:AG,29,0))),"") | AK33: =IFERROR(AJ33-TODAY(),0) -> 0 | AL33: =_xlfn.IFNA(IF($AG33="","",IF(Z33="Y","DONE",VLOOKUP(A33,'Ship Date'!A:AI,28,0))),"") | AM33: =IFERROR(AL33-TODAY(),0) -> 0 | AN33: =_xlfn.IFNA(IF(T33="Y","DONE",VLOOKUP(A33,'Ship Date'!A:AE,25,0)),"") -> DONE | AO33: =IFERROR(AP33-AN33,0) -> 0 | AP33: =_xlfn.IFNA(IF(AD33="Y","DONE",VLOOKUP(A33,'Ship Date'!A:AE,30,0)),"") -> DONE | AQ33: =IFERROR(AP33-TODAY(),0) -> 0 | AR33: =IFERROR(_xlfn.IFNA(VLOOKUP(A33,'Ship Date'!A:C,3,0),""),"") | AS33: =IFERROR(AF33-AR33,"") | AV33: =_xlfn.IFNA(IF(VLOOKUP(A33,'Actual Dates'!A:AE,31,0)="","",VLOOKUP(A33,'Actual Dates'!A:AE,31,0)),"") -> 45884
A34: ='Actual Dates'!A33 -> 25-040 | B34: =_xlfn.IFNA(VLOOKUP(A34,Jobs,2,),"") -> NAK Kiln | D34: =_xlfn.IFNA(IF(VLOOKUP($A34,Jobs,8,)>0,"Y"," "),"") -> Y | E34: =IFERROR(IF(VLOOKUP($A34,Dates,8,)>0,VLOOKUP($A34,Dates,8,)-VLOOKUP($A34,Jobs,8,)," "),"") -> -29 | F34: =_xlfn.IFNA(IF(VLOOKUP($A34,Dates,16,)>0,"Y"," "),"") -> Y | G34: =IFERROR(IF(VLOOKUP($A34,Dates,16,)>0,VLOOKUP($A34,Dates,16,)-VLOOKUP($A34,Jobs,16,)," "),"") -> -14 | H34: =_xlfn.IFNA(IF(VLOOKUP($A40,Dates,17,)>0,"Y"," "),"") -> Y | I34: =IFERROR(IF(VLOOKUP($A40,Dates,17,)>0,VLOOKUP($A40,Dates,17,)-VLOOKUP($A40,Jobs,17,)," "),"") -> -8 | K34: =_xlfn.IFNA(IF(VLOOKUP($A34,Dates,19,)>0,"Y"," "),"") -> Y | L34: =IFERROR(IF(VLOOKUP($A34,Dates,19,)>0,VLOOKUP($A34,Dates,19,)-VLOOKUP($A34,Jobs,19,)," "),"") -> 14 | M34: =IF(VLOOKUP($A34,Dates,20,)>0,VLOOKUP($A34,Dates,20,)-VLOOKUP($A34,Jobs,20,)," ") -> 13 | N34: =_xlfn.IFNA(IF(VLOOKUP($A34,Dates,20,)>0,"Y"," "),"") -> Y | O34: =IFERROR(IF(VLOOKUP($A34,Dates,21,)>0,VLOOKUP($A34,Dates,21,)-VLOOKUP($A34,Jobs,21,)," "),"") -> 366 | P34: =_xlfn.IFNA(IF(VLOOKUP($A34,Dates,22,)>0,"Y"," "),"") -> Y | Q34: =IFERROR(IF(VLOOKUP($A34,Dates,23,)>0,VLOOKUP($A34,Dates,23,)-VLOOKUP($A34,Jobs,24,)," "),"") -> -161 | R34: =_xlfn.IFNA(IF(VLOOKUP($A34,Dates,23,)>0,"Y"," "),"") -> Y | S34: =IFERROR(IF(VLOOKUP($A34,Dates,24,)>0,VLOOKUP($A34,Dates,24,)-VLOOKUP($A34,Jobs,25,)," "),"") -> 189 | T34: =_xlfn.IFNA(IF(VLOOKUP($A34,Dates,25,)>0,"Y"," "),"") -> Y | U34: =IFERROR(IF(VLOOKUP($A34,Dates,26,)>0,VLOOKUP($A34,Dates,26,)-VLOOKUP($A34,Jobs,26,)," "),"") -> 182 | V34: =_xlfn.IFNA(IF(VLOOKUP($A34,Dates,26,)>0,"Y"," "),"") -> Y | W34: =IFERROR(IF(VLOOKUP($A34,Dates,27,)>0,VLOOKUP($A34,Dates,27,)-VLOOKUP($A34,Jobs,27,)," "),"") -> 182 | X34: =_xlfn.IFNA(IF(VLOOKUP($A34,Dates,27,)>0,"Y"," "),"") -> Y | Y34: =IFERROR(IF(VLOOKUP($A34,Dates,28,)>0,VLOOKUP($A34,Dates,28,)-VLOOKUP($A34,Jobs,28,)," "),"") -> 183 | Z34: =_xlfn.IFNA(IF(VLOOKUP($A34,Dates,28,)>0,"Y"," "),"") -> Y | AA34: =IFERROR(IF(VLOOKUP($A34,Dates,29,)>0,VLOOKUP($A34,Dates,29,)-VLOOKUP($A34,Jobs,29,)," "),"") -> 182 | AB34: =_xlfn.IFNA(IF(VLOOKUP($A34,Dates,29,)>0,"Y"," "),"") -> Y | AC34: =IFERROR(IF(VLOOKUP($A34,Dates,30,)>0,VLOOKUP($A34,Dates,30,)-VLOOKUP($A34,Jobs,30,)," "),"") -> 182 | AD34: =_xlfn.IFNA(IF(VLOOKUP($A34,Dates,30,)>0,"Y"," "),"") -> Y | AE34: =IFERROR(IF(VLOOKUP($A34,Dates,31,)>0,VLOOKUP($A34,Dates,31,)-VLOOKUP($A34,Jobs,31,)," "),"") | AF34: =_xlfn.IFNA(IF(AG34="",TODAY()+(VLOOKUP(A34,'Date Calcs'!A:G,7,0)*7),VLOOKUP(A34,'Actual Dates'!A:AE,21,FALSE())),"") -> 46086 | AG34: =IF(VLOOKUP(A34,'Actual Dates'!A:AE,20,0)="","",VLOOKUP(A34,'Actual Dates'!A:AE,20,0)) -> 45729 | AH34: =_xlfn.IFNA(IF($AG34="","",IF(X34="Y","DONE",VLOOKUP(A34,'Ship Date'!A:AE,27,0))),"") -> DONE | AI34: =IFERROR(AH34-TODAY(),0) -> 0 | AJ34: =_xlfn.IFNA(IF($AG34="","",IF(AB34="Y","DONE",VLOOKUP(A34,'Ship Date'!A:AG,29,0))),"") -> DONE | AK34: =IFERROR(AJ34-TODAY(),0) -> 0 | AL34: =_xlfn.IFNA(IF($AG34="","",IF(Z34="Y","DONE",VLOOKUP(A34,'Ship Date'!A:AI,28,0))),"") -> DONE | AM34: =IFERROR(AL34-TODAY(),0) -> 0 | AN34: =_xlfn.IFNA(IF(T34="Y","DONE",VLOOKUP(A34,'Ship Date'!A:AE,25,0)),"") -> DONE | AO34: =IFERROR(AP34-AN34,0) -> 0 | AP34: =_xlfn.IFNA(IF(AD34="Y","DONE",VLOOKUP(A34,'Ship Date'!A:AE,30,0)),"") -> DONE | AQ34: =IFERROR(AP34-TODAY(),0) -> 0 | AR34: =IFERROR(_xlfn.IFNA(VLOOKUP(A34,'Ship Date'!A:C,3,0),""),"") | AS34: =IFERROR(AF34-AR34,"") | AT34: =_xlfn.IFNA(IF(VLOOKUP(A34,'Actual Dates'!A:AF,32,0)="N/A"," ",VLOOKUP(A34,'Actual Dates'!A:AF,32,0))," ") | AV34: =_xlfn.IFNA(IF(VLOOKUP(A34,'Actual Dates'!A:AE,31,0)="","",VLOOKUP(A34,'Actual Dates'!A:AE,31,0)),"")
A35: ='Actual Dates'!A34 -> 25-042 | B35: =_xlfn.IFNA(VLOOKUP(A35,Jobs,2,),"") -> Andritz | D35: =_xlfn.IFNA(IF(VLOOKUP($A35,Jobs,8,)>0,"Y"," "),"") -> Y | E35: =IFERROR(IF(VLOOKUP($A35,Dates,8,)>0,VLOOKUP($A35,Dates,8,)-VLOOKUP($A35,Jobs,8,)," "),"") -> -15 | F35: =_xlfn.IFNA(IF(VLOOKUP($A35,Dates,16,)>0,"Y"," "),"") -> Y | G35: =IFERROR(IF(VLOOKUP($A35,Dates,16,)>0,VLOOKUP($A35,Dates,16,)-VLOOKUP($A35,Jobs,16,)," "),"") -> -6 | H35: =_xlfn.IFNA(IF(VLOOKUP($A41,Dates,17,)>0,"Y"," "),"") -> Y | I35: =IFERROR(IF(VLOOKUP($A41,Dates,17,)>0,VLOOKUP($A41,Dates,17,)-VLOOKUP($A41,Jobs,17,)," "),"") -> 165 | K35: =_xlfn.IFNA(IF(VLOOKUP($A35,Dates,19,)>0,"Y"," "),"") -> Y | L35: =IFERROR(IF(VLOOKUP($A35,Dates,19,)>0,VLOOKUP($A35,Dates,19,)-VLOOKUP($A35,Jobs,19,)," "),"") -> 1 | M35: =IF(VLOOKUP($A35,Dates,20,)>0,VLOOKUP($A35,Dates,20,)-VLOOKUP($A35,Jobs,20,)," ") -> 0 | N35: =_xlfn.IFNA(IF(VLOOKUP($A35,Dates,20,)>0,"Y"," "),"") -> Y | O35: =IFERROR(IF(VLOOKUP($A35,Dates,21,)>0,VLOOKUP($A35,Dates,21,)-VLOOKUP($A35,Jobs,21,)," "),"") -> 66 | P35: =_xlfn.IFNA(IF(VLOOKUP($A35,Dates,22,)>0,"Y"," "),"") -> Y | Q35: =IFERROR(IF(VLOOKUP($A35,Dates,23,)>0,VLOOKUP($A35,Dates,23,)-VLOOKUP($A35,Jobs,24,)," "),"") -> -68 | R35: =_xlfn.IFNA(IF(VLOOKUP($A35,Dates,23,)>0,"Y"," "),"") -> Y | S35: =IFERROR(IF(VLOOKUP($A35,Dates,24,)>0,VLOOKUP($A35,Dates,24,)-VLOOKUP($A35,Jobs,25,)," "),"") -> -4 | T35: =_xlfn.IFNA(IF(VLOOKUP($A35,Dates,25,)>0,"Y"," "),"") -> Y | U35: =IFERROR(IF(VLOOKUP($A35,Dates,26,)>0,VLOOKUP($A35,Dates,26,)-VLOOKUP($A35,Jobs,26,)," "),"") -> -11 | V35: =_xlfn.IFNA(IF(VLOOKUP($A35,Dates,26,)>0,"Y"," "),"") -> Y | W35: =IFERROR(IF(VLOOKUP($A35,Dates,27,)>0,VLOOKUP($A35,Dates,27,)-VLOOKUP($A35,Jobs,27,)," "),"") -> 11 | X35: =_xlfn.IFNA(IF(VLOOKUP($A35,Dates,27,)>0,"Y"," "),"") -> Y | Y35: =IFERROR(IF(VLOOKUP($A35,Dates,28,)>0,VLOOKUP($A35,Dates,28,)-VLOOKUP($A35,Jobs,28,)," "),"") | Z35: =_xlfn.IFNA(IF(VLOOKUP($A35,Dates,28,)>0,"Y"," "),"") | AA35: =IFERROR(IF(VLOOKUP($A35,Dates,29,)>0,VLOOKUP($A35,Dates,29,)-VLOOKUP($A35,Jobs,29,)," "),"") | AB35: =_xlfn.IFNA(IF(VLOOKUP($A35,Dates,29,)>0,"Y"," "),"") | AC35: =IFERROR(IF(VLOOKUP($A35,Dates,30,)>0,VLOOKUP($A35,Dates,30,)-VLOOKUP($A35,Jobs,30,)," "),"") -> 21 | AD35: =_xlfn.IFNA(IF(VLOOKUP($A35,Dates,30,)>0,"Y"," "),"") -> Y | AE35: =IFERROR(IF(VLOOKUP($A35,Dates,31,)>0,VLOOKUP($A35,Dates,31,)-VLOOKUP($A35,Jobs,31,)," "),"") -> 86 | AF35: =_xlfn.IFNA(IF(AG35="",TODAY()+(VLOOKUP(A35,'Date Calcs'!A:G,7,0)*7),VLOOKUP(A35,'Actual Dates'!A:AE,21,FALSE())),"") -> 45869 | AG35: =_xlfn.IFNA(IF(VLOOKUP(A35,'Actual Dates'!A:AE,20,0)="","",VLOOKUP(A35,'Actual Dates'!A:AE,20,0)+(VLOOKUP(A35,'Date Calcs'!A:X,22,0)*7)),"") -> 45799 | AH35: =_xlfn.IFNA(IF($AG35="","",IF(X35="Y","DONE",VLOOKUP(A35,'Ship Date'!A:AE,27,0))),"") -> DONE | AI35: =IFERROR(AH35-TODAY(),0) -> 0 | AJ35: =_xlfn.IFNA(IF($AG35="","",IF(AB35="Y","DONE",VLOOKUP(A35,'Ship Date'!A:AG,29,0))),"") | AK35: =IFERROR(AJ35-TODAY(),0) -> 0 | AL35: =_xlfn.IFNA(IF($AG35="","",IF(Z35="Y","DONE",VLOOKUP(A35,'Ship Date'!A:AI,28,0))),"") | AM35: =IFERROR(AL35-TODAY(),0) -> 0 | AN35: =_xlfn.IFNA(IF(T35="Y","DONE",VLOOKUP(A35,'Ship Date'!A:AE,25,0)),"") -> DONE | AO35: =IFERROR(AP35-AN35,0) -> 0 | AP35: =_xlfn.IFNA(IF(AD35="Y","DONE",VLOOKUP(A35,'Ship Date'!A:AE,30,0)),"") -> DONE | AQ35: =IFERROR(AP35-TODAY(),0) -> 0 | AR35: =IFERROR(_xlfn.IFNA(VLOOKUP(A35,'Ship Date'!A:C,3,0),""),"") | AS35: =IFERROR(AF35-AR35,"") | AV35: =_xlfn.IFNA(IF(VLOOKUP(A35,'Actual Dates'!A:AE,31,0)="","",VLOOKUP(A35,'Actual Dates'!A:AE,31,0)),"") -> 45896
A36: ='Actual Dates'!A35 -> 25-044 | B36: =_xlfn.IFNA(VLOOKUP(A36,Jobs,2,),"") -> Noah Industrial | D36: =_xlfn.IFNA(IF(VLOOKUP($A36,Jobs,8,)>0,"Y"," "),"") -> Y | E36: =IFERROR(IF(VLOOKUP($A36,Dates,8,)>0,VLOOKUP($A36,Dates,8,)-VLOOKUP($A36,Jobs,8,)," "),"") -> 15 | F36: =_xlfn.IFNA(IF(VLOOKUP($A36,Dates,16,)>0,"Y"," "),"") -> Y | G36: =IFERROR(IF(VLOOKUP($A36,Dates,16,)>0,VLOOKUP($A36,Dates,16,)-VLOOKUP($A36,Jobs,16,)," "),"") -> 8 | H36: =_xlfn.IFNA(IF(VLOOKUP($A42,Dates,17,)>0,"Y"," "),"") -> Y | I36: =IFERROR(IF(VLOOKUP($A42,Dates,17,)>0,VLOOKUP($A42,Dates,17,)-VLOOKUP($A42,Jobs,17,)," "),"") | K36: =_xlfn.IFNA(IF(VLOOKUP($A36,Dates,19,)>0,"Y"," "),"") -> Y | L36: =IFERROR(IF(VLOOKUP($A36,Dates,19,)>0,VLOOKUP($A36,Dates,19,)-VLOOKUP($A36,Jobs,19,)," "),"") -> -1 | M36: =IF(VLOOKUP($A36,Dates,20,)>0,VLOOKUP($A36,Dates,20,)-VLOOKUP($A36,Jobs,20,)," ") -> -2 | N36: =_xlfn.IFNA(IF(VLOOKUP($A36,Dates,20,)>0,"Y"," "),"") -> Y | O36: =IFERROR(IF(VLOOKUP($A36,Dates,21,)>0,VLOOKUP($A36,Dates,21,)-VLOOKUP($A36,Jobs,21,)," "),"") -> 78 | P36: =_xlfn.IFNA(IF(VLOOKUP($A36,Dates,22,)>0,"Y"," "),"") -> Y | Q36: =IFERROR(IF(VLOOKUP($A36,Dates,23,)>0,VLOOKUP($A36,Dates,23,)-VLOOKUP($A36,Jobs,24,)," "),"") -> -77 | R36: =_xlfn.IFNA(IF(VLOOKUP($A36,Dates,23,)>0,"Y"," "),"") -> Y | S36: =IFERROR(IF(VLOOKUP($A36,Dates,24,)>0,VLOOKUP($A36,Dates,24,)-VLOOKUP($A36,Jobs,25,)," "),"") -> 5 | T36: =_xlfn.IFNA(IF(VLOOKUP($A36,Dates,25,)>0,"Y"," "),"") -> Y | U36: =IFERROR(IF(VLOOKUP($A36,Dates,26,)>0,VLOOKUP($A36,Dates,26,)-VLOOKUP($A36,Jobs,26,)," "),"") -> -2 | V36: =_xlfn.IFNA(IF(VLOOKUP($A36,Dates,26,)>0,"Y"," "),"") -> Y | W36: =IFERROR(IF(VLOOKUP($A36,Dates,27,)>0,VLOOKUP($A36,Dates,27,)-VLOOKUP($A36,Jobs,27,)," "),"") -> -1 | X36: =_xlfn.IFNA(IF(VLOOKUP($A36,Dates,27,)>0,"Y"," "),"") -> Y | Y36: =IFERROR(IF(VLOOKUP($A36,Dates,28,)>0,VLOOKUP($A36,Dates,28,)-VLOOKUP($A36,Jobs,28,)," "),"") | Z36: =_xlfn.IFNA(IF(VLOOKUP($A36,Dates,28,)>0,"Y"," "),"") | AA36: =IFERROR(IF(VLOOKUP($A36,Dates,29,)>0,VLOOKUP($A36,Dates,29,)-VLOOKUP($A36,Jobs,29,)," "),"") | AB36: =_xlfn.IFNA(IF(VLOOKUP($A36,Dates,29,)>0,"Y"," "),"") | AC36: =IFERROR(IF(VLOOKUP($A36,Dates,30,)>0,VLOOKUP($A36,Dates,30,)-VLOOKUP($A36,Jobs,30,)," "),"") -> 5 | AD36: =_xlfn.IFNA(IF(VLOOKUP($A36,Dates,30,)>0,"Y"," "),"") -> Y | AE36: =IFERROR(IF(VLOOKUP($A36,Dates,31,)>0,VLOOKUP($A36,Dates,31,)-VLOOKUP($A36,Jobs,31,)," "),"") -> 63 | AF36: =_xlfn.IFNA(IF(AG36="",TODAY()+(VLOOKUP(A36,'Date Calcs'!A:G,7,0)*7),VLOOKUP(A36,'Actual Dates'!A:AE,21,FALSE())),"") -> 45891 | AG36: =_xlfn.IFNA(IF(VLOOKUP(A36,'Actual Dates'!A:AE,20,0)="","",VLOOKUP(A36,'Actual Dates'!A:AE,20,0)+(VLOOKUP(A36,'Date Calcs'!A:X,22,0)*7)),"") -> 45807 | AH36: =_xlfn.IFNA(IF($AG36="","",IF(X36="Y","DONE",VLOOKUP(A36,'Ship Date'!A:AE,27,0))),"") -> DONE | AI36: =IFERROR(AH36-TODAY(),0) -> 0 | AJ36: =_xlfn.IFNA(IF($AG36="","",IF(AB36="Y","DONE",VLOOKUP(A36,'Ship Date'!A:AG,29,0))),"") | AK36: =IFERROR(AJ36-TODAY(),0) -> 0 | AL36: =_xlfn.IFNA(IF($AG36="","",IF(Z36="Y","DONE",VLOOKUP(A36,'Ship Date'!A:AI,28,0))),"") | AM36: =IFERROR(AL36-TODAY(),0) -> 0 | AN36: =_xlfn.IFNA(IF(T36="Y","DONE",VLOOKUP(A36,'Ship Date'!A:AE,25,0)),"") -> DONE | AO36: =IFERROR(AP36-AN36,0) -> 0 | AP36: =_xlfn.IFNA(IF(AD36="Y","DONE",VLOOKUP(A36,'Ship Date'!A:AE,30,0)),"") -> DONE | AQ36: =IFERROR(AP36-TODAY(),0) -> 0 | AR36: =IFERROR(_xlfn.IFNA(VLOOKUP(A36,'Ship Date'!A:C,3,0),""),"") | AS36: =IFERROR(AF36-AR36,"") | AV36: =_xlfn.IFNA(IF(VLOOKUP(A36,'Actual Dates'!A:AE,31,0)="","",VLOOKUP(A36,'Actual Dates'!A:AE,31,0)),"") -> 45883
A37: ='Actual Dates'!A36 -> 25-045 | B37: =_xlfn.IFNA(VLOOKUP(A37,Jobs,2,),"") -> ProPipe | D37: =_xlfn.IFNA(IF(VLOOKUP($A37,Jobs,8,)>0,"Y"," "),"") -> Y | E37: =IFERROR(IF(VLOOKUP($A37,Dates,8,)>0,VLOOKUP($A37,Dates,8,)-VLOOKUP($A37,Jobs,8,)," "),"") -> 263 | F37: =_xlfn.IFNA(IF(VLOOKUP($A37,Dates,16,)>0,"Y"," "),"") -> Y | G37: =IFERROR(IF(VLOOKUP($A37,Dates,16,)>0,VLOOKUP($A37,Dates,16,)-VLOOKUP($A37,Jobs,16,)," "),"") -> -10 | H37: =_xlfn.IFNA(IF(VLOOKUP($A43,Dates,17,)>0,"Y"," "),"") -> Y | I37: =IFERROR(IF(VLOOKUP($A43,Dates,17,)>0,VLOOKUP($A43,Dates,17,)-VLOOKUP($A43,Jobs,17,)," "),"") | K37: =_xlfn.IFNA(IF(VLOOKUP($A37,Dates,19,)>0,"Y"," "),"") -> Y | L37: =IFERROR(IF(VLOOKUP($A37,Dates,19,)>0,VLOOKUP($A37,Dates,19,)-VLOOKUP($A37,Jobs,19,)," "),"") | M37: =IF(VLOOKUP($A37,Dates,20,)>0,VLOOKUP($A37,Dates,20,)-VLOOKUP($A37,Jobs,20,)," ") | N37: =_xlfn.IFNA(IF(VLOOKUP($A37,Dates,20,)>0,"Y"," "),"") | O37: =IFERROR(IF(VLOOKUP($A37,Dates,21,)>0,VLOOKUP($A37,Dates,21,)-VLOOKUP($A37,Jobs,21,)," "),"") | P37: =_xlfn.IFNA(IF(VLOOKUP($A37,Dates,22,)>0,"Y"," "),"") -> Y | Q37: =IFERROR(IF(VLOOKUP($A37,Dates,23,)>0,VLOOKUP($A37,Dates,23,)-VLOOKUP($A37,Jobs,24,)," "),"") | R37: =_xlfn.IFNA(IF(VLOOKUP($A37,Dates,23,)>0,"Y"," "),"") -> Y | S37: =IFERROR(IF(VLOOKUP($A37,Dates,24,)>0,VLOOKUP($A37,Dates,24,)-VLOOKUP($A37,Jobs,25,)," "),"") | T37: =_xlfn.IFNA(IF(VLOOKUP($A37,Dates,25,)>0,"Y"," "),"") | U37: =IFERROR(IF(VLOOKUP($A37,Dates,26,)>0,VLOOKUP($A37,Dates,26,)-VLOOKUP($A37,Jobs,26,)," "),"") | V37: =_xlfn.IFNA(IF(VLOOKUP($A37,Dates,26,)>0,"Y"," "),"") -> Y | W37: =IFERROR(IF(VLOOKUP($A37,Dates,27,)>0,VLOOKUP($A37,Dates,27,)-VLOOKUP($A37,Jobs,27,)," "),"") | X37: =_xlfn.IFNA(IF(VLOOKUP($A37,Dates,27,)>0,"Y"," "),"") | Y37: =IFERROR(IF(VLOOKUP($A37,Dates,28,)>0,VLOOKUP($A37,Dates,28,)-VLOOKUP($A37,Jobs,28,)," "),"") | Z37: =_xlfn.IFNA(IF(VLOOKUP($A37,Dates,28,)>0,"Y"," "),"") | AA37: =IFERROR(IF(VLOOKUP($A37,Dates,29,)>0,VLOOKUP($A37,Dates,29,)-VLOOKUP($A37,Jobs,29,)," "),"") | AB37: =_xlfn.IFNA(IF(VLOOKUP($A37,Dates,29,)>0,"Y"," "),"") | AC37: =IFERROR(IF(VLOOKUP($A37,Dates,30,)>0,VLOOKUP($A37,Dates,30,)-VLOOKUP($A37,Jobs,30,)," "),"") | AD37: =_xlfn.IFNA(IF(VLOOKUP($A37,Dates,30,)>0,"Y"," "),"") | AE37: =IFERROR(IF(VLOOKUP($A37,Dates,31,)>0,VLOOKUP($A37,Dates,31,)-VLOOKUP($A37,Jobs,31,)," "),"") -> -14 | AF37: =_xlfn.IFNA(IF(AG37="",TODAY()+(VLOOKUP(A37,'Date Calcs'!A:G,7,0)*7),VLOOKUP(A37,'Actual Dates'!A:AE,21,FALSE())),"") -> 46129 | AG37: =_xlfn.IFNA(IF(VLOOKUP(A37,'Actual Dates'!A:AE,20,0)="","",VLOOKUP(A37,'Actual Dates'!A:AE,20,0)+(VLOOKUP(A37,'Date Calcs'!A:X,22,0)*7)),"") | AH37: =_xlfn.IFNA(IF($AG37="","",IF(X37="Y","DONE",VLOOKUP(A37,'Ship Date'!A:AE,27,0))),"") | AI37: =IFERROR(AH37-TODAY(),0) -> 0 | AJ37: =_xlfn.IFNA(IF($AG37="","",IF(AB37="Y","DONE",VLOOKUP(A37,'Ship Date'!A:AG,29,0))),"") | AK37: =IFERROR(AJ37-TODAY(),0) -> 0 | AL37: =_xlfn.IFNA(IF($AG37="","",IF(Z37="Y","DONE",VLOOKUP(A37,'Ship Date'!A:AI,28,0))),"") | AM37: =IFERROR(AL37-TODAY(),0) -> 0 | AN37: =_xlfn.IFNA(IF(T37="Y","DONE",VLOOKUP(A37,'Ship Date'!A:AE,25,0)),"") | AO37: =IFERROR(AP37-AN37,0) -> 0 | AP37: =_xlfn.IFNA(IF(AD37="Y","DONE",VLOOKUP(A37,'Ship Date'!A:AE,30,0)),"") | AQ37: =IFERROR(AP37-TODAY(),0) -> 0 | AR37: =IFERROR(_xlfn.IFNA(VLOOKUP(A37,'Ship Date'!A:C,3,0),""),"") | AS37: =IFERROR(AF37-AR37,"") | AV37: =_xlfn.IFNA(IF(VLOOKUP(A37,'Actual Dates'!A:AE,31,0)="","",VLOOKUP(A37,'Actual Dates'!A:AE,31,0)),"") -> 46022
A38: ='Actual Dates'!A37 -> 25-052 | B38: =_xlfn.IFNA(VLOOKUP(A38,Jobs,2,),"") -> Kraton | D38: =_xlfn.IFNA(IF(VLOOKUP($A38,Jobs,8,)>0,"Y"," "),"") -> Y | E38: =IFERROR(IF(VLOOKUP($A38,Dates,8,)>0,VLOOKUP($A38,Dates,8,)-VLOOKUP($A38,Jobs,8,)," "),"") -> 2 | F38: =_xlfn.IFNA(IF(VLOOKUP($A38,Dates,16,)>0,"Y"," "),"") -> Y | G38: =IFERROR(IF(VLOOKUP($A38,Dates,16,)>0,VLOOKUP($A38,Dates,16,)-VLOOKUP($A38,Jobs,16,)," "),"") -> -10 | H38: =_xlfn.IFNA(IF(VLOOKUP($A44,Dates,17,)>0,"Y"," "),"") -> Y | I38: =IFERROR(IF(VLOOKUP($A44,Dates,17,)>0,VLOOKUP($A44,Dates,17,)-VLOOKUP($A44,Jobs,17,)," "),"") | K38: =_xlfn.IFNA(IF(VLOOKUP($A38,Dates,19,)>0,"Y"," "),"") -> Y | L38: =IFERROR(IF(VLOOKUP($A38,Dates,19,)>0,VLOOKUP($A38,Dates,19,)-VLOOKUP($A38,Jobs,19,)," "),"") -> 5 | M38: =IF(VLOOKUP($A38,Dates,20,)>0,VLOOKUP($A38,Dates,20,)-VLOOKUP($A38,Jobs,20,)," ") -> 4 | N38: =_xlfn.IFNA(IF(VLOOKUP($A38,Dates,20,)>0,"Y"," "),"") -> Y | O38: =IFERROR(IF(VLOOKUP($A38,Dates,21,)>0,VLOOKUP($A38,Dates,21,)-VLOOKUP($A38,Jobs,21,)," "),"") -> 98 | P38: =_xlfn.IFNA(IF(VLOOKUP($A38,Dates,22,)>0,"Y"," "),"") -> Y | Q38: =IFERROR(IF(VLOOKUP($A38,Dates,23,)>0,VLOOKUP($A38,Dates,23,)-VLOOKUP($A38,Jobs,24,)," "),"") -> -56 | R38: =_xlfn.IFNA(IF(VLOOKUP($A38,Dates,23,)>0,"Y"," "),"") -> Y | S38: =IFERROR(IF(VLOOKUP($A38,Dates,24,)>0,VLOOKUP($A38,Dates,24,)-VLOOKUP($A38,Jobs,25,)," "),"") -> 38 | T38: =_xlfn.IFNA(IF(VLOOKUP($A38,Dates,25,)>0,"Y"," "),"") -> Y | U38: =IFERROR(IF(VLOOKUP($A38,Dates,26,)>0,VLOOKUP($A38,Dates,26,)-VLOOKUP($A38,Jobs,26,)," "),"") -> 31 | V38: =_xlfn.IFNA(IF(VLOOKUP($A38,Dates,26,)>0,"Y"," "),"") -> Y | W38: =IFERROR(IF(VLOOKUP($A38,Dates,27,)>0,VLOOKUP($A38,Dates,27,)-VLOOKUP($A38,Jobs,27,)," "),"") -> 36 | X38: =_xlfn.IFNA(IF(VLOOKUP($A38,Dates,27,)>0,"Y"," "),"") -> Y | Y38: =IFERROR(IF(VLOOKUP($A38,Dates,28,)>0,VLOOKUP($A38,Dates,28,)-VLOOKUP($A38,Jobs,28,)," "),"") | Z38: =_xlfn.IFNA(IF(VLOOKUP($A38,Dates,28,)>0,"Y"," "),"") | AA38: =IFERROR(IF(VLOOKUP($A38,Dates,29,)>0,VLOOKUP($A38,Dates,29,)-VLOOKUP($A38,Jobs,29,)," "),"") | AB38: =_xlfn.IFNA(IF(VLOOKUP($A38,Dates,29,)>0,"Y"," "),"") | AC38: =IFERROR(IF(VLOOKUP($A38,Dates,30,)>0,VLOOKUP($A38,Dates,30,)-VLOOKUP($A38,Jobs,30,)," "),"") -> 41 | AD38: =_xlfn.IFNA(IF(VLOOKUP($A38,Dates,30,)>0,"Y"," "),"") -> Y | AE38: =IFERROR(IF(VLOOKUP($A38,Dates,31,)>0,VLOOKUP($A38,Dates,31,)-VLOOKUP($A38,Jobs,31,)," "),"") -> 146 | AF38: =_xlfn.IFNA(IF(AG38="",TODAY()+(VLOOKUP(A38,'Date Calcs'!A:G,7,0)*7),VLOOKUP(A38,'Actual Dates'!A:AE,21,FALSE())),"") -> 45965 | AG38: =_xlfn.IFNA(IF(VLOOKUP(A38,'Actual Dates'!A:AE,20,0)="","",VLOOKUP(A38,'Actual Dates'!A:AE,20,0)+(VLOOKUP(A38,'Date Calcs'!A:X,22,0)*7)),"") -> 45867 | AH38: =_xlfn.IFNA(IF($AG38="","",IF(X38="Y","DONE",VLOOKUP(A38,'Ship Date'!A:AE,27,0))),"") -> DONE | AI38: =IFERROR(AH38-TODAY(),0) -> 0 | AJ38: =_xlfn.IFNA(IF($AG38="","",IF(AB38="Y","DONE",VLOOKUP(A38,'Ship Date'!A:AG,29,0))),"") | AK38: =IFERROR(AJ38-TODAY(),0) -> 0 | AL38: =_xlfn.IFNA(IF($AG38="","",IF(Z38="Y","DONE",VLOOKUP(A38,'Ship Date'!A:AI,28,0))),"") | AM38: =IFERROR(AL38-TODAY(),0) -> 0 | AN38: =_xlfn.IFNA(IF(T38="Y","DONE",VLOOKUP(A38,'Ship Date'!A:AE,25,0)),"") -> DONE | AO38: =IFERROR(AP38-AN38,0) -> 0 | AP38: =_xlfn.IFNA(IF(AD38="Y","DONE",VLOOKUP(A38,'Ship Date'!A:AE,30,0)),"") -> DONE | AQ38: =IFERROR(AP38-TODAY(),0) -> 0 | AR38: =IFERROR(_xlfn.IFNA(VLOOKUP(A38,'Ship Date'!A:C,3,0),""),"") | AS38: =IFERROR(AF38-AR38,"") | AV38: =_xlfn.IFNA(IF(VLOOKUP(A38,'Actual Dates'!A:AE,31,0)="","",VLOOKUP(A38,'Actual Dates'!A:AE,31,0)),"") -> 46020
A39: ='Actual Dates'!A38 -> 25-053 | B39: =_xlfn.IFNA(VLOOKUP(A39,Jobs,2,),"") -> Andritz | D39: =_xlfn.IFNA(IF(VLOOKUP($A39,Jobs,8,)>0,"Y"," "),"") -> Y | E39: =IFERROR(IF(VLOOKUP($A39,Dates,8,)>0,VLOOKUP($A39,Dates,8,)-VLOOKUP($A39,Jobs,8,)," "),"") | F39: =_xlfn.IFNA(IF(VLOOKUP($A39,Dates,16,)>0,"Y"," "),"") -> Y | G39: =IFERROR(IF(VLOOKUP($A39,Dates,16,)>0,VLOOKUP($A39,Dates,16,)-VLOOKUP($A39,Jobs,16,)," "),"") -> 58 | H39: =_xlfn.IFNA(IF(VLOOKUP($A45,Dates,17,)>0,"Y"," "),"") -> Y | I39: =IFERROR(IF(VLOOKUP($A45,Dates,17,)>0,VLOOKUP($A45,Dates,17,)-VLOOKUP($A45,Jobs,17,)," "),"") | K39: =_xlfn.IFNA(IF(VLOOKUP($A39,Dates,19,)>0,"Y"," "),"") -> Y | L39: =IFERROR(IF(VLOOKUP($A39,Dates,19,)>0,VLOOKUP($A39,Dates,19,)-VLOOKUP($A39,Jobs,19,)," "),"") | M39: =IF(VLOOKUP($A39,Dates,20,)>0,VLOOKUP($A39,Dates,20,)-VLOOKUP($A39,Jobs,20,)," ") | N39: =_xlfn.IFNA(IF(VLOOKUP($A39,Dates,20,)>0,"Y"," "),"") | O39: =IFERROR(IF(VLOOKUP($A39,Dates,21,)>0,VLOOKUP($A39,Dates,21,)-VLOOKUP($A39,Jobs,21,)," "),"") | P39: =_xlfn.IFNA(IF(VLOOKUP($A39,Dates,22,)>0,"Y"," "),"") -> Y | Q39: =IFERROR(IF(VLOOKUP($A39,Dates,23,)>0,VLOOKUP($A39,Dates,23,)-VLOOKUP($A39,Jobs,24,)," "),"") -> -348 | R39: =_xlfn.IFNA(IF(VLOOKUP($A39,Dates,23,)>0,"Y"," "),"") -> Y | S39: =IFERROR(IF(VLOOKUP($A39,Dates,24,)>0,VLOOKUP($A39,Dates,24,)-VLOOKUP($A39,Jobs,25,)," "),"") -> -273 | T39: =_xlfn.IFNA(IF(VLOOKUP($A39,Dates,25,)>0,"Y"," "),"") -> Y | U39: =IFERROR(IF(VLOOKUP($A39,Dates,26,)>0,VLOOKUP($A39,Dates,26,)-VLOOKUP($A39,Jobs,26,)," "),"") -> -280 | V39: =_xlfn.IFNA(IF(VLOOKUP($A39,Dates,26,)>0,"Y"," "),"") -> Y | W39: =IFERROR(IF(VLOOKUP($A39,Dates,27,)>0,VLOOKUP($A39,Dates,27,)-VLOOKUP($A39,Jobs,27,)," "),"") -> -277 | X39: =_xlfn.IFNA(IF(VLOOKUP($A39,Dates,27,)>0,"Y"," "),"") -> Y | Y39: =IFERROR(IF(VLOOKUP($A39,Dates,28,)>0,VLOOKUP($A39,Dates,28,)-VLOOKUP($A39,Jobs,28,)," "),"") -> -250 | Z39: =_xlfn.IFNA(IF(VLOOKUP($A39,Dates,28,)>0,"Y"," "),"") -> Y | AA39: =IFERROR(IF(VLOOKUP($A39,Dates,29,)>0,VLOOKUP($A39,Dates,29,)-VLOOKUP($A39,Jobs,29,)," "),"") | AB39: =_xlfn.IFNA(IF(VLOOKUP($A39,Dates,29,)>0,"Y"," "),"") | AC39: =IFERROR(IF(VLOOKUP($A39,Dates,30,)>0,VLOOKUP($A39,Dates,30,)-VLOOKUP($A39,Jobs,30,)," "),"") -> -278 | AD39: =_xlfn.IFNA(IF(VLOOKUP($A39,Dates,30,)>0,"Y"," "),"") -> Y | AE39: =IFERROR(IF(VLOOKUP($A39,Dates,31,)>0,VLOOKUP($A39,Dates,31,)-VLOOKUP($A39,Jobs,31,)," "),"") -> -241 | AF39: =_xlfn.IFNA(IF(AG39="",TODAY()+(VLOOKUP(A39,'Date Calcs'!A:G,7,0)*7),VLOOKUP(A39,'Actual Dates'!A:AE,21,FALSE())),"") -> 46185 | AG39: =_xlfn.IFNA(IF(VLOOKUP(A39,'Actual Dates'!A:AE,20,0)="","",VLOOKUP(A39,'Actual Dates'!A:AE,20,0)+(VLOOKUP(A39,'Date Calcs'!A:X,22,0)*7)),"") | AH39: =_xlfn.IFNA(IF($AG39="","",IF(X39="Y","DONE",VLOOKUP(A39,'Ship Date'!A:AE,27,0))),"") | AI39: =IFERROR(AH39-TODAY(),0) -> 0 | AJ39: =_xlfn.IFNA(IF($AG39="","",IF(AB39="Y","DONE",VLOOKUP(A39,'Ship Date'!A:AG,29,0))),"") | AK39: =IFERROR(AJ39-TODAY(),0) -> 0 | AL39: =_xlfn.IFNA(IF($AG39="","",IF(Z39="Y","DONE",VLOOKUP(A39,'Ship Date'!A:AI,28,0))),"") | AM39: =IFERROR(AL39-TODAY(),0) -> 0 | AN39: =_xlfn.IFNA(IF(T39="Y","DONE",VLOOKUP(A39,'Ship Date'!A:AE,25,0)),"") -> DONE | AO39: =IFERROR(AP39-AN39,0) -> 0 | AP39: =_xlfn.IFNA(IF(AD39="Y","DONE",VLOOKUP(A39,'Ship Date'!A:AE,30,0)),"") -> DONE | AQ39: =IFERROR(AP39-TODAY(),0) -> 0 | AR39: =IFERROR(_xlfn.IFNA(VLOOKUP(A39,'Ship Date'!A:C,3,0),""),"") | AS39: =IFERROR(AF39-AR39,"") | AV39: =_xlfn.IFNA(IF(VLOOKUP(A39,'Actual Dates'!A:AE,31,0)="","",VLOOKUP(A39,'Actual Dates'!A:AE,31,0)),"") -> 45926
A40: ='Actual Dates'!A39 -> 25-054 | B40: =_xlfn.IFNA(VLOOKUP(A40,Jobs,2,),"") -> Chromascape | D40: =_xlfn.IFNA(IF(VLOOKUP($A40,Jobs,8,)>0,"Y"," "),"") -> Y | E40: =IFERROR(IF(VLOOKUP($A40,Dates,8,)>0,VLOOKUP($A40,Dates,8,)-VLOOKUP($A40,Jobs,8,)," "),"") -> -4 | F40: =_xlfn.IFNA(IF(VLOOKUP($A40,Dates,16,)>0,"Y"," "),"") -> Y | G40: =IFERROR(IF(VLOOKUP($A40,Dates,16,)>0,VLOOKUP($A40,Dates,16,)-VLOOKUP($A40,Jobs,16,)," "),"") -> -8 | H40: =_xlfn.IFNA(IF(VLOOKUP($A46,Dates,17,)>0,"Y"," "),"") -> Y | I40: =IFERROR(IF(VLOOKUP($A46,Dates,17,)>0,VLOOKUP($A46,Dates,17,)-VLOOKUP($A46,Jobs,17,)," "),"") | K40: =_xlfn.IFNA(IF(VLOOKUP($A40,Dates,19,)>0,"Y"," "),"") -> Y | L40: =IFERROR(IF(VLOOKUP($A40,Dates,19,)>0,VLOOKUP($A40,Dates,19,)-VLOOKUP($A40,Jobs,19,)," "),"") -> 5 | M40: =IF(VLOOKUP($A40,Dates,20,)>0,VLOOKUP($A40,Dates,20,)-VLOOKUP($A40,Jobs,20,)," ") -> 4 | N40: =_xlfn.IFNA(IF(VLOOKUP($A40,Dates,20,)>0,"Y"," "),"") -> Y | O40: =IFERROR(IF(VLOOKUP($A40,Dates,21,)>0,VLOOKUP($A40,Dates,21,)-VLOOKUP($A40,Jobs,21,)," "),"") -> 105 | P40: =_xlfn.IFNA(IF(VLOOKUP($A40,Dates,22,)>0,"Y"," "),"") -> Y | Q40: =IFERROR(IF(VLOOKUP($A40,Dates,23,)>0,VLOOKUP($A40,Dates,23,)-VLOOKUP($A40,Jobs,24,)," "),"") -> -93 | R40: =_xlfn.IFNA(IF(VLOOKUP($A40,Dates,23,)>0,"Y"," "),"") -> Y | S40: =IFERROR(IF(VLOOKUP($A40,Dates,24,)>0,VLOOKUP($A40,Dates,24,)-VLOOKUP($A40,Jobs,25,)," "),"") -> 6 | T40: =_xlfn.IFNA(IF(VLOOKUP($A40,Dates,25,)>0,"Y"," "),"") -> Y | U40: =IFERROR(IF(VLOOKUP($A40,Dates,26,)>0,VLOOKUP($A40,Dates,26,)-VLOOKUP($A40,Jobs,26,)," "),"") -> -1 | V40: =_xlfn.IFNA(IF(VLOOKUP($A40,Dates,26,)>0,"Y"," "),"") -> Y | W40: =IFERROR(IF(VLOOKUP($A40,Dates,27,)>0,VLOOKUP($A40,Dates,27,)-VLOOKUP($A40,Jobs,27,)," "),"") -> 48 | X40: =_xlfn.IFNA(IF(VLOOKUP($A40,Dates,27,)>0,"Y"," "),"") -> Y | Y40: =IFERROR(IF(VLOOKUP($A40,Dates,28,)>0,VLOOKUP($A40,Dates,28,)-VLOOKUP($A40,Jobs,28,)," "),"") | Z40: =_xlfn.IFNA(IF(VLOOKUP($A40,Dates,28,)>0,"Y"," "),"") | AA40: =IFERROR(IF(VLOOKUP($A40,Dates,29,)>0,VLOOKUP($A40,Dates,29,)-VLOOKUP($A40,Jobs,29,)," "),"") | AB40: =_xlfn.IFNA(IF(VLOOKUP($A40,Dates,29,)>0,"Y"," "),"") | AC40: =IFERROR(IF(VLOOKUP($A40,Dates,30,)>0,VLOOKUP($A40,Dates,30,)-VLOOKUP($A40,Jobs,30,)," "),"") -> 53 | AD40: =_xlfn.IFNA(IF(VLOOKUP($A40,Dates,30,)>0,"Y"," "),"") -> Y | AE40: =IFERROR(IF(VLOOKUP($A40,Dates,31,)>0,VLOOKUP($A40,Dates,31,)-VLOOKUP($A40,Jobs,31,)," "),"") -> 123 | AF40: =_xlfn.IFNA(IF(AG40="",TODAY()+(VLOOKUP(A40,'Date Calcs'!A:G,7,0)*7),VLOOKUP(A40,'Actual Dates'!A:AE,21,FALSE())),"") -> 45960 | AG40: =_xlfn.IFNA(IF(VLOOKUP(A40,'Actual Dates'!A:AE,20,0)="","",VLOOKUP(A40,'Actual Dates'!A:AE,20,0)+(VLOOKUP(A40,'Date Calcs'!A:X,22,0)*7)),"") -> 45855 | AH40: =_xlfn.IFNA(IF($AG40="","",IF(X40="Y","DONE",VLOOKUP(A40,'Ship Date'!A:AE,27,0))),"") -> DONE | AI40: =IFERROR(AH40-TODAY(),0) -> 0 | AJ40: =_xlfn.IFNA(IF($AG40="","",IF(AB40="Y","DONE",VLOOKUP(A40,'Ship Date'!A:AG,29,0))),"") | AK40: =IFERROR(AJ40-TODAY(),0) -> 0 | AL40: =_xlfn.IFNA(IF($AG40="","",IF(Z40="Y","DONE",VLOOKUP(A40,'Ship Date'!A:AI,28,0))),"") | AM40: =IFERROR(AL40-TODAY(),0) -> 0 | AN40: =_xlfn.IFNA(IF(T40="Y","DONE",VLOOKUP(A40,'Ship Date'!A:AE,25,0)),"") -> DONE | AO40: =IFERROR(AP40-AN40,0) -> 0 | AP40: =_xlfn.IFNA(IF(AD40="Y","DONE",VLOOKUP(A40,'Ship Date'!A:AE,30,0)),"") -> DONE | AQ40: =IFERROR(AP40-TODAY(),0) -> 0 | AR40: =IFERROR(_xlfn.IFNA(VLOOKUP(A40,'Ship Date'!A:C,3,0),""),"") | AS40: =IFERROR(AF40-AR40,"") | AV40: =_xlfn.IFNA(IF(VLOOKUP(A40,'Actual Dates'!A:AE,31,0)="","",VLOOKUP(A40,'Actual Dates'!A:AE,31,0)),"") -> 45985
A41: ='Actual Dates'!A40 -> 25-055 | B41: =_xlfn.IFNA(VLOOKUP(A41,Jobs,2,),"") -> Airgas | D41: =_xlfn.IFNA(IF(VLOOKUP($A41,Jobs,8,)>0,"Y"," "),"") -> Y | E41: =IFERROR(IF(VLOOKUP($A41,Dates,8,)>0,VLOOKUP($A41,Dates,8,)-VLOOKUP($A41,Jobs,8,)," "),"") -> 54 | F41: =_xlfn.IFNA(IF(VLOOKUP($A41,Dates,16,)>0,"Y"," "),"") -> Y | G41: =IFERROR(IF(VLOOKUP($A41,Dates,16,)>0,VLOOKUP($A41,Dates,16,)-VLOOKUP($A41,Jobs,16,)," "),"") -> 166 | H41: =_xlfn.IFNA(IF(VLOOKUP($A47,Dates,17,)>0,"Y"," "),"") -> Y | I41: =IFERROR(IF(VLOOKUP($A47,Dates,17,)>0,VLOOKUP($A47,Dates,17,)-VLOOKUP($A47,Jobs,17,)," "),"") | K41: =_xlfn.IFNA(IF(VLOOKUP($A41,Dates,19,)>0,"Y"," "),"") -> Y | L41: =IFERROR(IF(VLOOKUP($A41,Dates,19,)>0,VLOOKUP($A41,Dates,19,)-VLOOKUP($A41,Jobs,19,)," "),"") -> 5 | M41: =IF(VLOOKUP($A41,Dates,20,)>0,VLOOKUP($A41,Dates,20,)-VLOOKUP($A41,Jobs,20,)," ") -> 4 | N41: =_xlfn.IFNA(IF(VLOOKUP($A41,Dates,20,)>0,"Y"," "),"") -> Y | O41: =IFERROR(IF(VLOOKUP($A41,Dates,21,)>0,VLOOKUP($A41,Dates,21,)-VLOOKUP($A41,Jobs,21,)," "),"") -> 182 | P41: =_xlfn.IFNA(IF(VLOOKUP($A41,Dates,22,)>0,"Y"," "),"") -> Y | Q41: =IFERROR(IF(VLOOKUP($A41,Dates,23,)>0,VLOOKUP($A41,Dates,23,)-VLOOKUP($A41,Jobs,24,)," "),"") -> -163 | R41: =_xlfn.IFNA(IF(VLOOKUP($A41,Dates,23,)>0,"Y"," "),"") -> Y | S41: =IFERROR(IF(VLOOKUP($A41,Dates,24,)>0,VLOOKUP($A41,Dates,24,)-VLOOKUP($A41,Jobs,25,)," "),"") -> 14 | T41: =_xlfn.IFNA(IF(VLOOKUP($A41,Dates,25,)>0,"Y"," "),"") | U41: =IFERROR(IF(VLOOKUP($A41,Dates,26,)>0,VLOOKUP($A41,Dates,26,)-VLOOKUP($A41,Jobs,26,)," "),"") -> 7 | V41: =_xlfn.IFNA(IF(VLOOKUP($A41,Dates,26,)>0,"Y"," "),"") -> Y | W41: =IFERROR(IF(VLOOKUP($A41,Dates,27,)>0,VLOOKUP($A41,Dates,27,)-VLOOKUP($A41,Jobs,27,)," "),"") -> 70 | X41: =_xlfn.IFNA(IF(VLOOKUP($A41,Dates,27,)>0,"Y"," "),"") -> Y | Y41: =IFERROR(IF(VLOOKUP($A41,Dates,28,)>0,VLOOKUP($A41,Dates,28,)-VLOOKUP($A41,Jobs,28,)," "),"") -> 41 | Z41: =_xlfn.IFNA(IF(VLOOKUP($A41,Dates,28,)>0,"Y"," "),"") -> Y | AA41: =IFERROR(IF(VLOOKUP($A41,Dates,29,)>0,VLOOKUP($A41,Dates,29,)-VLOOKUP($A41,Jobs,29,)," "),"") -> 39 | AB41: =_xlfn.IFNA(IF(VLOOKUP($A41,Dates,29,)>0,"Y"," "),"") -> Y | AC41: =IFERROR(IF(VLOOKUP($A41,Dates,30,)>0,VLOOKUP($A41,Dates,30,)-VLOOKUP($A41,Jobs,30,)," "),"") | AD41: =_xlfn.IFNA(IF(VLOOKUP($A41,Dates,30,)>0,"Y"," "),"") | AE41: =IFERROR(IF(VLOOKUP($A41,Dates,31,)>0,VLOOKUP($A41,Dates,31,)-VLOOKUP($A41,Jobs,31,)," "),"") | AF41: =_xlfn.IFNA(IF(AG41="",TODAY()+(VLOOKUP(A41,'Date Calcs'!A:G,7,0)*7),VLOOKUP(A41,'Actual Dates'!A:AE,21,FALSE())),"") -> 46190 | AG41: =IF(VLOOKUP(A41,'Actual Dates'!A:AE,20,0)="","",VLOOKUP(A41,'Actual Dates'!A:AE,20,0)) -> 46008 | AH41: =_xlfn.IFNA(IF($AG41="","",IF(X41="Y","DONE",VLOOKUP(A41,'Ship Date'!A:AE,27,0))),"") -> DONE | AI41: =IFERROR(AH41-TODAY(),0) -> 0 | AJ41: =_xlfn.IFNA(IF($AG41="","",IF(AB41="Y","DONE",VLOOKUP(A41,'Ship Date'!A:AG,29,0))),"") -> DONE | AK41: =IFERROR(AJ41-TODAY(),0) -> 0 | AL41: =_xlfn.IFNA(IF($AG41="","",IF(Z41="Y","DONE",VLOOKUP(A41,'Ship Date'!A:AI,28,0))),"") -> DONE | AM41: =IFERROR(AL41-TODAY(),0) -> 0 | AN41: =_xlfn.IFNA(IF(T41="Y","DONE",VLOOKUP(A41,'Ship Date'!A:AE,25,0)),"") | AO41: =IFERROR(AP41-AN41,0) -> 0 | AP41: =_xlfn.IFNA(IF(AD41="Y","DONE",VLOOKUP(A41,'Ship Date'!A:AE,30,0)),"") | AQ41: =IFERROR(AP41-TODAY(),0) -> 0 | AR41: =IFERROR(_xlfn.IFNA(VLOOKUP(A41,'Ship Date'!A:C,3,0),""),"") | AS41: =IFERROR(AF41-AR41,"") | AT41: =_xlfn.IFNA(IF(VLOOKUP(A41,'Actual Dates'!A:AF,32,0)="N/A"," ",VLOOKUP(A41,'Actual Dates'!A:AF,32,0))," ") | AV41: =_xlfn.IFNA(IF(VLOOKUP(A41,'Actual Dates'!A:AE,31,0)="","",VLOOKUP(A41,'Actual Dates'!A:AE,31,0)),"")
A42: ='Actual Dates'!A41 -> 25-056 | B42: =_xlfn.IFNA(VLOOKUP(A42,Jobs,2,),"") -> Reco | D42: =_xlfn.IFNA(IF(VLOOKUP($A42,Jobs,8,)>0,"Y"," "),"") -> Y | E42: =IFERROR(IF(VLOOKUP($A42,Dates,8,)>0,VLOOKUP($A42,Dates,8,)-VLOOKUP($A42,Jobs,8,)," "),"") -> 5 | F42: =_xlfn.IFNA(IF(VLOOKUP($A42,Dates,16,)>0,"Y"," "),"") -> Y | G42: =IFERROR(IF(VLOOKUP($A42,Dates,16,)>0,VLOOKUP($A42,Dates,16,)-VLOOKUP($A42,Jobs,16,)," "),"") | H42: =_xlfn.IFNA(IF(VLOOKUP($A48,Dates,17,)>0,"Y"," "),"") -> Y | I42: =IFERROR(IF(VLOOKUP($A48,Dates,17,)>0,VLOOKUP($A48,Dates,17,)-VLOOKUP($A48,Jobs,17,)," "),"") | K42: =_xlfn.IFNA(IF(VLOOKUP($A42,Dates,19,)>0,"Y"," "),"") -> Y | L42: =IFERROR(IF(VLOOKUP($A42,Dates,19,)>0,VLOOKUP($A42,Dates,19,)-VLOOKUP($A42,Jobs,19,)," "),"") -> 5 | M42: =IF(VLOOKUP($A42,Dates,20,)>0,VLOOKUP($A42,Dates,20,)-VLOOKUP($A42,Jobs,20,)," ") -> 4 | N42: =_xlfn.IFNA(IF(VLOOKUP($A42,Dates,20,)>0,"Y"," "),"") -> Y | O42: =IFERROR(IF(VLOOKUP($A42,Dates,21,)>0,VLOOKUP($A42,Dates,21,)-VLOOKUP($A42,Jobs,21,)," "),"") -> 98 | P42: =_xlfn.IFNA(IF(VLOOKUP($A42,Dates,22,)>0,"Y"," "),"") -> Y | Q42: =IFERROR(IF(VLOOKUP($A42,Dates,23,)>0,VLOOKUP($A42,Dates,23,)-VLOOKUP($A42,Jobs,24,)," "),"") -> -97 | R42: =_xlfn.IFNA(IF(VLOOKUP($A42,Dates,23,)>0,"Y"," "),"") -> Y | S42: =IFERROR(IF(VLOOKUP($A42,Dates,24,)>0,VLOOKUP($A42,Dates,24,)-VLOOKUP($A42,Jobs,25,)," "),"") -> -5 | T42: =_xlfn.IFNA(IF(VLOOKUP($A42,Dates,25,)>0,"Y"," "),"") -> Y | U42: =IFERROR(IF(VLOOKUP($A42,Dates,26,)>0,VLOOKUP($A42,Dates,26,)-VLOOKUP($A42,Jobs,26,)," "),"") -> -12 | V42: =_xlfn.IFNA(IF(VLOOKUP($A42,Dates,26,)>0,"Y"," "),"") -> Y | W42: =IFERROR(IF(VLOOKUP($A42,Dates,27,)>0,VLOOKUP($A42,Dates,27,)-VLOOKUP($A42,Jobs,27,)," "),"") -> -17 | X42: =_xlfn.IFNA(IF(VLOOKUP($A42,Dates,27,)>0,"Y"," "),"") -> Y | Y42: =IFERROR(IF(VLOOKUP($A42,Dates,28,)>0,VLOOKUP($A42,Dates,28,)-VLOOKUP($A42,Jobs,28,)," "),"") | Z42: =_xlfn.IFNA(IF(VLOOKUP($A42,Dates,28,)>0,"Y"," "),"") | AA42: =IFERROR(IF(VLOOKUP($A42,Dates,29,)>0,VLOOKUP($A42,Dates,29,)-VLOOKUP($A42,Jobs,29,)," "),"") | AB42: =_xlfn.IFNA(IF(VLOOKUP($A42,Dates,29,)>0,"Y"," "),"") | AC42: =IFERROR(IF(VLOOKUP($A42,Dates,30,)>0,VLOOKUP($A42,Dates,30,)-VLOOKUP($A42,Jobs,30,)," "),"") -> 1 | AD42: =_xlfn.IFNA(IF(VLOOKUP($A42,Dates,30,)>0,"Y"," "),"") -> Y | AE42: =IFERROR(IF(VLOOKUP($A42,Dates,31,)>0,VLOOKUP($A42,Dates,31,)-VLOOKUP($A42,Jobs,31,)," "),"") -> 92 | AF42: =_xlfn.IFNA(IF(AG42="",TODAY()+(VLOOKUP(A42,'Date Calcs'!A:G,7,0)*7),VLOOKUP(A42,'Actual Dates'!A:AE,21,FALSE())),"") -> 45971 | AG42: =_xlfn.IFNA(IF(VLOOKUP(A42,'Actual Dates'!A:AE,20,0)="","",VLOOKUP(A42,'Actual Dates'!A:AE,20,0)+(VLOOKUP(A42,'Date Calcs'!A:X,22,0)*7)),"") -> 45873 | AH42: =_xlfn.IFNA(IF($AG42="","",IF(X42="Y","DONE",VLOOKUP(A42,'Ship Date'!A:AE,27,0))),"") -> DONE | AI42: =IFERROR(AH42-TODAY(),0) -> 0 | AJ42: =_xlfn.IFNA(IF($AG42="","",IF(AB42="Y","DONE",VLOOKUP(A42,'Ship Date'!A:AG,29,0))),"") | AK42: =IFERROR(AJ42-TODAY(),0) -> 0 | AL42: =_xlfn.IFNA(IF($AG42="","",IF(Z42="Y","DONE",VLOOKUP(A42,'Ship Date'!A:AI,28,0))),"") | AM42: =IFERROR(AL42-TODAY(),0) -> 0 | AN42: =_xlfn.IFNA(IF(T42="Y","DONE",VLOOKUP(A42,'Ship Date'!A:AE,25,0)),"") -> DONE | AO42: =IFERROR(AP42-AN42,0) -> 0 | AP42: =_xlfn.IFNA(IF(AD42="Y","DONE",VLOOKUP(A42,'Ship Date'!A:AE,30,0)),"") -> DONE | AQ42: =IFERROR(AP42-TODAY(),0) -> 0 | AR42: =IFERROR(_xlfn.IFNA(VLOOKUP(A42,'Ship Date'!A:C,3,0),""),"") | AS42: =IFERROR(AF42-AR42,"") | AV42: =_xlfn.IFNA(IF(VLOOKUP(A42,'Actual Dates'!A:AE,31,0)="","",VLOOKUP(A42,'Actual Dates'!A:AE,31,0)),"") -> 45972
A43: ='Actual Dates'!A42 -> 25-057 | B43: =_xlfn.IFNA(VLOOKUP(A43,Jobs,2,),"") -> Reco | D43: =_xlfn.IFNA(IF(VLOOKUP($A43,Jobs,8,)>0,"Y"," "),"") -> Y | E43: =IFERROR(IF(VLOOKUP($A43,Dates,8,)>0,VLOOKUP($A43,Dates,8,)-VLOOKUP($A43,Jobs,8,)," "),"") -> 5 | F43: =_xlfn.IFNA(IF(VLOOKUP($A43,Dates,16,)>0,"Y"," "),"") -> Y | G43: =IFERROR(IF(VLOOKUP($A43,Dates,16,)>0,VLOOKUP($A43,Dates,16,)-VLOOKUP($A43,Jobs,16,)," "),"") | H43: =_xlfn.IFNA(IF(VLOOKUP($A49,Dates,17,)>0,"Y"," "),"") -> Y | I43: =IFERROR(IF(VLOOKUP($A49,Dates,17,)>0,VLOOKUP($A49,Dates,17,)-VLOOKUP($A49,Jobs,17,)," "),"") | K43: =_xlfn.IFNA(IF(VLOOKUP($A43,Dates,19,)>0,"Y"," "),"") -> Y | L43: =IFERROR(IF(VLOOKUP($A43,Dates,19,)>0,VLOOKUP($A43,Dates,19,)-VLOOKUP($A43,Jobs,19,)," "),"") -> 5 | M43: =IF(VLOOKUP($A43,Dates,20,)>0,VLOOKUP($A43,Dates,20,)-VLOOKUP($A43,Jobs,20,)," ") -> 4 | N43: =_xlfn.IFNA(IF(VLOOKUP($A43,Dates,20,)>0,"Y"," "),"") -> Y | O43: =IFERROR(IF(VLOOKUP($A43,Dates,21,)>0,VLOOKUP($A43,Dates,21,)-VLOOKUP($A43,Jobs,21,)," "),"") -> 98 | P43: =_xlfn.IFNA(IF(VLOOKUP($A43,Dates,22,)>0,"Y"," "),"") -> Y | Q43: =IFERROR(IF(VLOOKUP($A43,Dates,23,)>0,VLOOKUP($A43,Dates,23,)-VLOOKUP($A43,Jobs,24,)," "),"") -> -97 | R43: =_xlfn.IFNA(IF(VLOOKUP($A43,Dates,23,)>0,"Y"," "),"") -> Y | S43: =IFERROR(IF(VLOOKUP($A43,Dates,24,)>0,VLOOKUP($A43,Dates,24,)-VLOOKUP($A43,Jobs,25,)," "),"") -> -5 | T43: =_xlfn.IFNA(IF(VLOOKUP($A43,Dates,25,)>0,"Y"," "),"") -> Y | U43: =IFERROR(IF(VLOOKUP($A43,Dates,26,)>0,VLOOKUP($A43,Dates,26,)-VLOOKUP($A43,Jobs,26,)," "),"") -> -12 | V43: =_xlfn.IFNA(IF(VLOOKUP($A43,Dates,26,)>0,"Y"," "),"") -> Y | W43: =IFERROR(IF(VLOOKUP($A43,Dates,27,)>0,VLOOKUP($A43,Dates,27,)-VLOOKUP($A43,Jobs,27,)," "),"") -> -17 | X43: =_xlfn.IFNA(IF(VLOOKUP($A43,Dates,27,)>0,"Y"," "),"") -> Y | Y43: =IFERROR(IF(VLOOKUP($A43,Dates,28,)>0,VLOOKUP($A43,Dates,28,)-VLOOKUP($A43,Jobs,28,)," "),"") | Z43: =_xlfn.IFNA(IF(VLOOKUP($A43,Dates,28,)>0,"Y"," "),"") | AA43: =IFERROR(IF(VLOOKUP($A43,Dates,29,)>0,VLOOKUP($A43,Dates,29,)-VLOOKUP($A43,Jobs,29,)," "),"") | AB43: =_xlfn.IFNA(IF(VLOOKUP($A43,Dates,29,)>0,"Y"," "),"") | AC43: =IFERROR(IF(VLOOKUP($A43,Dates,30,)>0,VLOOKUP($A43,Dates,30,)-VLOOKUP($A43,Jobs,30,)," "),"") -> 1 | AD43: =_xlfn.IFNA(IF(VLOOKUP($A43,Dates,30,)>0,"Y"," "),"") -> Y | AE43: =IFERROR(IF(VLOOKUP($A43,Dates,31,)>0,VLOOKUP($A43,Dates,31,)-VLOOKUP($A43,Jobs,31,)," "),"") -> 92 | AF43: =_xlfn.IFNA(IF(AG43="",TODAY()+(VLOOKUP(A43,'Date Calcs'!A:G,7,0)*7),VLOOKUP(A43,'Actual Dates'!A:AE,21,FALSE())),"") -> 45971 | AG43: =_xlfn.IFNA(IF(VLOOKUP(A43,'Actual Dates'!A:AE,20,0)="","",VLOOKUP(A43,'Actual Dates'!A:AE,20,0)+(VLOOKUP(A43,'Date Calcs'!A:X,22,0)*7)),"") -> 45873 | AH43: =_xlfn.IFNA(IF($AG43="","",IF(X43="Y","DONE",VLOOKUP(A43,'Ship Date'!A:AE,27,0))),"") -> DONE | AI43: =IFERROR(AH43-TODAY(),0) -> 0 | AJ43: =_xlfn.IFNA(IF($AG43="","",IF(AB43="Y","DONE",VLOOKUP(A43,'Ship Date'!A:AG,29,0))),"") | AK43: =IFERROR(AJ43-TODAY(),0) -> 0 | AL43: =_xlfn.IFNA(IF($AG43="","",IF(Z43="Y","DONE",VLOOKUP(A43,'Ship Date'!A:AI,28,0))),"") | AM43: =IFERROR(AL43-TODAY(),0) -> 0 | AN43: =_xlfn.IFNA(IF(T43="Y","DONE",VLOOKUP(A43,'Ship Date'!A:AE,25,0)),"") -> DONE | AO43: =IFERROR(AP43-AN43,0) -> 0 | AP43: =_xlfn.IFNA(IF(AD43="Y","DONE",VLOOKUP(A43,'Ship Date'!A:AE,30,0)),"") -> DONE | AQ43: =IFERROR(AP43-TODAY(),0) -> 0 | AR43: =IFERROR(_xlfn.IFNA(VLOOKUP(A43,'Ship Date'!A:C,3,0),""),"") | AS43: =IFERROR(AF43-AR43,"") | AV43: =_xlfn.IFNA(IF(VLOOKUP(A43,'Actual Dates'!A:AE,31,0)="","",VLOOKUP(A43,'Actual Dates'!A:AE,31,0)),"") -> 45972
A44: ='Actual Dates'!A43 -> 25-058 | B44: =_xlfn.IFNA(VLOOKUP(A44,Jobs,2,),"") -> Reco | D44: =_xlfn.IFNA(IF(VLOOKUP($A44,Jobs,8,)>0,"Y"," "),"") -> Y | E44: =IFERROR(IF(VLOOKUP($A44,Dates,8,)>0,VLOOKUP($A44,Dates,8,)-VLOOKUP($A44,Jobs,8,)," "),"") -> 5 | F44: =_xlfn.IFNA(IF(VLOOKUP($A44,Dates,16,)>0,"Y"," "),"") -> Y | G44: =IFERROR(IF(VLOOKUP($A44,Dates,16,)>0,VLOOKUP($A44,Dates,16,)-VLOOKUP($A44,Jobs,16,)," "),"") | H44: =_xlfn.IFNA(IF(VLOOKUP($A50,Dates,17,)>0,"Y"," "),"") -> Y | I44: =IFERROR(IF(VLOOKUP($A50,Dates,17,)>0,VLOOKUP($A50,Dates,17,)-VLOOKUP($A50,Jobs,17,)," "),"") | K44: =_xlfn.IFNA(IF(VLOOKUP($A44,Dates,19,)>0,"Y"," "),"") -> Y | L44: =IFERROR(IF(VLOOKUP($A44,Dates,19,)>0,VLOOKUP($A44,Dates,19,)-VLOOKUP($A44,Jobs,19,)," "),"") -> 5 | M44: =IF(VLOOKUP($A44,Dates,20,)>0,VLOOKUP($A44,Dates,20,)-VLOOKUP($A44,Jobs,20,)," ") -> 4 | N44: =_xlfn.IFNA(IF(VLOOKUP($A44,Dates,20,)>0,"Y"," "),"") -> Y | O44: =IFERROR(IF(VLOOKUP($A44,Dates,21,)>0,VLOOKUP($A44,Dates,21,)-VLOOKUP($A44,Jobs,21,)," "),"") -> 126 | P44: =_xlfn.IFNA(IF(VLOOKUP($A44,Dates,22,)>0,"Y"," "),"") -> Y | Q44: =IFERROR(IF(VLOOKUP($A44,Dates,23,)>0,VLOOKUP($A44,Dates,23,)-VLOOKUP($A44,Jobs,24,)," "),"") -> -125 | R44: =_xlfn.IFNA(IF(VLOOKUP($A44,Dates,23,)>0,"Y"," "),"") -> Y | S44: =IFERROR(IF(VLOOKUP($A44,Dates,24,)>0,VLOOKUP($A44,Dates,24,)-VLOOKUP($A44,Jobs,25,)," "),"") -> -5 | T44: =_xlfn.IFNA(IF(VLOOKUP($A44,Dates,25,)>0,"Y"," "),"") -> Y | U44: =IFERROR(IF(VLOOKUP($A44,Dates,26,)>0,VLOOKUP($A44,Dates,26,)-VLOOKUP($A44,Jobs,26,)," "),"") -> -12 | V44: =_xlfn.IFNA(IF(VLOOKUP($A44,Dates,26,)>0,"Y"," "),"") -> Y | W44: =IFERROR(IF(VLOOKUP($A44,Dates,27,)>0,VLOOKUP($A44,Dates,27,)-VLOOKUP($A44,Jobs,27,)," "),"") -> -17 | X44: =_xlfn.IFNA(IF(VLOOKUP($A44,Dates,27,)>0,"Y"," "),"") -> Y | Y44: =IFERROR(IF(VLOOKUP($A44,Dates,28,)>0,VLOOKUP($A44,Dates,28,)-VLOOKUP($A44,Jobs,28,)," "),"") | Z44: =_xlfn.IFNA(IF(VLOOKUP($A44,Dates,28,)>0,"Y"," "),"") | AA44: =IFERROR(IF(VLOOKUP($A44,Dates,29,)>0,VLOOKUP($A44,Dates,29,)-VLOOKUP($A44,Jobs,29,)," "),"") | AB44: =_xlfn.IFNA(IF(VLOOKUP($A44,Dates,29,)>0,"Y"," "),"") | AC44: =IFERROR(IF(VLOOKUP($A44,Dates,30,)>0,VLOOKUP($A44,Dates,30,)-VLOOKUP($A44,Jobs,30,)," "),"") -> 15 | AD44: =_xlfn.IFNA(IF(VLOOKUP($A44,Dates,30,)>0,"Y"," "),"") -> Y | AE44: =IFERROR(IF(VLOOKUP($A44,Dates,31,)>0,VLOOKUP($A44,Dates,31,)-VLOOKUP($A44,Jobs,31,)," "),"") -> 129 | AF44: =_xlfn.IFNA(IF(AG44="",TODAY()+(VLOOKUP(A44,'Date Calcs'!A:G,7,0)*7),VLOOKUP(A44,'Actual Dates'!A:AE,21,FALSE())),"") -> 45999 | AG44: =_xlfn.IFNA(IF(VLOOKUP(A44,'Actual Dates'!A:AE,20,0)="","",VLOOKUP(A44,'Actual Dates'!A:AE,20,0)+(VLOOKUP(A44,'Date Calcs'!A:X,22,0)*7)),"") -> 45873 | AH44: =_xlfn.IFNA(IF($AG44="","",IF(X44="Y","DONE",VLOOKUP(A44,'Ship Date'!A:AE,27,0))),"") -> DONE | AI44: =IFERROR(AH44-TODAY(),0) -> 0 | AJ44: =_xlfn.IFNA(IF($AG44="","",IF(AB44="Y","DONE",VLOOKUP(A44,'Ship Date'!A:AG,29,0))),"") | AK44: =IFERROR(AJ44-TODAY(),0) -> 0 | AL44: =_xlfn.IFNA(IF($AG44="","",IF(Z44="Y","DONE",VLOOKUP(A44,'Ship Date'!A:AI,28,0))),"") | AM44: =IFERROR(AL44-TODAY(),0) -> 0 | AN44: =_xlfn.IFNA(IF(T44="Y","DONE",VLOOKUP(A44,'Ship Date'!A:AE,25,0)),"") -> DONE | AO44: =IFERROR(AP44-AN44,0) -> 0 | AP44: =_xlfn.IFNA(IF(AD44="Y","DONE",VLOOKUP(A44,'Ship Date'!A:AE,30,0)),"") -> DONE | AQ44: =IFERROR(AP44-TODAY(),0) -> 0 | AR44: =IFERROR(_xlfn.IFNA(VLOOKUP(A44,'Ship Date'!A:C,3,0),""),"") | AS44: =IFERROR(AF44-AR44,"") | AV44: =_xlfn.IFNA(IF(VLOOKUP(A44,'Actual Dates'!A:AE,31,0)="","",VLOOKUP(A44,'Actual Dates'!A:AE,31,0)),"") -> 46009
