Workbook
Name Dates: '[1]Actual Dates'!$A$4:$AB$349
Name Dates: '[1]Actual Dates'!$A$4:$AB$349
Name Dates: 'Actual Dates'!$A$4:$AF$157
Name Jobs: '[1]Date Calcs'!$A$4:$AB$349
Name Jobs: '[1]Date Calcs'!$A$4:$AB$349
Name Jobs: 'Date Calcs'!$A$5:$AF$133
Name Ship: 'Date Calcs from Ship Date'!$A$5:$AE$133

Sheet Drawing Submittal
A1: Drawing Submittal
F2: On Track
F3: At Risk
F4: Late | I4: No Y | J4: No Y
A5: Job # | B5: Customer | C5: Rev. | D5: Target | E5: Actual | F5: Days +/- | G5: Status | I5: Submitted | J5: Approved
A6: 24-046 | B6: =VLOOKUP(A6,'Date Calcs'!A:B,2,) -> SYMS Engineering | C6: =VLOOKUP(A6,'Actual Dates'!A:AF,18,) -> 4 | D6: =IF(C6=0,VLOOKUP(A6,'Date Calcs'!A:AF,8,),IF(C6=1,VLOOKUP(A6,'Date Calcs'!A:AF,10,),IF(C6=2,VLOOKUP(A6,'Date Calcs'!A:AF,12,),IF(C6=3,VLOOKUP(A6,'Date Calcs'!A:AF,14,),4)))) -> 4 | F6: =ROUND(IF(A6="","",IF(E6=0,D6-Date!$B$3,D6-E6)),0) -> -46069 | I6: =IF(VLOOKUP(A6,Dates,2,)="N","N",IF(VLOOKUP(A6,Dates,3,)="N","N",IF(VLOOKUP(A6,Dates,4,)="N","N",IF(VLOOKUP(A6,Dates,5,)="N","N","Y")))) -> Y | J6: =VLOOKUP(A6,Dates,7,) -> y
A7: 24-047 | B7: =VLOOKUP(A7,'Date Calcs'!A:B,2,) -> #N/A | C7: =VLOOKUP(A7,'Actual Dates'!A:AF,18,) -> #N/A | D7: =IF(C7=0,VLOOKUP(A7,'Date Calcs'!A:AF,8,),IF(C7=1,VLOOKUP(A7,'Date Calcs'!A:AF,10,),IF(C7=2,VLOOKUP(A7,'Date Calcs'!A:AF,12,),IF(C7=3,VLOOKUP(A7,'Date Calcs'!A:AF,14,),4)))) -> #N/A | F7: =ROUND(IF(A7="","",IF(E7=0,D7-Date!$B$3,D7-E7)),0) -> #N/A | I7: =IF(VLOOKUP(A7,Dates,2,)="N","N",IF(VLOOKUP(A7,Dates,3,)="N","N",IF(VLOOKUP(A7,Dates,4,)="N","N",IF(VLOOKUP(A7,Dates,5,)="N","N","Y")))) -> #N/A | J7: =VLOOKUP(A7,Dates,7,) -> #N/A
A8: 24-048 | B8: =VLOOKUP(A8,'Date Calcs'!A:B,2,) -> #N/A | C8: =VLOOKUP(A8,'Actual Dates'!A:AF,18,) -> #N/A | D8: =IF(C8=0,VLOOKUP(A8,'Date Calcs'!A:AF,8,),IF(C8=1,VLOOKUP(A8,'Date Calcs'!A:AF,10,),IF(C8=2,VLOOKUP(A8,'Date Calcs'!A:AF,12,),IF(C8=3,VLOOKUP(A8,'Date Calcs'!A:AF,14,),4)))) -> #N/A | F8: =ROUND(IF(A8="","",IF(E8=0,D8-Date!$B$3,D8-E8)),0) -> #N/A | I8: =IF(VLOOKUP(A8,Dates,2,)="N","N",IF(VLOOKUP(A8,Dates,3,)="N","N",IF(VLOOKUP(A8,Dates,4,)="N","N",IF(VLOOKUP(A8,Dates,5,)="N","N","Y")))) -> #N/A | J8: =VLOOKUP(A8,Dates,7,) -> #N/A
A9: 25-052 | B9: =VLOOKUP(A9,'Date Calcs'!A:B,2,) -> Kraton | C9: =VLOOKUP(A9,'Actual Dates'!A:AF,18,) -> 4 | D9: =IF(C9=0,VLOOKUP(A9,'Date Calcs'!A:AF,8,),IF(C9=1,VLOOKUP(A9,'Date Calcs'!A:AF,10,),IF(C9=2,VLOOKUP(A9,'Date Calcs'!A:AF,12,),IF(C9=3,VLOOKUP(A9,'Date Calcs'!A:AF,14,),4)))) -> 4 | F9: =ROUND(IF(A9="","",IF(E9=0,D9-Date!$B$3,D9-E9)),0) -> -46069 | I9: =IF(VLOOKUP(A9,Dates,2,)="N","N",IF(VLOOKUP(A9,Dates,3,)="N","N",IF(VLOOKUP(A9,Dates,4,)="N","N",IF(VLOOKUP(A9,Dates,5,)="N","N","Y")))) -> Y | J9: =VLOOKUP(A9,Dates,7,) -> y
A10: 25-053 | B10: =VLOOKUP(A10,'Date Calcs'!A:B,2,) -> Andritz | C10: =VLOOKUP(A10,'Actual Dates'!A:AF,18,) -> 0 | D10: =IF(C10=0,VLOOKUP(A10,'Date Calcs'!A:AF,8,),IF(C10=1,VLOOKUP(A10,'Date Calcs'!A:AF,10,),IF(C10=2,VLOOKUP(A10,'Date Calcs'!A:AF,12,),IF(C10=3,VLOOKUP(A10,'Date Calcs'!A:AF,14,),4)))) -> 46027 | F10: =ROUND(IF(A10="","",IF(E10=0,D10-Date!$B$3,D10-E10)),0) -> -46 | I10: =IF(VLOOKUP(A10,Dates,2,)="N","N",IF(VLOOKUP(A10,Dates,3,)="N","N",IF(VLOOKUP(A10,Dates,4,)="N","N",IF(VLOOKUP(A10,Dates,5,)="N","N","Y")))) -> N | J10: =VLOOKUP(A10,Dates,7,) | K10: Spool piece 4A-1 CERTIFIED on 8/22/25
A11: 25-054 | B11: =VLOOKUP(A11,'Date Calcs'!A:B,2,) -> Chromascape | C11: =VLOOKUP(A11,'Actual Dates'!A:AF,18,) -> 3 | D11: =IF(C11=0,VLOOKUP(A11,'Date Calcs'!A:AF,8,),IF(C11=1,VLOOKUP(A11,'Date Calcs'!A:AF,10,),IF(C11=2,VLOOKUP(A11,'Date Calcs'!A:AF,12,),IF(C11=3,VLOOKUP(A11,'Date Calcs'!A:AF,14,),4)))) -> 45869 | F11: =ROUND(IF(A11="","",IF(E11=0,D11-Date!$B$3,D11-E11)),0) -> -204 | I11: =IF(VLOOKUP(A11,Dates,2,)="N","N",IF(VLOOKUP(A11,Dates,3,)="N","N",IF(VLOOKUP(A11,Dates,4,)="N","N",IF(VLOOKUP(A11,Dates,5,)="N","N","Y")))) -> Y | J11: =VLOOKUP(A11,Dates,7,) -> y
A12: 25-055 | B12: =VLOOKUP(A12,'Date Calcs'!A:B,2,) -> Airgas | C12: =VLOOKUP(A12,'Actual Dates'!A:AF,18,) -> 2 | D12: =IF(C12=0,VLOOKUP(A12,'Date Calcs'!A:AF,8,),IF(C12=1,VLOOKUP(A12,'Date Calcs'!A:AF,10,),IF(C12=2,VLOOKUP(A12,'Date Calcs'!A:AF,12,),IF(C12=3,VLOOKUP(A12,'Date Calcs'!A:AF,14,),4)))) -> 46022 | F12: =ROUND(IF(A12="","",IF(E12=0,D12-Date!$B$3,D12-E12)),0) -> -51 | I12: =IF(VLOOKUP(A12,Dates,2,)="N","N",IF(VLOOKUP(A12,Dates,3,)="N","N",IF(VLOOKUP(A12,Dates,4,)="N","N",IF(VLOOKUP(A12,Dates,5,)="N","N","Y")))) -> Y | J12: =VLOOKUP(A12,Dates,7,) -> y
A13: 25-077 | B13: =VLOOKUP(A13,'Date Calcs'!A:B,2,) -> Epic Systems | C13: =VLOOKUP(A13,'Actual Dates'!A:AF,18,) -> 3 | D13: =IF(C13=0,VLOOKUP(A13,'Date Calcs'!A:AF,8,),IF(C13=1,VLOOKUP(A13,'Date Calcs'!A:AF,10,),IF(C13=2,VLOOKUP(A13,'Date Calcs'!A:AF,12,),IF(C13=3,VLOOKUP(A13,'Date Calcs'!A:AF,14,),4)))) -> 45908 | F13: =ROUND(IF(A13="","",IF(E13=0,D13-Date!$B$3,D13-E13)),0) -> -165 | I13: =IF(VLOOKUP(A13,Dates,2,)="N","N",IF(VLOOKUP(A13,Dates,3,)="N","N",IF(VLOOKUP(A13,Dates,4,)="N","N",IF(VLOOKUP(A13,Dates,5,)="N","N","Y")))) -> Y | J13: =VLOOKUP(A13,Dates,7,) -> y
A14: 25-078 | B14: =VLOOKUP(A14,'Date Calcs'!A:B,2,) -> Epic Systems | C14: =VLOOKUP(A14,'Actual Dates'!A:AF,18,) -> 3 | D14: =IF(C14=0,VLOOKUP(A14,'Date Calcs'!A:AF,8,),IF(C14=1,VLOOKUP(A14,'Date Calcs'!A:AF,10,),IF(C14=2,VLOOKUP(A14,'Date Calcs'!A:AF,12,),IF(C14=3,VLOOKUP(A14,'Date Calcs'!A:AF,14,),4)))) -> 45908 | F14: =ROUND(IF(A14="","",IF(E14=0,D14-Date!$B$3,D14-E14)),0) -> -165 | I14: =IF(VLOOKUP(A14,Dates,2,)="N","N",IF(VLOOKUP(A14,Dates,3,)="N","N",IF(VLOOKUP(A14,Dates,4,)="N","N",IF(VLOOKUP(A14,Dates,5,)="N","N","Y")))) -> Y | J14: =VLOOKUP(A14,Dates,7,) -> y
A15: 25-079 | B15: =VLOOKUP(A15,'Date Calcs'!A:B,2,) -> Epic Systems | C15: =VLOOKUP(A15,'Actual Dates'!A:AF,18,) -> 3 | D15: =IF(C15=0,VLOOKUP(A15,'Date Calcs'!A:AF,8,),IF(C15=1,VLOOKUP(A15,'Date Calcs'!A:AF,10,),IF(C15=2,VLOOKUP(A15,'Date Calcs'!A:AF,12,),IF(C15=3,VLOOKUP(A15,'Date Calcs'!A:AF,14,),4)))) -> 45908 | F15: =ROUND(IF(A15="","",IF(E15=0,D15-Date!$B$3,D15-E15)),0) -> -165 | I15: =IF(VLOOKUP(A15,Dates,2,)="N","N",IF(VLOOKUP(A15,Dates,3,)="N","N",IF(VLOOKUP(A15,Dates,4,)="N","N",IF(VLOOKUP(A15,Dates,5,)="N","N","Y")))) -> Y | J15: =VLOOKUP(A15,Dates,7,) -> y
A16: 25-080 | B16: =VLOOKUP(A16,'Date Calcs'!A:B,2,) -> Domtar | C16: =VLOOKUP(A16,'Actual Dates'!A:AF,18,) -> 2 | D16: =IF(C16=0,VLOOKUP(A16,'Date Calcs'!A:AF,8,),IF(C16=1,VLOOKUP(A16,'Date Calcs'!A:AF,10,),IF(C16=2,VLOOKUP(A16,'Date Calcs'!A:AF,12,),IF(C16=3,VLOOKUP(A16,'Date Calcs'!A:AF,14,),4)))) -> 45904 | F16: =ROUND(IF(A16="","",IF(E16=0,D16-Date!$B$3,D16-E16)),0) -> -169 | I16: =IF(VLOOKUP(A16,Dates,2,)="N","N",IF(VLOOKUP(A16,Dates,3,)="N","N",IF(VLOOKUP(A16,Dates,4,)="N","N",IF(VLOOKUP(A16,Dates,5,)="N","N","Y")))) -> Y | J16: =VLOOKUP(A16,Dates,7,) -> y
A17: 25-083 | B17: =VLOOKUP(A17,'Date Calcs'!A:B,2,) -> Synthomer | C17: =VLOOKUP(A17,'Actual Dates'!A:AF,18,) -> 3 | D17: =IF(C17=0,VLOOKUP(A17,'Date Calcs'!A:AF,8,),IF(C17=1,VLOOKUP(A17,'Date Calcs'!A:AF,10,),IF(C17=2,VLOOKUP(A17,'Date Calcs'!A:AF,12,),IF(C17=3,VLOOKUP(A17,'Date Calcs'!A:AF,14,),4)))) -> 46062 | F17: =ROUND(IF(A17="","",IF(E17=0,D17-Date!$B$3,D17-E17)),0) -> -11 | I17: =IF(VLOOKUP(A17,Dates,2,)="N","N",IF(VLOOKUP(A17,Dates,3,)="N","N",IF(VLOOKUP(A17,Dates,4,)="N","N",IF(VLOOKUP(A17,Dates,5,)="N","N","Y")))) -> N | J17: =VLOOKUP(A17,Dates,7,) -> y
A18: 25-084 | B18: =VLOOKUP(A18,'Date Calcs'!A:B,2,) -> Atlas Minerals | C18: =VLOOKUP(A18,'Actual Dates'!A:AF,18,) -> 4 | D18: =IF(C18=0,VLOOKUP(A18,'Date Calcs'!A:AF,8,),IF(C18=1,VLOOKUP(A18,'Date Calcs'!A:AF,10,),IF(C18=2,VLOOKUP(A18,'Date Calcs'!A:AF,12,),IF(C18=3,VLOOKUP(A18,'Date Calcs'!A:AF,14,),4)))) -> 4 | F18: =ROUND(IF(A18="","",IF(E18=0,D18-Date!$B$3,D18-E18)),0) -> -46069 | I18: =IF(VLOOKUP(A18,Dates,2,)="N","N",IF(VLOOKUP(A18,Dates,3,)="N","N",IF(VLOOKUP(A18,Dates,4,)="N","N",IF(VLOOKUP(A18,Dates,5,)="N","N","Y")))) -> Y | J18: =VLOOKUP(A18,Dates,7,) -> y
A19: 25-085 | B19: =VLOOKUP(A19,'Date Calcs'!A:B,2,) -> Noah Industrial | C19: =VLOOKUP(A19,'Actual Dates'!A:AF,18,) -> 2 | D19: =IF(C19=0,VLOOKUP(A19,'Date Calcs'!A:AF,8,),IF(C19=1,VLOOKUP(A19,'Date Calcs'!A:AF,10,),IF(C19=2,VLOOKUP(A19,'Date Calcs'!A:AF,12,),IF(C19=3,VLOOKUP(A19,'Date Calcs'!A:AF,14,),4)))) -> 45902 | F19: =ROUND(IF(A19="","",IF(E19=0,D19-Date!$B$3,D19-E19)),0) -> -171 | I19: =IF(VLOOKUP(A19,Dates,2,)="N","N",IF(VLOOKUP(A19,Dates,3,)="N","N",IF(VLOOKUP(A19,Dates,4,)="N","N",IF(VLOOKUP(A19,Dates,5,)="N","N","Y")))) -> Y | J19: =VLOOKUP(A19,Dates,7,) -> y
A20: 25-087 | B20: =VLOOKUP(A20,'Date Calcs'!A:B,2,) -> Solvay | C20: =VLOOKUP(A20,'Actual Dates'!A:AF,18,) -> 2 | D20: =IF(C20=0,VLOOKUP(A20,'Date Calcs'!A:AF,8,),IF(C20=1,VLOOKUP(A20,'Date Calcs'!A:AF,10,),IF(C20=2,VLOOKUP(A20,'Date Calcs'!A:AF,12,),IF(C20=3,VLOOKUP(A20,'Date Calcs'!A:AF,14,),4)))) -> 45929 | F20: =ROUND(IF(A20="","",IF(E20=0,D20-Date!$B$3,D20-E20)),0) -> -144 | I20: =IF(VLOOKUP(A20,Dates,2,)="N","N",IF(VLOOKUP(A20,Dates,3,)="N","N",IF(VLOOKUP(A20,Dates,4,)="N","N",IF(VLOOKUP(A20,Dates,5,)="N","N","Y")))) -> Y | J20: =VLOOKUP(A20,Dates,7,) -> y
A21: 25-088 | B21: =VLOOKUP(A21,'Date Calcs'!A:B,2,) -> CIL Isotopes | C21: =VLOOKUP(A21,'Actual Dates'!A:AF,18,) -> 2 | D21: =IF(C21=0,VLOOKUP(A21,'Date Calcs'!A:AF,8,),IF(C21=1,VLOOKUP(A21,'Date Calcs'!A:AF,10,),IF(C21=2,VLOOKUP(A21,'Date Calcs'!A:AF,12,),IF(C21=3,VLOOKUP(A21,'Date Calcs'!A:AF,14,),4)))) -> 45929 | F21: =ROUND(IF(A21="","",IF(E21=0,D21-Date!$B$3,D21-E21)),0) -> -144 | I21: =IF(VLOOKUP(A21,Dates,2,)="N","N",IF(VLOOKUP(A21,Dates,3,)="N","N",IF(VLOOKUP(A21,Dates,4,)="N","N",IF(VLOOKUP(A21,Dates,5,)="N","N","Y")))) -> Y | J21: =VLOOKUP(A21,Dates,7,) -> y
A22: 25-089 | B22: =VLOOKUP(A22,'Date Calcs'!A:B,2,) -> Valmet | C22: =VLOOKUP(A22,'Actual Dates'!A:AF,18,) -> 2 | D22: =IF(C22=0,VLOOKUP(A22,'Date Calcs'!A:AF,8,),IF(C22=1,VLOOKUP(A22,'Date Calcs'!A:AF,10,),IF(C22=2,VLOOKUP(A22,'Date Calcs'!A:AF,12,),IF(C22=3,VLOOKUP(A22,'Date Calcs'!A:AF,14,),4)))) -> 46009 | F22: =ROUND(IF(A22="","",IF(E22=0,D22-Date!$B$3,D22-E22)),0) -> -64 | I22: =IF(VLOOKUP(A22,Dates,2,)="N","N",IF(VLOOKUP(A22,Dates,3,)="N","N",IF(VLOOKUP(A22,Dates,4,)="N","N",IF(VLOOKUP(A22,Dates,5,)="N","N","Y")))) -> Y | J22: =VLOOKUP(A22,Dates,7,) -> y | L22: RS
A23: 25-090 | B23: =VLOOKUP(A23,'Date Calcs'!A:B,2,) -> GAF | C23: =VLOOKUP(A23,'Actual Dates'!A:AF,18,) -> 1 | D23: =IF(C23=0,VLOOKUP(A23,'Date Calcs'!A:AF,8,),IF(C23=1,VLOOKUP(A23,'Date Calcs'!A:AF,10,),IF(C23=2,VLOOKUP(A23,'Date Calcs'!A:AF,12,),IF(C23=3,VLOOKUP(A23,'Date Calcs'!A:AF,14,),4)))) -> 45912 | F23: =ROUND(IF(A23="","",IF(E23=0,D23-Date!$B$3,D23-E23)),0) -> -161 | I23: =IF(VLOOKUP(A23,Dates,2,)="N","N",IF(VLOOKUP(A23,Dates,3,)="N","N",IF(VLOOKUP(A23,Dates,4,)="N","N",IF(VLOOKUP(A23,Dates,5,)="N","N","Y")))) -> Y | J23: =VLOOKUP(A23,Dates,7,) -> y
A24: 25-092 | B24: =VLOOKUP(A24,'Date Calcs'!A:B,2,) -> Symrise | C24: =VLOOKUP(A24,'Actual Dates'!A:AF,18,) -> 3 | D24: =IF(C24=0,VLOOKUP(A24,'Date Calcs'!A:AF,8,),IF(C24=1,VLOOKUP(A24,'Date Calcs'!A:AF,10,),IF(C24=2,VLOOKUP(A24,'Date Calcs'!A:AF,12,),IF(C24=3,VLOOKUP(A24,'Date Calcs'!A:AF,14,),4)))) -> 45971 | F24: =ROUND(IF(A24="","",IF(E24=0,D24-Date!$B$3,D24-E24)),0) -> -102 | I24: =IF(VLOOKUP(A24,Dates,2,)="N","N",IF(VLOOKUP(A24,Dates,3,)="N","N",IF(VLOOKUP(A24,Dates,4,)="N","N",IF(VLOOKUP(A24,Dates,5,)="N","N","Y")))) -> Y | J24: =VLOOKUP(A24,Dates,7,) -> y
A25: 25-093 | B25: =VLOOKUP(A25,'Date Calcs'!A:B,2,) -> Symrise | C25: =VLOOKUP(A25,'Actual Dates'!A:AF,18,) -> 3 | D25: =IF(C25=0,VLOOKUP(A25,'Date Calcs'!A:AF,8,),IF(C25=1,VLOOKUP(A25,'Date Calcs'!A:AF,10,),IF(C25=2,VLOOKUP(A25,'Date Calcs'!A:AF,12,),IF(C25=3,VLOOKUP(A25,'Date Calcs'!A:AF,14,),4)))) -> 45971 | F25: =ROUND(IF(A25="","",IF(E25=0,D25-Date!$B$3,D25-E25)),0) -> -102 | I25: =IF(VLOOKUP(A25,Dates,2,)="N","N",IF(VLOOKUP(A25,Dates,3,)="N","N",IF(VLOOKUP(A25,Dates,4,)="N","N",IF(VLOOKUP(A25,Dates,5,)="N","N","Y")))) -> Y | J25: =VLOOKUP(A25,Dates,7,) -> y
A26: 25-094 | B26: =VLOOKUP(A26,'Date Calcs'!A:B,2,) -> Kimberly Clark | C26: =VLOOKUP(A26,'Actual Dates'!A:AF,18,) -> 2 | D26: =IF(C26=0,VLOOKUP(A26,'Date Calcs'!A:AF,8,),IF(C26=1,VLOOKUP(A26,'Date Calcs'!A:AF,10,),IF(C26=2,VLOOKUP(A26,'Date Calcs'!A:AF,12,),IF(C26=3,VLOOKUP(A26,'Date Calcs'!A:AF,14,),4)))) -> 45993 | F26: =ROUND(IF(A26="","",IF(E26=0,D26-Date!$B$3,D26-E26)),0) -> -80 | I26: =IF(VLOOKUP(A26,Dates,2,)="N","N",IF(VLOOKUP(A26,Dates,3,)="N","N",IF(VLOOKUP(A26,Dates,4,)="N","N",IF(VLOOKUP(A26,Dates,5,)="N","N","Y")))) -> Y | J26: =VLOOKUP(A26,Dates,7,) -> y
A27: 25-095 | B27: =VLOOKUP(A27,'Date Calcs'!A:B,2,) -> Andritz | C27: =VLOOKUP(A27,'Actual Dates'!A:AF,18,) -> 3 | D27: =IF(C27=0,VLOOKUP(A27,'Date Calcs'!A:AF,8,),IF(C27=1,VLOOKUP(A27,'Date Calcs'!A:AF,10,),IF(C27=2,VLOOKUP(A27,'Date Calcs'!A:AF,12,),IF(C27=3,VLOOKUP(A27,'Date Calcs'!A:AF,14,),4)))) -> 46080 | F27: =ROUND(IF(A27="","",IF(E27=0,D27-Date!$B$3,D27-E27)),0) -> 7 | I27: =IF(VLOOKUP(A27,Dates,2,)="N","N",IF(VLOOKUP(A27,Dates,3,)="N","N",IF(VLOOKUP(A27,Dates,4,)="N","N",IF(VLOOKUP(A27,Dates,5,)="N","N","Y")))) -> Y | J27: =VLOOKUP(A27,Dates,7,)
A28: 25-096 | B28: =VLOOKUP(A28,'Date Calcs'!A:B,2,) -> Milliken | C28: =VLOOKUP(A28,'Actual Dates'!A:AF,18,) -> 2 | D28: =IF(C28=0,VLOOKUP(A28,'Date Calcs'!A:AF,8,),IF(C28=1,VLOOKUP(A28,'Date Calcs'!A:AF,10,),IF(C28=2,VLOOKUP(A28,'Date Calcs'!A:AF,12,),IF(C28=3,VLOOKUP(A28,'Date Calcs'!A:AF,14,),4)))) -> 45967 | F28: =ROUND(IF(A28="","",IF(E28=0,D28-Date!$B$3,D28-E28)),0) -> -106 | I28: =IF(VLOOKUP(A28,Dates,2,)="N","N",IF(VLOOKUP(A28,Dates,3,)="N","N",IF(VLOOKUP(A28,Dates,4,)="N","N",IF(VLOOKUP(A28,Dates,5,)="N","N","Y")))) -> Y | J28: =VLOOKUP(A28,Dates,7,) -> y
A29: 25-097 | B29: =VLOOKUP(A29,'Date Calcs'!A:B,2,) -> Milliken | C29: =VLOOKUP(A29,'Actual Dates'!A:AF,18,) -> 2 | D29: =IF(C29=0,VLOOKUP(A29,'Date Calcs'!A:AF,8,),IF(C29=1,VLOOKUP(A29,'Date Calcs'!A:AF,10,),IF(C29=2,VLOOKUP(A29,'Date Calcs'!A:AF,12,),IF(C29=3,VLOOKUP(A29,'Date Calcs'!A:AF,14,),4)))) -> 45967 | F29: =ROUND(IF(A29="","",IF(E29=0,D29-Date!$B$3,D29-E29)),0) -> -106 | I29: =IF(VLOOKUP(A29,Dates,2,)="N","N",IF(VLOOKUP(A29,Dates,3,)="N","N",IF(VLOOKUP(A29,Dates,4,)="N","N",IF(VLOOKUP(A29,Dates,5,)="N","N","Y")))) -> Y | J29: =VLOOKUP(A29,Dates,7,) -> y
A30: 25-098 | B30: =VLOOKUP(A30,'Date Calcs'!A:B,2,) -> Coastal Technologies | C30: =VLOOKUP(A30,'Actual Dates'!A:AF,18,) -> 2 | D30: =IF(C30=0,VLOOKUP(A30,'Date Calcs'!A:AF,8,),IF(C30=1,VLOOKUP(A30,'Date Calcs'!A:AF,10,),IF(C30=2,VLOOKUP(A30,'Date Calcs'!A:AF,12,),IF(C30=3,VLOOKUP(A30,'Date Calcs'!A:AF,14,),4)))) -> 45974 | F30: =ROUND(IF(A30="","",IF(E30=0,D30-Date!$B$3,D30-E30)),0) -> -99 | I30: =IF(VLOOKUP(A30,Dates,2,)="N","N",IF(VLOOKUP(A30,Dates,3,)="N","N",IF(VLOOKUP(A30,Dates,4,)="N","N",IF(VLOOKUP(A30,Dates,5,)="N","N","Y")))) -> Y | J30: =VLOOKUP(A30,Dates,7,) -> y
A31: 25-099 | B31: =VLOOKUP(A31,'Date Calcs'!A:B,2,) -> Burke Industrial | C31: =VLOOKUP(A31,'Actual Dates'!A:AF,18,) -> 2 | D31: =IF(C31=0,VLOOKUP(A31,'Date Calcs'!A:AF,8,),IF(C31=1,VLOOKUP(A31,'Date Calcs'!A:AF,10,),IF(C31=2,VLOOKUP(A31,'Date Calcs'!A:AF,12,),IF(C31=3,VLOOKUP(A31,'Date Calcs'!A:AF,14,),4)))) -> 45980 | F31: =ROUND(IF(A31="","",IF(E31=0,D31-Date!$B$3,D31-E31)),0) -> -93 | I31: =IF(VLOOKUP(A31,Dates,2,)="N","N",IF(VLOOKUP(A31,Dates,3,)="N","N",IF(VLOOKUP(A31,Dates,4,)="N","N",IF(VLOOKUP(A31,Dates,5,)="N","N","Y")))) -> Y | J31: =VLOOKUP(A31,Dates,7,) -> y
A32: 25-101 | B32: =VLOOKUP(A32,'Date Calcs'!A:B,2,) -> Harper Love | C32: =VLOOKUP(A32,'Actual Dates'!A:AF,18,) -> 2 | D32: =IF(C32=0,VLOOKUP(A32,'Date Calcs'!A:AF,8,),IF(C32=1,VLOOKUP(A32,'Date Calcs'!A:AF,10,),IF(C32=2,VLOOKUP(A32,'Date Calcs'!A:AF,12,),IF(C32=3,VLOOKUP(A32,'Date Calcs'!A:AF,14,),4)))) -> 46013 | F32: =ROUND(IF(A32="","",IF(E32=0,D32-Date!$B$3,D32-E32)),0) -> -60 | I32: =IF(VLOOKUP(A32,Dates,2,)="N","N",IF(VLOOKUP(A32,Dates,3,)="N","N",IF(VLOOKUP(A32,Dates,4,)="N","N",IF(VLOOKUP(A32,Dates,5,)="N","N","Y")))) -> Y | J32: =VLOOKUP(A32,Dates,7,) -> y | L32: RS
A33: 25-102 | B33: =VLOOKUP(A33,'Date Calcs'!A:B,2,) -> Epic Systems | C33: =VLOOKUP(A33,'Actual Dates'!A:AF,18,) -> 3 | D33: =IF(C33=0,VLOOKUP(A33,'Date Calcs'!A:AF,8,),IF(C33=1,VLOOKUP(A33,'Date Calcs'!A:AF,10,),IF(C33=2,VLOOKUP(A33,'Date Calcs'!A:AF,12,),IF(C33=3,VLOOKUP(A33,'Date Calcs'!A:AF,14,),4)))) -> 46079 | F33: =ROUND(IF(A33="","",IF(E33=0,D33-Date!$B$3,D33-E33)),0) -> 6 | I33: =IF(VLOOKUP(A33,Dates,2,)="N","N",IF(VLOOKUP(A33,Dates,3,)="N","N",IF(VLOOKUP(A33,Dates,4,)="N","N",IF(VLOOKUP(A33,Dates,5,)="N","N","Y")))) -> N | J33: =VLOOKUP(A33,Dates,7,)
A34: 25-103 | B34: =VLOOKUP(A34,'Date Calcs'!A:B,2,) -> Epic Systems | C34: =VLOOKUP(A34,'Actual Dates'!A:AF,18,) -> 3 | D34: =IF(C34=0,VLOOKUP(A34,'Date Calcs'!A:AF,8,),IF(C34=1,VLOOKUP(A34,'Date Calcs'!A:AF,10,),IF(C34=2,VLOOKUP(A34,'Date Calcs'!A:AF,12,),IF(C34=3,VLOOKUP(A34,'Date Calcs'!A:AF,14,),4)))) -> 46079 | F34: =ROUND(IF(A34="","",IF(E34=0,D34-Date!$B$3,D34-E34)),0) -> 6 | I34: =IF(VLOOKUP(A34,Dates,2,)="N","N",IF(VLOOKUP(A34,Dates,3,)="N","N",IF(VLOOKUP(A34,Dates,4,)="N","N",IF(VLOOKUP(A34,Dates,5,)="N","N","Y")))) -> N | J34: =VLOOKUP(A34,Dates,7,) -> y
A35: 25-104 | B35: =VLOOKUP(A35,'Date Calcs'!A:B,2,) -> Epic Systems | C35: =VLOOKUP(A35,'Actual Dates'!A:AF,18,) -> 3 | D35: =IF(C35=0,VLOOKUP(A35,'Date Calcs'!A:AF,8,),IF(C35=1,VLOOKUP(A35,'Date Calcs'!A:AF,10,),IF(C35=2,VLOOKUP(A35,'Date Calcs'!A:AF,12,),IF(C35=3,VLOOKUP(A35,'Date Calcs'!A:AF,14,),4)))) -> 46079 | F35: =ROUND(IF(A35="","",IF(E35=0,D35-Date!$B$3,D35-E35)),0) -> 6 | I35: =IF(VLOOKUP(A35,Dates,2,)="N","N",IF(VLOOKUP(A35,Dates,3,)="N","N",IF(VLOOKUP(A35,Dates,4,)="N","N",IF(VLOOKUP(A35,Dates,5,)="N","N","Y")))) -> N | J35: =VLOOKUP(A35,Dates,7,) -> y
A36: 25-105 | B36: =VLOOKUP(A36,'Date Calcs'!A:B,2,) -> Epic Systems | C36: =VLOOKUP(A36,'Actual Dates'!A:AF,18,) -> 3 | D36: =IF(C36=0,VLOOKUP(A36,'Date Calcs'!A:AF,8,),IF(C36=1,VLOOKUP(A36,'Date Calcs'!A:AF,10,),IF(C36=2,VLOOKUP(A36,'Date Calcs'!A:AF,12,),IF(C36=3,VLOOKUP(A36,'Date Calcs'!A:AF,14,),4)))) -> 46079 | F36: =ROUND(IF(A36="","",IF(E36=0,D36-Date!$B$3,D36-E36)),0) -> 6 | I36: =IF(VLOOKUP(A36,Dates,2,)="N","N",IF(VLOOKUP(A36,Dates,3,)="N","N",IF(VLOOKUP(A36,Dates,4,)="N","N",IF(VLOOKUP(A36,Dates,5,)="N","N","Y")))) -> N | J36: =VLOOKUP(A36,Dates,7,) -> y
A37: 25-106 | B37: =VLOOKUP(A37,'Date Calcs'!A:B,2,) -> Epic Systems | C37: =VLOOKUP(A37,'Actual Dates'!A:AF,18,) -> 3 | D37: =IF(C37=0,VLOOKUP(A37,'Date Calcs'!A:AF,8,),IF(C37=1,VLOOKUP(A37,'Date Calcs'!A:AF,10,),IF(C37=2,VLOOKUP(A37,'Date Calcs'!A:AF,12,),IF(C37=3,VLOOKUP(A37,'Date Calcs'!A:AF,14,),4)))) -> 46079 | F37: =ROUND(IF(A37="","",IF(E37=0,D37-Date!$B$3,D37-E37)),0) -> 6 | I37: =IF(VLOOKUP(A37,Dates,2,)="N","N",IF(VLOOKUP(A37,Dates,3,)="N","N",IF(VLOOKUP(A37,Dates,4,)="N","N",IF(VLOOKUP(A37,Dates,5,)="N","N","Y")))) -> N | J37: =VLOOKUP(A37,Dates,7,)
A38: 25-107 | B38: =VLOOKUP(A38,'Date Calcs'!A:B,2,) -> Epic Systems | C38: =VLOOKUP(A38,'Actual Dates'!A:AF,18,) -> 1 | D38: =IF(C38=0,VLOOKUP(A38,'Date Calcs'!A:AF,8,),IF(C38=1,VLOOKUP(A38,'Date Calcs'!A:AF,10,),IF(C38=2,VLOOKUP(A38,'Date Calcs'!A:AF,12,),IF(C38=3,VLOOKUP(A38,'Date Calcs'!A:AF,14,),4)))) -> 46062 | F38: =ROUND(IF(A38="","",IF(E38=0,D38-Date!$B$3,D38-E38)),0) -> -11 | I38: =IF(VLOOKUP(A38,Dates,2,)="N","N",IF(VLOOKUP(A38,Dates,3,)="N","N",IF(VLOOKUP(A38,Dates,4,)="N","N",IF(VLOOKUP(A38,Dates,5,)="N","N","Y")))) -> N | J38: =VLOOKUP(A38,Dates,7,) | L38: Tank size confirmed on 2/9/26 | P38: =D38+14 -> 46076
A39: 25-108 | B39: =VLOOKUP(A39,'Date Calcs'!A:B,2,) -> Epic Systems | C39: =VLOOKUP(A39,'Actual Dates'!A:AF,18,) -> 2 | D39: =IF(C39=0,VLOOKUP(A39,'Date Calcs'!A:AF,8,),IF(C39=1,VLOOKUP(A39,'Date Calcs'!A:AF,10,),IF(C39=2,VLOOKUP(A39,'Date Calcs'!A:AF,12,),IF(C39=3,VLOOKUP(A39,'Date Calcs'!A:AF,14,),4)))) -> 46078 | F39: =ROUND(IF(A39="","",IF(E39=0,D39-Date!$B$3,D39-E39)),0) -> 5 | I39: =IF(VLOOKUP(A39,Dates,2,)="N","N",IF(VLOOKUP(A39,Dates,3,)="N","N",IF(VLOOKUP(A39,Dates,4,)="N","N",IF(VLOOKUP(A39,Dates,5,)="N","N","Y")))) -> Y | J39: =VLOOKUP(A39,Dates,7,)
A40: 25-109 | B40: =VLOOKUP(A40,'Date Calcs'!A:B,2,) -> Epic Systems | C40: =VLOOKUP(A40,'Actual Dates'!A:AF,18,) -> 4 | D40: =IF(C40=0,VLOOKUP(A40,'Date Calcs'!A:AF,8,),IF(C40=1,VLOOKUP(A40,'Date Calcs'!A:AF,10,),IF(C40=2,VLOOKUP(A40,'Date Calcs'!A:AF,12,),IF(C40=3,VLOOKUP(A40,'Date Calcs'!A:AF,14,),4)))) -> 4 | F40: =ROUND(IF(A40="","",IF(E40=0,D40-Date!$B$3,D40-E40)),0) -> -46069 | I40: =IF(VLOOKUP(A40,Dates,2,)="N","N",IF(VLOOKUP(A40,Dates,3,)="N","N",IF(VLOOKUP(A40,Dates,4,)="N","N",IF(VLOOKUP(A40,Dates,5,)="N","N","Y")))) -> Y | J40: =VLOOKUP(A40,Dates,7,) -> y
A41: 25-110 | B41: =VLOOKUP(A41,'Date Calcs'!A:B,2,) -> Epic Systems | C41: =VLOOKUP(A41,'Actual Dates'!A:AF,18,) -> 4 | D41: =IF(C41=0,VLOOKUP(A41,'Date Calcs'!A:AF,8,),IF(C41=1,VLOOKUP(A41,'Date Calcs'!A:AF,10,),IF(C41=2,VLOOKUP(A41,'Date Calcs'!A:AF,12,),IF(C41=3,VLOOKUP(A41,'Date Calcs'!A:AF,14,),4)))) -> 4 | F41: =ROUND(IF(A41="","",IF(E41=0,D41-Date!$B$3,D41-E41)),0) -> -46069 | I41: =IF(VLOOKUP(A41,Dates,2,)="N","N",IF(VLOOKUP(A41,Dates,3,)="N","N",IF(VLOOKUP(A41,Dates,4,)="N","N",IF(VLOOKUP(A41,Dates,5,)="N","N","Y")))) -> Y | J41: =VLOOKUP(A41,Dates,7,)
A42: 25-111 | B42: =VLOOKUP(A42,'Date Calcs'!A:B,2,) -> Epic Systems | C42: =VLOOKUP(A42,'Actual Dates'!A:AF,18,) -> 4 | D42: =IF(C42=0,VLOOKUP(A42,'Date Calcs'!A:AF,8,),IF(C42=1,VLOOKUP(A42,'Date Calcs'!A:AF,10,),IF(C42=2,VLOOKUP(A42,'Date Calcs'!A:AF,12,),IF(C42=3,VLOOKUP(A42,'Date Calcs'!A:AF,14,),4)))) -> 4 | F42: =ROUND(IF(A42="","",IF(E42=0,D42-Date!$B$3,D42-E42)),0) -> -46069 | I42: =IF(VLOOKUP(A42,Dates,2,)="N","N",IF(VLOOKUP(A42,Dates,3,)="N","N",IF(VLOOKUP(A42,Dates,4,)="N","N",IF(VLOOKUP(A42,Dates,5,)="N","N","Y")))) -> Y | J42: =VLOOKUP(A42,Dates,7,)
A43: 25-112 | B43: =VLOOKUP(A43,'Date Calcs'!A:B,2,) -> Epic Systems | C43: =VLOOKUP(A43,'Actual Dates'!A:AF,18,) -> 4 | D43: =IF(C43=0,VLOOKUP(A43,'Date Calcs'!A:AF,8,),IF(C43=1,VLOOKUP(A43,'Date Calcs'!A:AF,10,),IF(C43=2,VLOOKUP(A43,'Date Calcs'!A:AF,12,),IF(C43=3,VLOOKUP(A43,'Date Calcs'!A:AF,14,),4)))) -> 4 | F43: =ROUND(IF(A43="","",IF(E43=0,D43-Date!$B$3,D43-E43)),0) -> -46069 | I43: =IF(VLOOKUP(A43,Dates,2,)="N","N",IF(VLOOKUP(A43,Dates,3,)="N","N",IF(VLOOKUP(A43,Dates,4,)="N","N",IF(VLOOKUP(A43,Dates,5,)="N","N","Y")))) -> Y | J43: =VLOOKUP(A43,Dates,7,)
A44: 25-113 | B44: =VLOOKUP(A44,'Date Calcs'!A:B,2,) -> Epic Systems | C44: =VLOOKUP(A44,'Actual Dates'!A:AF,18,) -> 3 | D44: =IF(C44=0,VLOOKUP(A44,'Date Calcs'!A:AF,8,),IF(C44=1,VLOOKUP(A44,'Date Calcs'!A:AF,10,),IF(C44=2,VLOOKUP(A44,'Date Calcs'!A:AF,12,),IF(C44=3,VLOOKUP(A44,'Date Calcs'!A:AF,14,),4)))) -> 46072 | F44: =ROUND(IF(A44="","",IF(E44=0,D44-Date!$B$3,D44-E44)),0) -> -1 | I44: =IF(VLOOKUP(A44,Dates,2,)="N","N",IF(VLOOKUP(A44,Dates,3,)="N","N",IF(VLOOKUP(A44,Dates,4,)="N","N",IF(VLOOKUP(A44,Dates,5,)="N","N","Y")))) -> Y | J44: =VLOOKUP(A44,Dates,7,)
A45: 25-115 | B45: =VLOOKUP(A45,'Date Calcs'!A:B,2,) -> Epic Systems | C45: =VLOOKUP(A45,'Actual Dates'!A:AF,18,) -> 3 | D45: =IF(C45=0,VLOOKUP(A45,'Date Calcs'!A:AF,8,),IF(C45=1,VLOOKUP(A45,'Date Calcs'!A:AF,10,),IF(C45=2,VLOOKUP(A45,'Date Calcs'!A:AF,12,),IF(C45=3,VLOOKUP(A45,'Date Calcs'!A:AF,14,),4)))) -> 46079 | F45: =ROUND(IF(A45="","",IF(E45=0,D45-Date!$B$3,D45-E45)),0) -> 6 | I45: =IF(VLOOKUP(A45,Dates,2,)="N","N",IF(VLOOKUP(A45,Dates,3,)="N","N",IF(VLOOKUP(A45,Dates,4,)="N","N",IF(VLOOKUP(A45,Dates,5,)="N","N","Y")))) -> N | J45: =VLOOKUP(A45,Dates,7,) -> y
A46: 25-116 | B46: =VLOOKUP(A46,'Date Calcs'!A:B,2,) -> Polynt | C46: =VLOOKUP(A46,'Actual Dates'!A:AF,18,) -> 2 | D46: =IF(C46=0,VLOOKUP(A46,'Date Calcs'!A:AF,8,),IF(C46=1,VLOOKUP(A46,'Date Calcs'!A:AF,10,),IF(C46=2,VLOOKUP(A46,'Date Calcs'!A:AF,12,),IF(C46=3,VLOOKUP(A46,'Date Calcs'!A:AF,14,),4)))) -> 46072 | F46: =ROUND(IF(A46="","",IF(E46=0,D46-Date!$B$3,D46-E46)),0) -> -1 | I46: =IF(VLOOKUP(A46,Dates,2,)="N","N",IF(VLOOKUP(A46,Dates,3,)="N","N",IF(VLOOKUP(A46,Dates,4,)="N","N",IF(VLOOKUP(A46,Dates,5,)="N","N","Y")))) -> N | J46: =VLOOKUP(A46,Dates,7,)
A47: 25-117 | B47: =VLOOKUP(A47,'Date Calcs'!A:B,2,) -> Merrick | C47: =VLOOKUP(A47,'Actual Dates'!A:AF,18,) -> 3 | D47: =IF(C47=0,VLOOKUP(A47,'Date Calcs'!A:AF,8,),IF(C47=1,VLOOKUP(A47,'Date Calcs'!A:AF,10,),IF(C47=2,VLOOKUP(A47,'Date Calcs'!A:AF,12,),IF(C47=3,VLOOKUP(A47,'Date Calcs'!A:AF,14,),4)))) -> 46077 | F47: =ROUND(IF(A47="","",IF(E47=0,D47-Date!$B$3,D47-E47)),0) -> 4 | I47: =IF(VLOOKUP(A47,Dates,2,)="N","N",IF(VLOOKUP(A47,Dates,3,)="N","N",IF(VLOOKUP(A47,Dates,4,)="N","N",IF(VLOOKUP(A47,Dates,5,)="N","N","Y")))) -> Y | J47: =VLOOKUP(A47,Dates,7,) -> y
A48: 25-118 | B48: =VLOOKUP(A48,'Date Calcs'!A:B,2,) -> Merrick | C48: =VLOOKUP(A48,'Actual Dates'!A:AF,18,) -> 3 | D48: =IF(C48=0,VLOOKUP(A48,'Date Calcs'!A:AF,8,),IF(C48=1,VLOOKUP(A48,'Date Calcs'!A:AF,10,),IF(C48=2,VLOOKUP(A48,'Date Calcs'!A:AF,12,),IF(C48=3,VLOOKUP(A48,'Date Calcs'!A:AF,14,),4)))) -> 46083 | F48: =ROUND(IF(A48="","",IF(E48=0,D48-Date!$B$3,D48-E48)),0) -> 10 | I48: =IF(VLOOKUP(A48,Dates,2,)="N","N",IF(VLOOKUP(A48,Dates,3,)="N","N",IF(VLOOKUP(A48,Dates,4,)="N","N",IF(VLOOKUP(A48,Dates,5,)="N","N","Y")))) -> Y | J48: =VLOOKUP(A48,Dates,7,) -> y
A49: 25-119 | B49: =VLOOKUP(A49,'Date Calcs'!A:B,2,) -> Vertiv | C49: =VLOOKUP(A49,'Actual Dates'!A:AF,18,) -> 2 | D49: =IF(C49=0,VLOOKUP(A49,'Date Calcs'!A:AF,8,),IF(C49=1,VLOOKUP(A49,'Date Calcs'!A:AF,10,),IF(C49=2,VLOOKUP(A49,'Date Calcs'!A:AF,12,),IF(C49=3,VLOOKUP(A49,'Date Calcs'!A:AF,14,),4)))) -> 46008 | F49: =ROUND(IF(A49="","",IF(E49=0,D49-Date!$B$3,D49-E49)),0) -> -65 | I49: =IF(VLOOKUP(A49,Dates,2,)="N","N",IF(VLOOKUP(A49,Dates,3,)="N","N",IF(VLOOKUP(A49,Dates,4,)="N","N",IF(VLOOKUP(A49,Dates,5,)="N","N","Y")))) -> Y | J49: =VLOOKUP(A49,Dates,7,) -> y
A50: 25-121 | B50: =VLOOKUP(A50,'Date Calcs'!A:B,2,) -> Kimberly Clark | C50: =VLOOKUP(A50,'Actual Dates'!A:AF,18,) -> 1 | D50: =IF(C50=0,VLOOKUP(A50,'Date Calcs'!A:AF,8,),IF(C50=1,VLOOKUP(A50,'Date Calcs'!A:AF,10,),IF(C50=2,VLOOKUP(A50,'Date Calcs'!A:AF,12,),IF(C50=3,VLOOKUP(A50,'Date Calcs'!A:AF,14,),4)))) -> 46077 | F50: =ROUND(IF(A50="","",IF(E50=0,D50-Date!$B$3,D50-E50)),0) -> 4 | I50: =IF(VLOOKUP(A50,Dates,2,)="N","N",IF(VLOOKUP(A50,Dates,3,)="N","N",IF(VLOOKUP(A50,Dates,4,)="N","N",IF(VLOOKUP(A50,Dates,5,)="N","N","Y")))) -> N | J50: =VLOOKUP(A50,Dates,7,)
... A52: 25-123 | B52: =VLOOKUP(A52,'Date Calcs'!A:B,2,) -> Kimberly Clark | C52: =VLOOKUP(A52,'Actual Dates'!A:AF,18,) -> 1 | D52: =IF(C52=0,VLOOKUP(A52,'Date Calcs'!A:AF,8,),IF(C52=1,VLOOKUP(A52,'Date Calcs'!A:AF,10,),IF(C52=2,VLOOKUP(A52,'Date Calcs'!A:AF,12,),IF(C52=3,VLOOKUP(A52,'Date Calcs'!A:AF,14,),4)))) -> 46051 | F52: =ROUND(IF(A52="","",IF(E52=0,D52-Date!$B$3,D52-E52)),0) -> -22 | I52: =IF(VLOOKUP(A52,Dates,2,)="N","N",IF(VLOOKUP(A52,Dates,3,)="N","N",IF(VLOOKUP(A52,Dates,4,)="N","N",IF(VLOOKUP(A52,Dates,5,)="N","N","Y")))) -> Y | J52: =VLOOKUP(A52,Dates,7,)
A53: 25-356 | B53: =VLOOKUP(A53,'Date Calcs'!A:B,2,) -> Synthomer | C53: =VLOOKUP(A53,'Actual Dates'!A:AF,18,) -> 2 | D53: =IF(C53=0,VLOOKUP(A53,'Date Calcs'!A:AF,8,),IF(C53=1,VLOOKUP(A53,'Date Calcs'!A:AF,10,),IF(C53=2,VLOOKUP(A53,'Date Calcs'!A:AF,12,),IF(C53=3,VLOOKUP(A53,'Date Calcs'!A:AF,14,),4)))) -> 46083 | F53: =ROUND(IF(A53="","",IF(E53=0,D53-Date!$B$3,D53-E53)),0) -> 10 | I53: =IF(VLOOKUP(A53,Dates,2,)="N","N",IF(VLOOKUP(A53,Dates,3,)="N","N",IF(VLOOKUP(A53,Dates,4,)="N","N",IF(VLOOKUP(A53,Dates,5,)="N","N","Y")))) -> Y | J53: =VLOOKUP(A53,Dates,7,) | L53: Questions answred on 2/10/26
A54: 25-357 | B54: =VLOOKUP(A54,'Date Calcs'!A:B,2,) -> Sylvamo | C54: =VLOOKUP(A54,'Actual Dates'!A:AF,18,) -> 1 | D54: =IF(C54=0,VLOOKUP(A54,'Date Calcs'!A:AF,8,),IF(C54=1,VLOOKUP(A54,'Date Calcs'!A:AF,10,),IF(C54=2,VLOOKUP(A54,'Date Calcs'!A:AF,12,),IF(C54=3,VLOOKUP(A54,'Date Calcs'!A:AF,14,),4)))) -> 46071 | F54: =ROUND(IF(A54="","",IF(E54=0,D54-Date!$B$3,D54-E54)),0) -> -2 | I54: =IF(VLOOKUP(A54,Dates,2,)="N","N",IF(VLOOKUP(A54,Dates,3,)="N","N",IF(VLOOKUP(A54,Dates,4,)="N","N",IF(VLOOKUP(A54,Dates,5,)="N","N","Y")))) -> N | J54: =VLOOKUP(A54,Dates,7,)
A55: 25-358 | B55: =VLOOKUP(A55,'Date Calcs'!A:B,2,) -> Sylvamo | C55: =VLOOKUP(A55,'Actual Dates'!A:AF,18,) -> 1 | D55: =IF(C55=0,VLOOKUP(A55,'Date Calcs'!A:AF,8,),IF(C55=1,VLOOKUP(A55,'Date Calcs'!A:AF,10,),IF(C55=2,VLOOKUP(A55,'Date Calcs'!A:AF,12,),IF(C55=3,VLOOKUP(A55,'Date Calcs'!A:AF,14,),4)))) -> 46071 | F55: =ROUND(IF(A55="","",IF(E55=0,D55-Date!$B$3,D55-E55)),0) -> -2 | I55: =IF(VLOOKUP(A55,Dates,2,)="N","N",IF(VLOOKUP(A55,Dates,3,)="N","N",IF(VLOOKUP(A55,Dates,4,)="N","N",IF(VLOOKUP(A55,Dates,5,)="N","N","Y")))) -> N | J55: =VLOOKUP(A55,Dates,7,)
A56: 26-002 | B56: =VLOOKUP(A56,'Date Calcs'!A:B,2,) -> SNF | C56: =VLOOKUP(A56,'Actual Dates'!A:AF,18,) -> 1 | D56: =IF(C56=0,VLOOKUP(A56,'Date Calcs'!A:AF,8,),IF(C56=1,VLOOKUP(A56,'Date Calcs'!A:AF,10,),IF(C56=2,VLOOKUP(A56,'Date Calcs'!A:AF,12,),IF(C56=3,VLOOKUP(A56,'Date Calcs'!A:AF,14,),4)))) -> 46080 | F56: =ROUND(IF(A56="","",IF(E56=0,D56-Date!$B$3,D56-E56)),0) -> 7 | I56: =IF(VLOOKUP(A56,Dates,2,)="N","N",IF(VLOOKUP(A56,Dates,3,)="N","N",IF(VLOOKUP(A56,Dates,4,)="N","N",IF(VLOOKUP(A56,Dates,5,)="N","N","Y")))) -> Y | J56: =VLOOKUP(A56,Dates,7,)
A57: 26-003 | B57: =VLOOKUP(A57,'Date Calcs'!A:B,2,) -> SNF | C57: =VLOOKUP(A57,'Actual Dates'!A:AF,18,) -> 1 | D57: =IF(C57=0,VLOOKUP(A57,'Date Calcs'!A:AF,8,),IF(C57=1,VLOOKUP(A57,'Date Calcs'!A:AF,10,),IF(C57=2,VLOOKUP(A57,'Date Calcs'!A:AF,12,),IF(C57=3,VLOOKUP(A57,'Date Calcs'!A:AF,14,),4)))) -> 46080 | F57: =ROUND(IF(A57="","",IF(E57=0,D57-Date!$B$3,D57-E57)),0) -> 7 | I57: =IF(VLOOKUP(A57,Dates,2,)="N","N",IF(VLOOKUP(A57,Dates,3,)="N","N",IF(VLOOKUP(A57,Dates,4,)="N","N",IF(VLOOKUP(A57,Dates,5,)="N","N","Y")))) -> Y | J57: =VLOOKUP(A57,Dates,7,)
A58: 26-004 | B58: =VLOOKUP(A58,'Date Calcs'!A:B,2,) -> SNF | C58: =VLOOKUP(A58,'Actual Dates'!A:AF,18,) -> 1 | D58: =IF(C58=0,VLOOKUP(A58,'Date Calcs'!A:AF,8,),IF(C58=1,VLOOKUP(A58,'Date Calcs'!A:AF,10,),IF(C58=2,VLOOKUP(A58,'Date Calcs'!A:AF,12,),IF(C58=3,VLOOKUP(A58,'Date Calcs'!A:AF,14,),4)))) -> 46080 | F58: =ROUND(IF(A58="","",IF(E58=0,D58-Date!$B$3,D58-E58)),0) -> 7 | I58: =IF(VLOOKUP(A58,Dates,2,)="N","N",IF(VLOOKUP(A58,Dates,3,)="N","N",IF(VLOOKUP(A58,Dates,4,)="N","N",IF(VLOOKUP(A58,Dates,5,)="N","N","Y")))) -> Y | J58: =VLOOKUP(A58,Dates,7,)
A59: 26-005 | B59: =VLOOKUP(A59,'Date Calcs'!A:B,2,) -> US Sugar | C59: =VLOOKUP(A59,'Actual Dates'!A:AF,18,) -> 1 | D59: =IF(C59=0,VLOOKUP(A59,'Date Calcs'!A:AF,8,),IF(C59=1,VLOOKUP(A59,'Date Calcs'!A:AF,10,),IF(C59=2,VLOOKUP(A59,'Date Calcs'!A:AF,12,),IF(C59=3,VLOOKUP(A59,'Date Calcs'!A:AF,14,),4)))) -> 46071 | F59: =ROUND(IF(A59="","",IF(E59=0,D59-Date!$B$3,D59-E59)),0) -> -2 | I59: =IF(VLOOKUP(A59,Dates,2,)="N","N",IF(VLOOKUP(A59,Dates,3,)="N","N",IF(VLOOKUP(A59,Dates,4,)="N","N",IF(VLOOKUP(A59,Dates,5,)="N","N","Y")))) -> N | J59: =VLOOKUP(A59,Dates,7,) | L59: Awaiting customer input on (1) nozzle
A60: 26-014 | B60: =VLOOKUP(A60,'Date Calcs'!A:B,2,) -> SNF | C60: =VLOOKUP(A60,'Actual Dates'!A:AF,18,) -> 1 | D60: =IF(C60=0,VLOOKUP(A60,'Date Calcs'!A:AF,8,),IF(C60=1,VLOOKUP(A60,'Date Calcs'!A:AF,10,),IF(C60=2,VLOOKUP(A60,'Date Calcs'!A:AF,12,),IF(C60=3,VLOOKUP(A60,'Date Calcs'!A:AF,14,),4)))) -> 46085 | F60: =ROUND(IF(A60="","",IF(E60=0,D60-Date!$B$3,D60-E60)),0) -> 12 | I60: =IF(VLOOKUP(A60,Dates,2,)="N","N",IF(VLOOKUP(A60,Dates,3,)="N","N",IF(VLOOKUP(A60,Dates,4,)="N","N",IF(VLOOKUP(A60,Dates,5,)="N","N","Y")))) -> Y | J60: =VLOOKUP(A60,Dates,7,)
A61: 26-015 | B61: =VLOOKUP(A61,'Date Calcs'!A:B,2,) -> SNF | C61: =VLOOKUP(A61,'Actual Dates'!A:AF,18,) -> 0 | D61: =IF(C61=0,VLOOKUP(A61,'Date Calcs'!A:AF,8,),IF(C61=1,VLOOKUP(A61,'Date Calcs'!A:AF,10,),IF(C61=2,VLOOKUP(A61,'Date Calcs'!A:AF,12,),IF(C61=3,VLOOKUP(A61,'Date Calcs'!A:AF,14,),4)))) -> 46099 | F61: =ROUND(IF(A61="","",IF(E61=0,D61-Date!$B$3,D61-E61)),0) -> 26 | I61: =IF(VLOOKUP(A61,Dates,2,)="N","N",IF(VLOOKUP(A61,Dates,3,)="N","N",IF(VLOOKUP(A61,Dates,4,)="N","N",IF(VLOOKUP(A61,Dates,5,)="N","N","Y")))) -> N | J61: =VLOOKUP(A61,Dates,7,)
A62: 26-016 | B62: =VLOOKUP(A62,'Date Calcs'!A:B,2,) -> SNF | C62: =VLOOKUP(A62,'Actual Dates'!A:AF,18,) -> 0 | D62: =IF(C62=0,VLOOKUP(A62,'Date Calcs'!A:AF,8,),IF(C62=1,VLOOKUP(A62,'Date Calcs'!A:AF,10,),IF(C62=2,VLOOKUP(A62,'Date Calcs'!A:AF,12,),IF(C62=3,VLOOKUP(A62,'Date Calcs'!A:AF,14,),4)))) -> 46092 | F62: =ROUND(IF(A62="","",IF(E62=0,D62-Date!$B$3,D62-E62)),0) -> 19 | I62: =IF(VLOOKUP(A62,Dates,2,)="N","N",IF(VLOOKUP(A62,Dates,3,)="N","N",IF(VLOOKUP(A62,Dates,4,)="N","N",IF(VLOOKUP(A62,Dates,5,)="N","N","Y")))) -> N | J62: =VLOOKUP(A62,Dates,7,)
A63: 26-017 | B63: =VLOOKUP(A63,'Date Calcs'!A:B,2,) -> SNF | C63: =VLOOKUP(A63,'Actual Dates'!A:AF,18,) -> 1 | D63: =IF(C63=0,VLOOKUP(A63,'Date Calcs'!A:AF,8,),IF(C63=1,VLOOKUP(A63,'Date Calcs'!A:AF,10,),IF(C63=2,VLOOKUP(A63,'Date Calcs'!A:AF,12,),IF(C63=3,VLOOKUP(A63,'Date Calcs'!A:AF,14,),4)))) -> 46085 | F63: =ROUND(IF(A63="","",IF(E63=0,D63-Date!$B$3,D63-E63)),0) -> 12 | I63: =IF(VLOOKUP(A63,Dates,2,)="N","N",IF(VLOOKUP(A63,Dates,3,)="N","N",IF(VLOOKUP(A63,Dates,4,)="N","N",IF(VLOOKUP(A63,Dates,5,)="N","N","Y")))) -> Y | J63: =VLOOKUP(A63,Dates,7,)
A64: 26-018 | B64: =VLOOKUP(A64,'Date Calcs'!A:B,2,) -> SNF | C64: =VLOOKUP(A64,'Actual Dates'!A:AF,18,) -> 1 | D64: =IF(C64=0,VLOOKUP(A64,'Date Calcs'!A:AF,8,),IF(C64=1,VLOOKUP(A64,'Date Calcs'!A:AF,10,),IF(C64=2,VLOOKUP(A64,'Date Calcs'!A:AF,12,),IF(C64=3,VLOOKUP(A64,'Date Calcs'!A:AF,14,),4)))) -> 46085 | F64: =ROUND(IF(A64="","",IF(E64=0,D64-Date!$B$3,D64-E64)),0) -> 12 | I64: =IF(VLOOKUP(A64,Dates,2,)="N","N",IF(VLOOKUP(A64,Dates,3,)="N","N",IF(VLOOKUP(A64,Dates,4,)="N","N",IF(VLOOKUP(A64,Dates,5,)="N","N","Y")))) -> Y | J64: =VLOOKUP(A64,Dates,7,)
A65: 26-020 | B65: =VLOOKUP(A65,'Date Calcs'!A:B,2,) -> US Sugar | C65: =VLOOKUP(A65,'Actual Dates'!A:AF,18,) -> 0 | D65: =IF(C65=0,VLOOKUP(A65,'Date Calcs'!A:AF,8,),IF(C65=1,VLOOKUP(A65,'Date Calcs'!A:AF,10,),IF(C65=2,VLOOKUP(A65,'Date Calcs'!A:AF,12,),IF(C65=3,VLOOKUP(A65,'Date Calcs'!A:AF,14,),4)))) -> 46087 | F65: =ROUND(IF(A65="","",IF(E65=0,D65-Date!$B$3,D65-E65)),0) -> 14 | I65: =IF(VLOOKUP(A65,Dates,2,)="N","N",IF(VLOOKUP(A65,Dates,3,)="N","N",IF(VLOOKUP(A65,Dates,4,)="N","N",IF(VLOOKUP(A65,Dates,5,)="N","N","Y")))) -> N | J65: =VLOOKUP(A65,Dates,7,)
A66: 26-021 | B66: =VLOOKUP(A66,'Date Calcs'!A:B,2,) -> US Sugar | C66: =VLOOKUP(A66,'Actual Dates'!A:AF,18,) -> 0 | D66: =IF(C66=0,VLOOKUP(A66,'Date Calcs'!A:AF,8,),IF(C66=1,VLOOKUP(A66,'Date Calcs'!A:AF,10,),IF(C66=2,VLOOKUP(A66,'Date Calcs'!A:AF,12,),IF(C66=3,VLOOKUP(A66,'Date Calcs'!A:AF,14,),4)))) -> 46087 | F66: =ROUND(IF(A66="","",IF(E66=0,D66-Date!$B$3,D66-E66)),0) -> 14 | I66: =IF(VLOOKUP(A66,Dates,2,)="N","N",IF(VLOOKUP(A66,Dates,3,)="N","N",IF(VLOOKUP(A66,Dates,4,)="N","N",IF(VLOOKUP(A66,Dates,5,)="N","N","Y")))) -> N | J66: =VLOOKUP(A66,Dates,7,)
A67: 26-022 | B67: =VLOOKUP(A67,'Date Calcs'!A:B,2,) -> Andritz | C67: =VLOOKUP(A67,'Actual Dates'!A:AF,18,) -> 0 | D67: =IF(C67=0,VLOOKUP(A67,'Date Calcs'!A:AF,8,),IF(C67=1,VLOOKUP(A67,'Date Calcs'!A:AF,10,),IF(C67=2,VLOOKUP(A67,'Date Calcs'!A:AF,12,),IF(C67=3,VLOOKUP(A67,'Date Calcs'!A:AF,14,),4)))) -> 46084 | F67: =ROUND(IF(A67="","",IF(E67=0,D67-Date!$B$3,D67-E67)),0) -> 11 | I67: =IF(VLOOKUP(A67,Dates,2,)="N","N",IF(VLOOKUP(A67,Dates,3,)="N","N",IF(VLOOKUP(A67,Dates,4,)="N","N",IF(VLOOKUP(A67,Dates,5,)="N","N","Y")))) -> N | J67: =VLOOKUP(A67,Dates,7,)

Sheet Cust Dwg Return
A1: Drawing Return From Customer
F2: On Track
F3: At Risk
F4: Late | I4: Blanks only | J4: Blanks only
A5: Job # | B5: Customer | C5: Rev. | D5: Target | E5: Actual | F5: Days +/- | G5: Status | I5: Returned | J5: Approved
A6: 24-046 | B6: =VLOOKUP(A6,'Date Calcs'!A:AF,2,) -> SYMS Engineering | C6: =VLOOKUP(A6,'Actual Dates'!A:AF,6,) -> 3 | D6: =IF(C6=" "," ",IF(C6=0,VLOOKUP(A6,'Date Calcs'!A:AF,9,),IF(C6=1,VLOOKUP(A6,'Date Calcs'!A:AF,11,),IF(C6=2,VLOOKUP(A6,'Date Calcs'!A:AF,13,),IF(C6=3,VLOOKUP(A6,'Date Calcs'!A:AF,15,),4))))) -> 45882 | F6: =IF(A6="","",D6-Date!$B$3) -> -191 | I6: =IF(C6=0,IF(VLOOKUP(A6,Dates,9,)>0,1," "),IF(C6=1,IF(VLOOKUP(A6,Dates,11,)>0,1," "),IF(C6=2,IF(VLOOKUP(A6,Dates,13,)>0,1," "),IF(C6=3,IF(VLOOKUP(A6,Dates,15,)>0,1," "))))) -> 1 | J6: =VLOOKUP(A6,Dates,7,) -> y
A7: 25-052 | B7: =VLOOKUP(A7,Jobs,2,) -> Kraton | C7: =VLOOKUP(A7,Dates,6,) -> 3 | D7: =IF(C7=" "," ",IF(C7=0,VLOOKUP(A7,'Date Calcs'!A:AF,9,),IF(C7=1,VLOOKUP(A7,'Date Calcs'!A:AF,11,),IF(C7=2,VLOOKUP(A7,'Date Calcs'!A:AF,13,),IF(C7=3,VLOOKUP(A7,'Date Calcs'!A:AF,15,),4))))) -> 45874 | F7: =IF(A7="","",D7-Date!$B$3) -> -199 | I7: =IF(C7=0,IF(VLOOKUP(A7,Dates,9,)>0,1," "),IF(C7=1,IF(VLOOKUP(A7,Dates,11,)>0,1," "),IF(C7=2,IF(VLOOKUP(A7,Dates,13,)>0,1," "),IF(C7=3,IF(VLOOKUP(A7,Dates,15,)>0,1," "))))) | J7: =VLOOKUP(A7,Dates,7,) -> y
A8: 25-053 | B8: =VLOOKUP(A8,Jobs,2,) -> Andritz | C8: =VLOOKUP(A8,Dates,6,) | D8: =IF(C8=" "," ",IF(C8=0,VLOOKUP(A8,'Date Calcs'!A:AF,9,),IF(C8=1,VLOOKUP(A8,'Date Calcs'!A:AF,11,),IF(C8=2,VLOOKUP(A8,'Date Calcs'!A:AF,13,),IF(C8=3,VLOOKUP(A8,'Date Calcs'!A:AF,15,),4))))) | F8: =IF(A8="","",D8-Date!$B$3) -> #VALUE! | I8: =IF(C8=0,IF(VLOOKUP(A8,Dates,9,)>0,1," "),IF(C8=1,IF(VLOOKUP(A8,Dates,11,)>0,1," "),IF(C8=2,IF(VLOOKUP(A8,Dates,13,)>0,1," "),IF(C8=3,IF(VLOOKUP(A8,Dates,15,)>0,1," "))))) -> FALSE | J8: =VLOOKUP(A8,Dates,7,)
A9: 25-054 | B9: =VLOOKUP(A9,Jobs,2,) -> Chromascape | C9: =VLOOKUP(A9,Dates,6,) -> 2 | D9: =IF(C9=" "," ",IF(C9=0,VLOOKUP(A9,'Date Calcs'!A:AF,9,),IF(C9=1,VLOOKUP(A9,'Date Calcs'!A:AF,11,),IF(C9=2,VLOOKUP(A9,'Date Calcs'!A:AF,13,),IF(C9=3,VLOOKUP(A9,'Date Calcs'!A:AF,15,),4))))) -> 45862 | F9: =IF(A9="","",D9-Date!$B$3) -> -211 | I9: =IF(C9=0,IF(VLOOKUP(A9,Dates,9,)>0,1," "),IF(C9=1,IF(VLOOKUP(A9,Dates,11,)>0,1," "),IF(C9=2,IF(VLOOKUP(A9,Dates,13,)>0,1," "),IF(C9=3,IF(VLOOKUP(A9,Dates,15,)>0,1," "))))) | J9: =VLOOKUP(A9,Dates,7,) -> y
A10: 25-055 | B10: =VLOOKUP(A10,Jobs,2,) -> Airgas | C10: =VLOOKUP(A10,Dates,6,) -> 1 | D10: =IF(C10=" "," ",IF(C10=0,VLOOKUP(A10,'Date Calcs'!A:AF,9,),IF(C10=1,VLOOKUP(A10,'Date Calcs'!A:AF,11,),IF(C10=2,VLOOKUP(A10,'Date Calcs'!A:AF,13,),IF(C10=3,VLOOKUP(A10,'Date Calcs'!A:AF,15,),4))))) -> 46015 | F10: =IF(A10="","",D10-Date!$B$3) -> -58 | I10: =IF(C10=0,IF(VLOOKUP(A10,Dates,9,)>0,1," "),IF(C10=1,IF(VLOOKUP(A10,Dates,11,)>0,1," "),IF(C10=2,IF(VLOOKUP(A10,Dates,13,)>0,1," "),IF(C10=3,IF(VLOOKUP(A10,Dates,15,)>0,1," "))))) | J10: =VLOOKUP(A10,Dates,7,) -> y
A11: 25-074 | B11: =VLOOKUP(A11,Jobs,2,) -> Kemira | C11: =VLOOKUP(A11,Dates,6,) -> 1 | D11: =IF(C11=" "," ",IF(C11=0,VLOOKUP(A11,'Date Calcs'!A:AF,9,),IF(C11=1,VLOOKUP(A11,'Date Calcs'!A:AF,11,),IF(C11=2,VLOOKUP(A11,'Date Calcs'!A:AF,13,),IF(C11=3,VLOOKUP(A11,'Date Calcs'!A:AF,15,),4))))) -> 45867 | F11: =IF(A11="","",D11-Date!$B$3) -> -206 | I11: =IF(C11=0,IF(VLOOKUP(A11,Dates,9,)>0,1," "),IF(C11=1,IF(VLOOKUP(A11,Dates,11,)>0,1," "),IF(C11=2,IF(VLOOKUP(A11,Dates,13,)>0,1," "),IF(C11=3,IF(VLOOKUP(A11,Dates,15,)>0,1," "))))) | J11: =VLOOKUP(A11,Dates,7,) -> y
A12: 25-075 | B12: =VLOOKUP(A12,Jobs,2,) -> Kemira | C12: =VLOOKUP(A12,Dates,6,) -> 2 | D12: =IF(C12=" "," ",IF(C12=0,VLOOKUP(A12,'Date Calcs'!A:AF,9,),IF(C12=1,VLOOKUP(A12,'Date Calcs'!A:AF,11,),IF(C12=2,VLOOKUP(A12,'Date Calcs'!A:AF,13,),IF(C12=3,VLOOKUP(A12,'Date Calcs'!A:AF,15,),4))))) -> 45895 | F12: =IF(A12="","",D12-Date!$B$3) -> -178 | I12: =IF(C12=0,IF(VLOOKUP(A12,Dates,9,)>0,1," "),IF(C12=1,IF(VLOOKUP(A12,Dates,11,)>0,1," "),IF(C12=2,IF(VLOOKUP(A12,Dates,13,)>0,1," "),IF(C12=3,IF(VLOOKUP(A12,Dates,15,)>0,1," "))))) | J12: =VLOOKUP(A12,Dates,7,) -> y
A13: 25-076 | B13: =VLOOKUP(A13,Jobs,2,) -> Irving tissue | C13: =VLOOKUP(A13,Dates,6,) -> 1 | D13: =IF(C13=" "," ",IF(C13=0,VLOOKUP(A13,'Date Calcs'!A:AF,9,),IF(C13=1,VLOOKUP(A13,'Date Calcs'!A:AF,11,),IF(C13=2,VLOOKUP(A13,'Date Calcs'!A:AF,13,),IF(C13=3,VLOOKUP(A13,'Date Calcs'!A:AF,15,),4))))) -> 45895 | F13: =IF(A13="","",D13-Date!$B$3) -> -178 | I13: =IF(C13=0,IF(VLOOKUP(A13,Dates,9,)>0,1," "),IF(C13=1,IF(VLOOKUP(A13,Dates,11,)>0,1," "),IF(C13=2,IF(VLOOKUP(A13,Dates,13,)>0,1," "),IF(C13=3,IF(VLOOKUP(A13,Dates,15,)>0,1," "))))) | J13: =VLOOKUP(A13,Dates,7,) -> y
A14: 25-077 | B14: =VLOOKUP(A14,Jobs,2,) -> Epic Systems | C14: =VLOOKUP(A14,Dates,6,) -> 2 | D14: =IF(C14=" "," ",IF(C14=0,VLOOKUP(A14,'Date Calcs'!A:AF,9,),IF(C14=1,VLOOKUP(A14,'Date Calcs'!A:AF,11,),IF(C14=2,VLOOKUP(A14,'Date Calcs'!A:AF,13,),IF(C14=3,VLOOKUP(A14,'Date Calcs'!A:AF,15,),4))))) -> 45901 | F14: =IF(A14="","",D14-Date!$B$3) -> -172 | I14: =IF(C14=0,IF(VLOOKUP(A14,Dates,9,)>0,1," "),IF(C14=1,IF(VLOOKUP(A14,Dates,11,)>0,1," "),IF(C14=2,IF(VLOOKUP(A14,Dates,13,)>0,1," "),IF(C14=3,IF(VLOOKUP(A14,Dates,15,)>0,1," "))))) | J14: =VLOOKUP(A14,Dates,7,) -> y
A15: 25-078 | B15: =VLOOKUP(A15,Jobs,2,) -> Epic Systems | C15: =VLOOKUP(A15,Dates,6,) -> 2 | D15: =IF(C15=" "," ",IF(C15=0,VLOOKUP(A15,'Date Calcs'!A:AF,9,),IF(C15=1,VLOOKUP(A15,'Date Calcs'!A:AF,11,),IF(C15=2,VLOOKUP(A15,'Date Calcs'!A:AF,13,),IF(C15=3,VLOOKUP(A15,'Date Calcs'!A:AF,15,),4))))) -> 45901 | F15: =IF(A15="","",D15-Date!$B$3) -> -172 | I15: =IF(C15=0,IF(VLOOKUP(A15,Dates,9,)>0,1," "),IF(C15=1,IF(VLOOKUP(A15,Dates,11,)>0,1," "),IF(C15=2,IF(VLOOKUP(A15,Dates,13,)>0,1," "),IF(C15=3,IF(VLOOKUP(A15,Dates,15,)>0,1," "))))) | J15: =VLOOKUP(A15,Dates,7,) -> y
A16: 25-079 | B16: =VLOOKUP(A16,Jobs,2,) -> Epic Systems | C16: =VLOOKUP(A16,Dates,6,) -> 2 | D16: =IF(C16=" "," ",IF(C16=0,VLOOKUP(A16,'Date Calcs'!A:AF,9,),IF(C16=1,VLOOKUP(A16,'Date Calcs'!A:AF,11,),IF(C16=2,VLOOKUP(A16,'Date Calcs'!A:AF,13,),IF(C16=3,VLOOKUP(A16,'Date Calcs'!A:AF,15,),4))))) -> 45901 | F16: =IF(A16="","",D16-Date!$B$3) -> -172 | I16: =IF(C16=0,IF(VLOOKUP(A16,Dates,9,)>0,1," "),IF(C16=1,IF(VLOOKUP(A16,Dates,11,)>0,1," "),IF(C16=2,IF(VLOOKUP(A16,Dates,13,)>0,1," "),IF(C16=3,IF(VLOOKUP(A16,Dates,15,)>0,1," "))))) | J16: =VLOOKUP(A16,Dates,7,) -> y
A17: 25-080 | B17: =VLOOKUP(A17,Jobs,2,) -> Domtar | C17: =VLOOKUP(A17,Dates,6,) -> 1 | D17: =IF(C17=" "," ",IF(C17=0,VLOOKUP(A17,'Date Calcs'!A:AF,9,),IF(C17=1,VLOOKUP(A17,'Date Calcs'!A:AF,11,),IF(C17=2,VLOOKUP(A17,'Date Calcs'!A:AF,13,),IF(C17=3,VLOOKUP(A17,'Date Calcs'!A:AF,15,),4))))) -> 45897 | F17: =IF(A17="","",D17-Date!$B$3) -> -176 | I17: =IF(C17=0,IF(VLOOKUP(A17,Dates,9,)>0,1," "),IF(C17=1,IF(VLOOKUP(A17,Dates,11,)>0,1," "),IF(C17=2,IF(VLOOKUP(A17,Dates,13,)>0,1," "),IF(C17=3,IF(VLOOKUP(A17,Dates,15,)>0,1," "))))) | J17: =VLOOKUP(A17,Dates,7,) -> y
A18: 25-083 | B18: =VLOOKUP(A18,Jobs,2,) -> Synthomer | C18: =VLOOKUP(A18,Dates,6,) -> 2 | D18: =IF(C18=" "," ",IF(C18=0,VLOOKUP(A18,'Date Calcs'!A:AF,9,),IF(C18=1,VLOOKUP(A18,'Date Calcs'!A:AF,11,),IF(C18=2,VLOOKUP(A18,'Date Calcs'!A:AF,13,),IF(C18=3,VLOOKUP(A18,'Date Calcs'!A:AF,15,),4))))) -> 45972 | F18: =IF(A18="","",D18-Date!$B$3) -> -101 | I18: =IF(C18=0,IF(VLOOKUP(A18,Dates,9,)>0,1," "),IF(C18=1,IF(VLOOKUP(A18,Dates,11,)>0,1," "),IF(C18=2,IF(VLOOKUP(A18,Dates,13,)>0,1," "),IF(C18=3,IF(VLOOKUP(A18,Dates,15,)>0,1," "))))) -> 1 | J18: =VLOOKUP(A18,Dates,7,) -> y
... A34: 25-101 | B34: =VLOOKUP(A34,Jobs,2,) -> Harper Love | C34: =VLOOKUP(A34,Dates,6,) -> 1 | D34: =IF(C34=" "," ",IF(C34=0,VLOOKUP(A34,'Date Calcs'!A:AF,9,),IF(C34=1,VLOOKUP(A34,'Date Calcs'!A:AF,11,),IF(C34=2,VLOOKUP(A34,'Date Calcs'!A:AF,13,),IF(C34=3,VLOOKUP(A34,'Date Calcs'!A:AF,15,),4))))) -> 46006 | F34: =IF(A34="","",D34-Date!$B$3) -> -67 | I34: =IF(C34=0,IF(VLOOKUP(A34,Dates,9,)>0,1," "),IF(C34=1,IF(VLOOKUP(A34,Dates,11,)>0,1," "),IF(C34=2,IF(VLOOKUP(A34,Dates,13,)>0,1," "),IF(C34=3,IF(VLOOKUP(A34,Dates,15,)>0,1," "))))) | J34: =VLOOKUP(A34,Dates,7,) -> y
A35: 25-102 | B35: =VLOOKUP(A35,Jobs,2,) -> Epic Systems | C35: =VLOOKUP(A35,Dates,6,) -> 2 | D35: =IF(C35=" "," ",IF(C35=0,VLOOKUP(A35,'Date Calcs'!A:AF,9,),IF(C35=1,VLOOKUP(A35,'Date Calcs'!A:AF,11,),IF(C35=2,VLOOKUP(A35,'Date Calcs'!A:AF,13,),IF(C35=3,VLOOKUP(A35,'Date Calcs'!A:AF,15,),4))))) -> 46064 | F35: =IF(A35="","",D35-Date!$B$3) -> -9 | I35: =IF(C35=0,IF(VLOOKUP(A35,Dates,9,)>0,1," "),IF(C35=1,IF(VLOOKUP(A35,Dates,11,)>0,1," "),IF(C35=2,IF(VLOOKUP(A35,Dates,13,)>0,1," "),IF(C35=3,IF(VLOOKUP(A35,Dates,15,)>0,1," "))))) -> 1 | J35: Y
A36: 25-103 | B36: =VLOOKUP(A36,Jobs,2,) -> Epic Systems | C36: =VLOOKUP(A36,Dates,6,) -> 2 | D36: =IF(C36=" "," ",IF(C36=0,VLOOKUP(A36,'Date Calcs'!A:AF,9,),IF(C36=1,VLOOKUP(A36,'Date Calcs'!A:AF,11,),IF(C36=2,VLOOKUP(A36,'Date Calcs'!A:AF,13,),IF(C36=3,VLOOKUP(A36,'Date Calcs'!A:AF,15,),4))))) -> 46064 | F36: =IF(A36="","",D36-Date!$B$3) -> -9 | I36: =IF(C36=0,IF(VLOOKUP(A36,Dates,9,)>0,1," "),IF(C36=1,IF(VLOOKUP(A36,Dates,11,)>0,1," "),IF(C36=2,IF(VLOOKUP(A36,Dates,13,)>0,1," "),IF(C36=3,IF(VLOOKUP(A36,Dates,15,)>0,1," "))))) -> 1 | J36: Y
A37: 25-104 | B37: =VLOOKUP(A37,Jobs,2,) -> Epic Systems | C37: =VLOOKUP(A37,Dates,6,) -> 2 | D37: =IF(C37=" "," ",IF(C37=0,VLOOKUP(A37,'Date Calcs'!A:AF,9,),IF(C37=1,VLOOKUP(A37,'Date Calcs'!A:AF,11,),IF(C37=2,VLOOKUP(A37,'Date Calcs'!A:AF,13,),IF(C37=3,VLOOKUP(A37,'Date Calcs'!A:AF,15,),4))))) -> 46064 | F37: =IF(A37="","",D37-Date!$B$3) -> -9 | I37: =IF(C37=0,IF(VLOOKUP(A37,Dates,9,)>0,1," "),IF(C37=1,IF(VLOOKUP(A37,Dates,11,)>0,1," "),IF(C37=2,IF(VLOOKUP(A37,Dates,13,)>0,1," "),IF(C37=3,IF(VLOOKUP(A37,Dates,15,)>0,1," "))))) -> 1 | J37: Y
A38: 25-105 | B38: =VLOOKUP(A38,Jobs,2,) -> Epic Systems | C38: =VLOOKUP(A38,Dates,6,) -> 2 | D38: =IF(C38=" "," ",IF(C38=0,VLOOKUP(A38,'Date Calcs'!A:AF,9,),IF(C38=1,VLOOKUP(A38,'Date Calcs'!A:AF,11,),IF(C38=2,VLOOKUP(A38,'Date Calcs'!A:AF,13,),IF(C38=3,VLOOKUP(A38,'Date Calcs'!A:AF,15,),4))))) -> 46064 | F38: =IF(A38="","",D38-Date!$B$3) -> -9 | I38: =IF(C38=0,IF(VLOOKUP(A38,Dates,9,)>0,1," "),IF(C38=1,IF(VLOOKUP(A38,Dates,11,)>0,1," "),IF(C38=2,IF(VLOOKUP(A38,Dates,13,)>0,1," "),IF(C38=3,IF(VLOOKUP(A38,Dates,15,)>0,1," "))))) -> 1 | J38: Y
A39: 25-106 | B39: =VLOOKUP(A39,Jobs,2,) -> Epic Systems | C39: =VLOOKUP(A39,Dates,6,) -> 2 | D39: =IF(C39=" "," ",IF(C39=0,VLOOKUP(A39,'Date Calcs'!A:AF,9,),IF(C39=1,VLOOKUP(A39,'Date Calcs'!A:AF,11,),IF(C39=2,VLOOKUP(A39,'Date Calcs'!A:AF,13,),IF(C39=3,VLOOKUP(A39,'Date Calcs'!A:AF,15,),4))))) -> 46065 | F39: =IF(A39="","",D39-Date!$B$3) -> -8 | I39: =IF(C39=0,IF(VLOOKUP(A39,Dates,9,)>0,1," "),IF(C39=1,IF(VLOOKUP(A39,Dates,11,)>0,1," "),IF(C39=2,IF(VLOOKUP(A39,Dates,13,)>0,1," "),IF(C39=3,IF(VLOOKUP(A39,Dates,15,)>0,1," "))))) -> 1 | J39: Y
A40: 25-107 | B40: =VLOOKUP(A40,Jobs,2,) -> Epic Systems | C40: =VLOOKUP(A40,Dates,6,) -> 0 | D40: =IF(C40=" "," ",IF(C40=0,VLOOKUP(A40,'Date Calcs'!A:AF,9,),IF(C40=1,VLOOKUP(A40,'Date Calcs'!A:AF,11,),IF(C40=2,VLOOKUP(A40,'Date Calcs'!A:AF,13,),IF(C40=3,VLOOKUP(A40,'Date Calcs'!A:AF,15,),4))))) -> 46001 | F40: =IF(A40="","",D40-Date!$B$3) -> -72 | I40: =IF(C40=0,IF(VLOOKUP(A40,Dates,9,)>0,1," "),IF(C40=1,IF(VLOOKUP(A40,Dates,11,)>0,1," "),IF(C40=2,IF(VLOOKUP(A40,Dates,13,)>0,1," "),IF(C40=3,IF(VLOOKUP(A40,Dates,15,)>0,1," "))))) -> 1 | J40: =VLOOKUP(A40,Dates,7,)
A41: 25-108 | B41: =VLOOKUP(A41,Jobs,2,) -> Epic Systems | C41: =VLOOKUP(A41,Dates,6,) -> 1 | D41: =IF(C41=" "," ",IF(C41=0,VLOOKUP(A41,'Date Calcs'!A:AF,9,),IF(C41=1,VLOOKUP(A41,'Date Calcs'!A:AF,11,),IF(C41=2,VLOOKUP(A41,'Date Calcs'!A:AF,13,),IF(C41=3,VLOOKUP(A41,'Date Calcs'!A:AF,15,),4))))) -> 46071 | F41: =IF(A41="","",D41-Date!$B$3) -> -2 | I41: =IF(C41=0,IF(VLOOKUP(A41,Dates,9,)>0,1," "),IF(C41=1,IF(VLOOKUP(A41,Dates,11,)>0,1," "),IF(C41=2,IF(VLOOKUP(A41,Dates,13,)>0,1," "),IF(C41=3,IF(VLOOKUP(A41,Dates,15,)>0,1," "))))) | J41: =VLOOKUP(A41,Dates,7,)
A42: 25-109 | B42: =VLOOKUP(A42,Jobs,2,) -> Epic Systems | C42: =VLOOKUP(A42,Dates,6,) -> 3 | D42: =IF(C42=" "," ",IF(C42=0,VLOOKUP(A42,'Date Calcs'!A:AF,9,),IF(C42=1,VLOOKUP(A42,'Date Calcs'!A:AF,11,),IF(C42=2,VLOOKUP(A42,'Date Calcs'!A:AF,13,),IF(C42=3,VLOOKUP(A42,'Date Calcs'!A:AF,15,),4))))) -> 46059 | F42: =IF(A42="","",D42-Date!$B$3) -> -14 | I42: =IF(C42=0,IF(VLOOKUP(A42,Dates,9,)>0,1," "),IF(C42=1,IF(VLOOKUP(A42,Dates,11,)>0,1," "),IF(C42=2,IF(VLOOKUP(A42,Dates,13,)>0,1," "),IF(C42=3,IF(VLOOKUP(A42,Dates,15,)>0,1," "))))) -> 1 | J42: Y
A43: 25-110 | B43: =VLOOKUP(A43,Jobs,2,) -> Epic Systems | C43: =VLOOKUP(A43,Dates,6,) -> 3 | D43: =IF(C43=" "," ",IF(C43=0,VLOOKUP(A43,'Date Calcs'!A:AF,9,),IF(C43=1,VLOOKUP(A43,'Date Calcs'!A:AF,11,),IF(C43=2,VLOOKUP(A43,'Date Calcs'!A:AF,13,),IF(C43=3,VLOOKUP(A43,'Date Calcs'!A:AF,15,),4))))) -> 46059 | F43: =IF(A43="","",D43-Date!$B$3) -> -14 | I43: =IF(C43=0,IF(VLOOKUP(A43,Dates,9,)>0,1," "),IF(C43=1,IF(VLOOKUP(A43,Dates,11,)>0,1," "),IF(C43=2,IF(VLOOKUP(A43,Dates,13,)>0,1," "),IF(C43=3,IF(VLOOKUP(A43,Dates,15,)>0,1," "))))) | J43: =VLOOKUP(A43,Dates,7,)
A44: 25-111 | B44: =VLOOKUP(A44,Jobs,2,) -> Epic Systems | C44: =VLOOKUP(A44,Dates,6,) -> 3 | D44: =IF(C44=" "," ",IF(C44=0,VLOOKUP(A44,'Date Calcs'!A:AF,9,),IF(C44=1,VLOOKUP(A44,'Date Calcs'!A:AF,11,),IF(C44=2,VLOOKUP(A44,'Date Calcs'!A:AF,13,),IF(C44=3,VLOOKUP(A44,'Date Calcs'!A:AF,15,),4))))) -> 46059 | F44: =IF(A44="","",D44-Date!$B$3) -> -14 | I44: =IF(C44=0,IF(VLOOKUP(A44,Dates,9,)>0,1," "),IF(C44=1,IF(VLOOKUP(A44,Dates,11,)>0,1," "),IF(C44=2,IF(VLOOKUP(A44,Dates,13,)>0,1," "),IF(C44=3,IF(VLOOKUP(A44,Dates,15,)>0,1," "))))) | J44: =VLOOKUP(A44,Dates,7,)
A45: 25-112 | B45: =VLOOKUP(A45,Jobs,2,) -> Epic Systems | C45: =VLOOKUP(A45,Dates,6,) -> 3 | D45: =IF(C45=" "," ",IF(C45=0,VLOOKUP(A45,'Date Calcs'!A:AF,9,),IF(C45=1,VLOOKUP(A45,'Date Calcs'!A:AF,11,),IF(C45=2,VLOOKUP(A45,'Date Calcs'!A:AF,13,),IF(C45=3,VLOOKUP(A45,'Date Calcs'!A:AF,15,),4))))) -> 46059 | F45: =IF(A45="","",D45-Date!$B$3) -> -14 | I45: =IF(C45=0,IF(VLOOKUP(A45,Dates,9,)>0,1," "),IF(C45=1,IF(VLOOKUP(A45,Dates,11,)>0,1," "),IF(C45=2,IF(VLOOKUP(A45,Dates,13,)>0,1," "),IF(C45=3,IF(VLOOKUP(A45,Dates,15,)>0,1," "))))) | J45: =VLOOKUP(A45,Dates,7,)
A46: 25-113 | B46: =VLOOKUP(A46,Jobs,2,) -> Epic Systems | C46: =VLOOKUP(A46,Dates,6,) -> 2 | D46: =IF(C46=" "," ",IF(C46=0,VLOOKUP(A46,'Date Calcs'!A:AF,9,),IF(C46=1,VLOOKUP(A46,'Date Calcs'!A:AF,11,),IF(C46=2,VLOOKUP(A46,'Date Calcs'!A:AF,13,),IF(C46=3,VLOOKUP(A46,'Date Calcs'!A:AF,15,),4))))) -> 46065 | F46: =IF(A46="","",D46-Date!$B$3) -> -8 | I46: =IF(C46=0,IF(VLOOKUP(A46,Dates,9,)>0,1," "),IF(C46=1,IF(VLOOKUP(A46,Dates,11,)>0,1," "),IF(C46=2,IF(VLOOKUP(A46,Dates,13,)>0,1," "),IF(C46=3,IF(VLOOKUP(A46,Dates,15,)>0,1," "))))) | J46: =VLOOKUP(A46,Dates,7,)
A47: 25-114 | B47: =VLOOKUP(A47,Jobs,2,) -> #N/A | C47: =VLOOKUP(A47,Dates,6,) -> #N/A | D47: =IF(C47=" "," ",IF(C47=0,VLOOKUP(A47,'Date Calcs'!A:AF,9,),IF(C47=1,VLOOKUP(A47,'Date Calcs'!A:AF,11,),IF(C47=2,VLOOKUP(A47,'Date Calcs'!A:AF,13,),IF(C47=3,VLOOKUP(A47,'Date Calcs'!A:AF,15,),4))))) -> #N/A | F47: =IF(A47="","",D47-Date!$B$3) -> #N/A | I47: =IF(C47=0,IF(VLOOKUP(A47,Dates,9,)>0,1," "),IF(C47=1,IF(VLOOKUP(A47,Dates,11,)>0,1," "),IF(C47=2,IF(VLOOKUP(A47,Dates,13,)>0,1," "),IF(C47=3,IF(VLOOKUP(A47,Dates,15,)>0,1," "))))) -> #N/A | J47: =VLOOKUP(A47,Dates,7,) -> #N/A
A48: 25-115 | B48: =VLOOKUP(A48,Jobs,2,) -> Epic Systems | C48: =VLOOKUP(A48,Dates,6,) -> 2 | D48: =IF(C48=" "," ",IF(C48=0,VLOOKUP(A48,'Date Calcs'!A:AF,9,),IF(C48=1,VLOOKUP(A48,'Date Calcs'!A:AF,11,),IF(C48=2,VLOOKUP(A48,'Date Calcs'!A:AF,13,),IF(C48=3,VLOOKUP(A48,'Date Calcs'!A:AF,15,),4))))) -> 46059 | F48: =IF(A48="","",D48-Date!$B$3) -> -14 | I48: =IF(C48=0,IF(VLOOKUP(A48,Dates,9,)>0,1," "),IF(C48=1,IF(VLOOKUP(A48,Dates,11,)>0,1," "),IF(C48=2,IF(VLOOKUP(A48,Dates,13,)>0,1," "),IF(C48=3,IF(VLOOKUP(A48,Dates,15,)>0,1," "))))) -> 1 | J48: Y
A49: 25-116 | B49: =VLOOKUP(A49,Jobs,2,) -> Polynt | C49: =VLOOKUP(A49,Dates,6,) -> 1 | D49: =IF(C49=" "," ",IF(C49=0,VLOOKUP(A49,'Date Calcs'!A:AF,9,),IF(C49=1,VLOOKUP(A49,'Date Calcs'!A:AF,11,),IF(C49=2,VLOOKUP(A49,'Date Calcs'!A:AF,13,),IF(C49=3,VLOOKUP(A49,'Date Calcs'!A:AF,15,),4))))) -> 46038 | F49: =IF(A49="","",D49-Date!$B$3) -> -35 | I49: =IF(C49=0,IF(VLOOKUP(A49,Dates,9,)>0,1," "),IF(C49=1,IF(VLOOKUP(A49,Dates,11,)>0,1," "),IF(C49=2,IF(VLOOKUP(A49,Dates,13,)>0,1," "),IF(C49=3,IF(VLOOKUP(A49,Dates,15,)>0,1," "))))) -> 1 | J49: =VLOOKUP(A49,Dates,7,)
A50: 25-117 | B50: =VLOOKUP(A50,Jobs,2,) -> Merrick | C50: =VLOOKUP(A50,Dates,6,) -> 2 | D50: =IF(C50=" "," ",IF(C50=0,VLOOKUP(A50,'Date Calcs'!A:AF,9,),IF(C50=1,VLOOKUP(A50,'Date Calcs'!A:AF,11,),IF(C50=2,VLOOKUP(A50,'Date Calcs'!A:AF,13,),IF(C50=3,VLOOKUP(A50,'Date Calcs'!A:AF,15,),4))))) -> 46070 | F50: =IF(A50="","",D50-Date!$B$3) -> -3 | I50: =IF(C50=0,IF(VLOOKUP(A50,Dates,9,)>0,1," "),IF(C50=1,IF(VLOOKUP(A50,Dates,11,)>0,1," "),IF(C50=2,IF(VLOOKUP(A50,Dates,13,)>0,1," "),IF(C50=3,IF(VLOOKUP(A50,Dates,15,)>0,1," "))))) | J50: =VLOOKUP(A50,Dates,7,) -> y
A51: 25-118 | B51: =VLOOKUP(A51,Jobs,2,) -> Merrick | C51: =VLOOKUP(A51,Dates,6,) -> 2 | D51: =IF(C51=" "," ",IF(C51=0,VLOOKUP(A51,'Date Calcs'!A:AF,9,),IF(C51=1,VLOOKUP(A51,'Date Calcs'!A:AF,11,),IF(C51=2,VLOOKUP(A51,'Date Calcs'!A:AF,13,),IF(C51=3,VLOOKUP(A51,'Date Calcs'!A:AF,15,),4))))) -> 46076 | F51: =IF(A51="","",D51-Date!$B$3) -> 3 | I51: =IF(C51=0,IF(VLOOKUP(A51,Dates,9,)>0,1," "),IF(C51=1,IF(VLOOKUP(A51,Dates,11,)>0,1," "),IF(C51=2,IF(VLOOKUP(A51,Dates,13,)>0,1," "),IF(C51=3,IF(VLOOKUP(A51,Dates,15,)>0,1," "))))) | J51: =VLOOKUP(A51,Dates,7,) -> y
A52: 25-119 | B52: =VLOOKUP(A52,Jobs,2,) -> Vertiv | C52: =VLOOKUP(A52,Dates,6,) -> 1 | D52: =IF(C52=" "," ",IF(C52=0,VLOOKUP(A52,'Date Calcs'!A:AF,9,),IF(C52=1,VLOOKUP(A52,'Date Calcs'!A:AF,11,),IF(C52=2,VLOOKUP(A52,'Date Calcs'!A:AF,13,),IF(C52=3,VLOOKUP(A52,'Date Calcs'!A:AF,15,),4))))) -> 46001 | F52: =IF(A52="","",D52-Date!$B$3) -> -72 | I52: =IF(C52=0,IF(VLOOKUP(A52,Dates,9,)>0,1," "),IF(C52=1,IF(VLOOKUP(A52,Dates,11,)>0,1," "),IF(C52=2,IF(VLOOKUP(A52,Dates,13,)>0,1," "),IF(C52=3,IF(VLOOKUP(A52,Dates,15,)>0,1," "))))) | J52: =VLOOKUP(A52,Dates,7,) -> y
A53: 25-121 | B53: =VLOOKUP(A53,Jobs,2,) -> Kimberly Clark | C53: =VLOOKUP(A53,Dates,6,) -> 0 | D53: =IF(C53=" "," ",IF(C53=0,VLOOKUP(A53,'Date Calcs'!A:AF,9,),IF(C53=1,VLOOKUP(A53,'Date Calcs'!A:AF,11,),IF(C53=2,VLOOKUP(A53,'Date Calcs'!A:AF,13,),IF(C53=3,VLOOKUP(A53,'Date Calcs'!A:AF,15,),4))))) -> 46044 | F53: =IF(A53="","",D53-Date!$B$3) -> -29 | I53: =IF(C53=0,IF(VLOOKUP(A53,Dates,9,)>0,1," "),IF(C53=1,IF(VLOOKUP(A53,Dates,11,)>0,1," "),IF(C53=2,IF(VLOOKUP(A53,Dates,13,)>0,1," "),IF(C53=3,IF(VLOOKUP(A53,Dates,15,)>0,1," "))))) -> 1 | J53: =VLOOKUP(A53,Dates,7,)
A54: 25-122 | B54: =VLOOKUP(A54,Jobs,2,) -> Kimberly Clark | C54: =VLOOKUP(A54,Dates,6,) -> 0 | D54: =IF(C54=" "," ",IF(C54=0,VLOOKUP(A54,'Date Calcs'!A:AF,9,),IF(C54=1,VLOOKUP(A54,'Date Calcs'!A:AF,11,),IF(C54=2,VLOOKUP(A54,'Date Calcs'!A:AF,13,),IF(C54=3,VLOOKUP(A54,'Date Calcs'!A:AF,15,),4))))) -> 46044 | F54: =IF(A54="","",D54-Date!$B$3) -> -29 | I54: =IF(C54=0,IF(VLOOKUP(A54,Dates,9,)>0,1," "),IF(C54=1,IF(VLOOKUP(A54,Dates,11,)>0,1," "),IF(C54=2,IF(VLOOKUP(A54,Dates,13,)>0,1," "),IF(C54=3,IF(VLOOKUP(A54,Dates,15,)>0,1," "))))) -> 1 | J54: =VLOOKUP(A54,Dates,7,)
A55: 25-123 | B55: =VLOOKUP(A55,Jobs,2,) -> Kimberly Clark | C55: =VLOOKUP(A55,Dates,6,) -> 0 | D55: =IF(C55=" "," ",IF(C55=0,VLOOKUP(A55,'Date Calcs'!A:AF,9,),IF(C55=1,VLOOKUP(A55,'Date Calcs'!A:AF,11,),IF(C55=2,VLOOKUP(A55,'Date Calcs'!A:AF,13,),IF(C55=3,VLOOKUP(A55,'Date Calcs'!A:AF,15,),4))))) -> 46044 | F55: =IF(A55="","",D55-Date!$B$3) -> -29 | I55: =IF(C55=0,IF(VLOOKUP(A55,Dates,9,)>0,1," "),IF(C55=1,IF(VLOOKUP(A55,Dates,11,)>0,1," "),IF(C55=2,IF(VLOOKUP(A55,Dates,13,)>0,1," "),IF(C55=3,IF(VLOOKUP(A55,Dates,15,)>0,1," "))))) | J55: =VLOOKUP(A55,Dates,7,)
A56: 25-124 | B56: =VLOOKUP(A56,Jobs,2,) -> Vertiv | C56: =VLOOKUP(A56,Dates,6,) | D56: =IF(C56=" "," ",IF(C56=0,VLOOKUP(A56,'Date Calcs'!A:AF,9,),IF(C56=1,VLOOKUP(A56,'Date Calcs'!A:AF,11,),IF(C56=2,VLOOKUP(A56,'Date Calcs'!A:AF,13,),IF(C56=3,VLOOKUP(A56,'Date Calcs'!A:AF,15,),4))))) | F56: =IF(A56="","",D56-Date!$B$3) -> #VALUE! | I56: =IF(C56=0,IF(VLOOKUP(A56,Dates,9,)>0,1," "),IF(C56=1,IF(VLOOKUP(A56,Dates,11,)>0,1," "),IF(C56=2,IF(VLOOKUP(A56,Dates,13,)>0,1," "),IF(C56=3,IF(VLOOKUP(A56,Dates,15,)>0,1," "))))) -> FALSE | J56: =VLOOKUP(A56,Dates,7,)
A57: 25-356 | B57: =VLOOKUP(A57,Jobs,2,) -> Synthomer | C57: =VLOOKUP(A57,Dates,6,) -> 1 | D57: =IF(C57=" "," ",IF(C57=0,VLOOKUP(A57,'Date Calcs'!A:AF,9,),IF(C57=1,VLOOKUP(A57,'Date Calcs'!A:AF,11,),IF(C57=2,VLOOKUP(A57,'Date Calcs'!A:AF,13,),IF(C57=3,VLOOKUP(A57,'Date Calcs'!A:AF,15,),4))))) -> 46076 | F57: =IF(A57="","",D57-Date!$B$3) -> 3 | I57: =IF(C57=0,IF(VLOOKUP(A57,Dates,9,)>0,1," "),IF(C57=1,IF(VLOOKUP(A57,Dates,11,)>0,1," "),IF(C57=2,IF(VLOOKUP(A57,Dates,13,)>0,1," "),IF(C57=3,IF(VLOOKUP(A57,Dates,15,)>0,1," "))))) | J57: =VLOOKUP(A57,Dates,7,)
A58: 25-357 | B58: =VLOOKUP(A58,Jobs,2,) -> Sylvamo | C58: =VLOOKUP(A58,Dates,6,) -> 0 | D58: =IF(C58=" "," ",IF(C58=0,VLOOKUP(A58,'Date Calcs'!A:AF,9,),IF(C58=1,VLOOKUP(A58,'Date Calcs'!A:AF,11,),IF(C58=2,VLOOKUP(A58,'Date Calcs'!A:AF,13,),IF(C58=3,VLOOKUP(A58,'Date Calcs'!A:AF,15,),4))))) -> 46065 | F58: =IF(A58="","",D58-Date!$B$3) -> -8 | I58: =IF(C58=0,IF(VLOOKUP(A58,Dates,9,)>0,1," "),IF(C58=1,IF(VLOOKUP(A58,Dates,11,)>0,1," "),IF(C58=2,IF(VLOOKUP(A58,Dates,13,)>0,1," "),IF(C58=3,IF(VLOOKUP(A58,Dates,15,)>0,1," "))))) -> 1 | J58: =VLOOKUP(A58,Dates,7,)
A59: 25-358 | B59: =VLOOKUP(A59,Jobs,2,) -> Sylvamo | C59: =VLOOKUP(A59,Dates,6,) -> 0 | D59: =IF(C59=" "," ",IF(C59=0,VLOOKUP(A59,'Date Calcs'!A:AF,9,),IF(C59=1,VLOOKUP(A59,'Date Calcs'!A:AF,11,),IF(C59=2,VLOOKUP(A59,'Date Calcs'!A:AF,13,),IF(C59=3,VLOOKUP(A59,'Date Calcs'!A:AF,15,),4))))) -> 46066 | F59: =IF(A59="","",D59-Date!$B$3) -> -7 | I59: =IF(C59=0,IF(VLOOKUP(A59,Dates,9,)>0,1," "),IF(C59=1,IF(VLOOKUP(A59,Dates,11,)>0,1," "),IF(C59=2,IF(VLOOKUP(A59,Dates,13,)>0,1," "),IF(C59=3,IF(VLOOKUP(A59,Dates,15,)>0,1," "))))) -> 1 | J59: =VLOOKUP(A59,Dates,7,)
A60: 26-002 | B60: =VLOOKUP(A60,Jobs,2,) -> SNF | C60: =VLOOKUP(A60,Dates,6,) -> 0 | D60: =IF(C60=" "," ",IF(C60=0,VLOOKUP(A60,'Date Calcs'!A:AF,9,),IF(C60=1,VLOOKUP(A60,'Date Calcs'!A:AF,11,),IF(C60=2,VLOOKUP(A60,'Date Calcs'!A:AF,13,),IF(C60=3,VLOOKUP(A60,'Date Calcs'!A:AF,15,),4))))) -> 46073 | F60: =IF(A60="","",D60-Date!$B$3) -> 0 | I60: =IF(C60=0,IF(VLOOKUP(A60,Dates,9,)>0,1," "),IF(C60=1,IF(VLOOKUP(A60,Dates,11,)>0,1," "),IF(C60=2,IF(VLOOKUP(A60,Dates,13,)>0,1," "),IF(C60=3,IF(VLOOKUP(A60,Dates,15,)>0,1," "))))) | J60: =VLOOKUP(A60,Dates,7,)
... A71: 26-022 | B71: =VLOOKUP(A71,Jobs,2,) -> Andritz | C71: =VLOOKUP(A71,Dates,6,) | D71: =IF(C71=" "," ",IF(C71=0,VLOOKUP(A71,'Date Calcs'!A:AF,9,),IF(C71=1,VLOOKUP(A71,'Date Calcs'!A:AF,11,),IF(C71=2,VLOOKUP(A71,'Date Calcs'!A:AF,13,),IF(C71=3,VLOOKUP(A71,'Date Calcs'!A:AF,15,),4))))) | F71: =IF(A71="","",D71-Date!$B$3) -> #VALUE! | I71: =IF(C71=0,IF(VLOOKUP(A71,Dates,9,)>0,1," "),IF(C71=1,IF(VLOOKUP(A71,Dates,11,)>0,1," "),IF(C71=2,IF(VLOOKUP(A71,Dates,13,)>0,1," "),IF(C71=3,IF(VLOOKUP(A71,Dates,15,)>0,1," "))))) -> FALSE | J71: =VLOOKUP(A71,Dates,7,)

Sheet RTR v2
A1: Shop Release Readiness
D3: Pre-Approval | K3: After Return of Approval Drawings | AH3: Release to Shop By Ship Date
A5: Job # | B5: Customer | D5: App. Prints | F5: Long lead time | H5: Prelim BOM | K5: Final Calcs | M5: A.I. | O5: Cert Dwgs | Q5: Update BOM | S5: Stock Check | U5: Purch Recvd | W5: Final BOM | Y5: Build Plan | AA5: Burn File | AC5: QC Checklist | AE5: Released | AG5: Drop Dead Date Week of | AH5: Build Plan | AI5: Days to go | AJ5: QC Checklist | AK5: days to go | AL5: Burn File | AM5: days to go | AN5: All MAT. On hand | AO5: Purchase vs Release | AP5: Release to Shop | AQ5: days to go | AR5: Ship Date Week Of | AS5: Difference drop dead to ship | AT5: Logistics Confirmed | AU5: Actual Ship Date | AV5: COMMENTS
A6: 24-046 | B6: =VLOOKUP(A6,Jobs,2,) -> SYMS Engineering | D6: =IF(VLOOKUP($A6,Jobs,8,)>0,"Y"," ") -> Y | E6: =IF(VLOOKUP($A6,Dates,8,)>0,VLOOKUP($A6,Dates,8,)-VLOOKUP($A6,Jobs,8,)," ") -> 4 | F6: =IF(VLOOKUP($A6,Dates,16,)>0,"Y"," ") -> Y | G6: =IF(VLOOKUP($A6,Dates,16,)>0,VLOOKUP($A6,Dates,16,)-VLOOKUP($A6,Jobs,16,)," ") -> -2 | H6: =_xlfn.IFNA(IF(VLOOKUP($A10,Dates,17,)>0,"Y"," "),"") -> Y | I6: =IF(VLOOKUP($A10,Dates,17,)>0,VLOOKUP($A10,Dates,17,)-VLOOKUP($A10,Jobs,17,)," ") -> #VALUE! | K6: =IF(VLOOKUP($A6,Dates,19,)>0,"Y"," ") -> Y | L6: =IF(VLOOKUP($A6,Dates,19,)>0,VLOOKUP($A6,Dates,19,)-VLOOKUP($A6,Jobs,19,)," ") -> 4 | M6: =IF(VLOOKUP($A6,Dates,20,)>0,"Y"," ") | N6: =IF(VLOOKUP($A6,Dates,20,)>0,VLOOKUP($A6,Dates,20,)-VLOOKUP($A6,Jobs,20,)," ") | O6: =IF(VLOOKUP($A6,Dates,21,)>0,"Y"," ") -> Y | P6: =IF(VLOOKUP($A6,Dates,21,)>0,VLOOKUP($A6,Dates,21,)-VLOOKUP($A6,Jobs,21,)," ") -> -1 | Q6: =IF(VLOOKUP($A6,Dates,23,)>0,"Y"," ") -> Y | R6: =IF(VLOOKUP($A6,Dates,23,)>0,VLOOKUP($A6,Dates,23,)-VLOOKUP($A6,Jobs,23,)," ") -> -276 | S6: =IF(VLOOKUP($A6,Dates,24,)>0,"Y"," ") -> Y | T6: =IF(VLOOKUP($A6,Dates,24,)>0,VLOOKUP($A6,Dates,24,)-VLOOKUP($A6,Jobs,24,)," ") -> -3 | U6: =IF(VLOOKUP($A6,Dates,26,)>0,"Y"," ") -> Y | V6: =IF(VLOOKUP($A6,Dates,26,)>0,VLOOKUP($A6,Dates,26,)-VLOOKUP($A6,Jobs,26,)," ") -> -269 | W6: =IF(VLOOKUP($A6,Dates,27,)>0,"Y"," ") -> Y | X6: =IF(VLOOKUP($A6,Dates,27,)>0,VLOOKUP($A6,Dates,27,)-VLOOKUP($A6,Jobs,27,)," ") -> 69 | Y6: =IF(VLOOKUP($A6,Dates,28,)>0,"Y"," ") -> Y | Z6: =IF(VLOOKUP($A6,Dates,28,)>0,VLOOKUP($A6,Dates,28,)-VLOOKUP($A6,Jobs,28,)," ") -> 85 | AA6: =IF(VLOOKUP($A6,Dates,29,)>0,"Y"," ") -> Y | AB6: =IF(VLOOKUP($A6,Dates,29,)>0,VLOOKUP($A6,Dates,29,)-VLOOKUP($A6,Jobs,29,)," ") -> 80 | AC6: =IF(VLOOKUP($A6,Dates,30,)>0,"Y"," ") -> Y | AD6: =IF(VLOOKUP($A6,Dates,30,)>0,VLOOKUP($A6,Dates,30,)-VLOOKUP($A6,Jobs,30,)," ") -> 94 | AE6: =IF(VLOOKUP($A6,Dates,31,)>0,"Y"," ") -> Y | AF6: =IF(VLOOKUP($A6,Dates,31,)>0,VLOOKUP($A6,Dates,31,)-VLOOKUP($A6,Jobs,31,)," ") -> 95 | AG6: =_xlfn.IFNA(VLOOKUP(A6,Dates,22,FALSE),"") -> 46163 | AH6: =_xlfn.IFNA(IF(Y6="Y","DONE",VLOOKUP(A6,'Date Calcs from Ship Date'!A:AE,27,0)),"") -> DONE | AI6: =IFERROR(AH6-TODAY(),0) -> 0 | AJ6: =_xlfn.IFNA(IF(AC6="Y","DONE",VLOOKUP(A6,'Date Calcs from Ship Date'!A:AE,29,0)),"") -> DONE | AK6: =IFERROR(AJ6-TODAY(),0) -> 0 | AL6: =_xlfn.IFNA(IF(AA6="Y","DONE",VLOOKUP(A6,'Date Calcs from Ship Date'!A:AI,28,0)),"") -> DONE | AM6: =IFERROR(AL6-TODAY(),0) -> 0 | AN6: =IF(U6="Y","DONE",VLOOKUP(A6,'Date Calcs from Ship Date'!A:AE,25,0)) -> DONE | AO6: =IFERROR(AP6-AN6,0) -> 0 | AP6: =IF(AE6="Y","DONE",VLOOKUP(A6,'Date Calcs from Ship Date'!A:AE,30,0)) -> DONE | AQ6: =IFERROR(AP6-TODAY(),0) -> 0 | AR6: =_xlfn.IFNA(VLOOKUP(A6,'Date Calcs from Ship Date'!A:C,3,0),"") -> 46128 | AS6: =AG6-AR6 -> 35 | AU6: =IF(VLOOKUP(A6,Dates,32,)>0,VLOOKUP(A6,Dates,32,)," ")
A7: 25-053 | B7: =VLOOKUP(A7,Jobs,2,) -> Andritz | D7: =IF(VLOOKUP($A7,Jobs,8,)>0,"Y"," ") -> Y | E7: =IF(VLOOKUP($A7,Dates,8,)>0,VLOOKUP($A7,Dates,8,)-VLOOKUP($A7,Jobs,8,)," ") | F7: =IF(VLOOKUP($A7,Dates,16,)>0,"Y"," ") -> Y | G7: =IF(VLOOKUP($A7,Dates,16,)>0,VLOOKUP($A7,Dates,16,)-VLOOKUP($A7,Jobs,16,)," ") -> 58 | H7: =_xlfn.IFNA(IF(VLOOKUP($A11,Dates,17,)>0,"Y"," "),"") -> Y | I7: =IF(VLOOKUP($A11,Dates,17,)>0,VLOOKUP($A11,Dates,17,)-VLOOKUP($A11,Jobs,17,)," ") -> #VALUE! | K7: =IF(VLOOKUP($A7,Dates,19,)>0,"Y"," ") | L7: =IF(VLOOKUP($A7,Dates,19,)>0,VLOOKUP($A7,Dates,19,)-VLOOKUP($A7,Jobs,19,)," ") | M7: =IF(VLOOKUP($A7,Dates,20,)>0,"Y"," ") | N7: =IF(VLOOKUP($A7,Dates,20,)>0,VLOOKUP($A7,Dates,20,)-VLOOKUP($A7,Jobs,20,)," ") | O7: =IF(VLOOKUP($A7,Dates,21,)>0,"Y"," ") | P7: =IF(VLOOKUP($A7,Dates,21,)>0,VLOOKUP($A7,Dates,21,)-VLOOKUP($A7,Jobs,21,)," ") | Q7: =IF(VLOOKUP($A7,Dates,23,)>0,"Y"," ") -> Y | R7: =IF(VLOOKUP($A7,Dates,23,)>0,VLOOKUP($A7,Dates,23,)-VLOOKUP($A7,Jobs,23,)," ") -> -348 | S7: =IF(VLOOKUP($A7,Dates,24,)>0,"Y"," ") -> Y | T7: =IF(VLOOKUP($A7,Dates,24,)>0,VLOOKUP($A7,Dates,24,)-VLOOKUP($A7,Jobs,24,)," ") -> -173 | U7: =IF(VLOOKUP($A7,Dates,26,)>0,"Y"," ") -> Y | V7: =IF(VLOOKUP($A7,Dates,26,)>0,VLOOKUP($A7,Dates,26,)-VLOOKUP($A7,Jobs,26,)," ") -> -160 | W7: =IF(VLOOKUP($A7,Dates,27,)>0,"Y"," ") -> Y | X7: =IF(VLOOKUP($A7,Dates,27,)>0,VLOOKUP($A7,Dates,27,)-VLOOKUP($A7,Jobs,27,)," ") -> -168 | Y7: =IF(VLOOKUP($A7,Dates,28,)>0,"Y"," ") -> Y | Z7: =IF(VLOOKUP($A7,Dates,28,)>0,VLOOKUP($A7,Dates,28,)-VLOOKUP($A7,Jobs,28,)," ") -> -165 | AA7: =IF(VLOOKUP($A7,Dates,29,)>0,"Y"," ") -> Y | AB7: =IF(VLOOKUP($A7,Dates,29,)>0,VLOOKUP($A7,Dates,29,)-VLOOKUP($A7,Jobs,29,)," ") -> -139 | AC7: =IF(VLOOKUP($A7,Dates,30,)>0,"Y"," ") | AD7: =IF(VLOOKUP($A7,Dates,30,)>0,VLOOKUP($A7,Dates,30,)-VLOOKUP($A7,Jobs,30,)," ") | AE7: =IF(VLOOKUP($A7,Dates,31,)>0,"Y"," ") -> Y | AF7: =IF(VLOOKUP($A7,Dates,31,)>0,VLOOKUP($A7,Dates,31,)-VLOOKUP($A7,Jobs,31,)," ") -> -168 | AG7: =_xlfn.IFNA(VLOOKUP(A7,Dates,22,FALSE),"") -> 46230 | AH7: =_xlfn.IFNA(IF(Y7="Y","DONE",VLOOKUP(A7,'Date Calcs from Ship Date'!A:AE,27,0)),"") -> DONE | AI7: =IFERROR(AH7-TODAY(),0) -> 0 | AJ7: =_xlfn.IFNA(IF(AC7="Y","DONE",VLOOKUP(A7,'Date Calcs from Ship Date'!A:AE,29,0)),"") -> 46105 | AK7: =IFERROR(AJ7-TODAY(),0) -> 32 | AL7: =_xlfn.IFNA(IF(AA7="Y","DONE",VLOOKUP(A7,'Date Calcs from Ship Date'!A:AI,28,0)),"") -> DONE | AM7: =IFERROR(AL7-TODAY(),0) -> 0 | AN7: =IF(U7="Y","DONE",VLOOKUP(A7,'Date Calcs from Ship Date'!A:AE,25,0)) -> DONE | AO7: =IFERROR(AP7-AN7,0) -> 0 | AP7: =IF(AE7="Y","DONE",VLOOKUP(A7,'Date Calcs from Ship Date'!A:AE,30,0)) -> DONE | AQ7: =IFERROR(AP7-TODAY(),0) -> 0 | AR7: =_xlfn.IFNA(VLOOKUP(A7,'Date Calcs from Ship Date'!A:C,3,0),"") -> 46175 | AS7: =AG7-AR7 -> 55 | AU7: =IF(VLOOKUP(A7,Dates,32,)>0,VLOOKUP(A7,Dates,32,)," ")
A8: 25-055 | B8: =VLOOKUP(A8,Jobs,2,) -> Airgas | D8: =IF(VLOOKUP($A8,Jobs,8,)>0,"Y"," ") -> Y | E8: =IF(VLOOKUP($A8,Dates,8,)>0,VLOOKUP($A8,Dates,8,)-VLOOKUP($A8,Jobs,8,)," ") -> 54 | F8: =IF(VLOOKUP($A8,Dates,16,)>0,"Y"," ") -> Y | G8: =IF(VLOOKUP($A8,Dates,16,)>0,VLOOKUP($A8,Dates,16,)-VLOOKUP($A8,Jobs,16,)," ") -> 166 | H8: =_xlfn.IFNA(IF(VLOOKUP($A12,Dates,17,)>0,"Y"," "),"") -> Y | I8: =IF(VLOOKUP($A12,Dates,17,)>0,VLOOKUP($A12,Dates,17,)-VLOOKUP($A12,Jobs,17,)," ") -> #VALUE! | K8: =IF(VLOOKUP($A8,Dates,19,)>0,"Y"," ") -> Y | L8: =IF(VLOOKUP($A8,Dates,19,)>0,VLOOKUP($A8,Dates,19,)-VLOOKUP($A8,Jobs,19,)," ") -> 5 | M8: =IF(VLOOKUP($A8,Dates,20,)>0,"Y"," ") | N8: =IF(VLOOKUP($A8,Dates,20,)>0,VLOOKUP($A8,Dates,20,)-VLOOKUP($A8,Jobs,20,)," ") | O8: =IF(VLOOKUP($A8,Dates,21,)>0,"Y"," ") -> Y | P8: =IF(VLOOKUP($A8,Dates,21,)>0,VLOOKUP($A8,Dates,21,)-VLOOKUP($A8,Jobs,21,)," ") -> 0 | Q8: =IF(VLOOKUP($A8,Dates,23,)>0,"Y"," ") -> Y | R8: =IF(VLOOKUP($A8,Dates,23,)>0,VLOOKUP($A8,Dates,23,)-VLOOKUP($A8,Jobs,23,)," ") -> -166 | S8: =IF(VLOOKUP($A8,Dates,24,)>0,"Y"," ") -> Y | T8: =IF(VLOOKUP($A8,Dates,24,)>0,VLOOKUP($A8,Dates,24,)-VLOOKUP($A8,Jobs,24,)," ") -> 12 | U8: =IF(VLOOKUP($A8,Dates,26,)>0,"Y"," ") | V8: =IF(VLOOKUP($A8,Dates,26,)>0,VLOOKUP($A8,Dates,26,)-VLOOKUP($A8,Jobs,26,)," ") | W8: =IF(VLOOKUP($A8,Dates,27,)>0,"Y"," ") -> Y | X8: =IF(VLOOKUP($A8,Dates,27,)>0,VLOOKUP($A8,Dates,27,)-VLOOKUP($A8,Jobs,27,)," ") -> 7 | Y8: =IF(VLOOKUP($A8,Dates,28,)>0,"Y"," ") | Z8: =IF(VLOOKUP($A8,Dates,28,)>0,VLOOKUP($A8,Dates,28,)-VLOOKUP($A8,Jobs,28,)," ") | AA8: =IF(VLOOKUP($A8,Dates,29,)>0,"Y"," ") -> Y | AB8: =IF(VLOOKUP($A8,Dates,29,)>0,VLOOKUP($A8,Dates,29,)-VLOOKUP($A8,Jobs,29,)," ") -> 40 | AC8: =IF(VLOOKUP($A8,Dates,30,)>0,"Y"," ") -> Y | AD8: =IF(VLOOKUP($A8,Dates,30,)>0,VLOOKUP($A8,Dates,30,)-VLOOKUP($A8,Jobs,30,)," ") -> 46 | AE8: =IF(VLOOKUP($A8,Dates,31,)>0,"Y"," ") | AF8: =IF(VLOOKUP($A8,Dates,31,)>0,VLOOKUP($A8,Dates,31,)-VLOOKUP($A8,Jobs,31,)," ") | AG8: =_xlfn.IFNA(VLOOKUP(A8,Dates,22,FALSE),"") -> 46190 | AH8: =_xlfn.IFNA(IF(Y8="Y","DONE",VLOOKUP(A8,'Date Calcs from Ship Date'!A:AE,27,0)),"") -> 46098 | AI8: =IFERROR(AH8-TODAY(),0) -> 25 | AJ8: =_xlfn.IFNA(IF(AC8="Y","DONE",VLOOKUP(A8,'Date Calcs from Ship Date'!A:AE,29,0)),"") -> DONE | AK8: =IFERROR(AJ8-TODAY(),0) -> 0 | AL8: =_xlfn.IFNA(IF(AA8="Y","DONE",VLOOKUP(A8,'Date Calcs from Ship Date'!A:AI,28,0)),"") -> DONE | AM8: =IFERROR(AL8-TODAY(),0) -> 0 | AN8: =IF(U8="Y","DONE",VLOOKUP(A8,'Date Calcs from Ship Date'!A:AE,25,0)) -> 46105 | AO8: =IFERROR(AP8-AN8,0) -> 7 | AP8: =IF(AE8="Y","DONE",VLOOKUP(A8,'Date Calcs from Ship Date'!A:AE,30,0)) -> 46112 | AQ8: =IFERROR(AP8-TODAY(),0) -> 39 | AR8: =_xlfn.IFNA(VLOOKUP(A8,'Date Calcs from Ship Date'!A:C,3,0),"") -> 46168 | AS8: =AG8-AR8 -> 22 | AU8: =IF(VLOOKUP(A8,Dates,32,)>0,VLOOKUP(A8,Dates,32,)," ") | AV8: Head from California
A9: 25-066 | B9: =VLOOKUP(A9,Jobs,2,) -> Reco | D9: =IF(VLOOKUP($A9,Jobs,8,)>0,"Y"," ") -> Y | E9: =IF(VLOOKUP($A9,Dates,8,)>0,VLOOKUP($A9,Dates,8,)-VLOOKUP($A9,Jobs,8,)," ") -> 5 | F9: =IF(VLOOKUP($A9,Dates,16,)>0,"Y"," ") -> Y | G9: =IF(VLOOKUP($A9,Dates,16,)>0,VLOOKUP($A9,Dates,16,)-VLOOKUP($A9,Jobs,16,)," ") -> #VALUE! | H9: =_xlfn.IFNA(IF(VLOOKUP($A13,Dates,17,)>0,"Y"," "),"") -> Y | I9: =IF(VLOOKUP($A13,Dates,17,)>0,VLOOKUP($A13,Dates,17,)-VLOOKUP($A13,Jobs,17,)," ") -> #VALUE! | K9: =IF(VLOOKUP($A9,Dates,19,)>0,"Y"," ") -> Y | L9: =IF(VLOOKUP($A9,Dates,19,)>0,VLOOKUP($A9,Dates,19,)-VLOOKUP($A9,Jobs,19,)," ") -> 5 | M9: =IF(VLOOKUP($A9,Dates,20,)>0,"Y"," ") | N9: =IF(VLOOKUP($A9,Dates,20,)>0,VLOOKUP($A9,Dates,20,)-VLOOKUP($A9,Jobs,20,)," ") | O9: =IF(VLOOKUP($A9,Dates,21,)>0,"Y"," ") -> Y | P9: =IF(VLOOKUP($A9,Dates,21,)>0,VLOOKUP($A9,Dates,21,)-VLOOKUP($A9,Jobs,21,)," ") -> 0 | Q9: =IF(VLOOKUP($A9,Dates,23,)>0,"Y"," ") -> Y | R9: =IF(VLOOKUP($A9,Dates,23,)>0,VLOOKUP($A9,Dates,23,)-VLOOKUP($A9,Jobs,23,)," ") -> -237 | S9: =IF(VLOOKUP($A9,Dates,24,)>0,"Y"," ") -> Y | T9: =IF(VLOOKUP($A9,Dates,24,)>0,VLOOKUP($A9,Dates,24,)-VLOOKUP($A9,Jobs,24,)," ") -> -6 | U9: =IF(VLOOKUP($A9,Dates,26,)>0,"Y"," ") -> Y | V9: =IF(VLOOKUP($A9,Dates,26,)>0,VLOOKUP($A9,Dates,26,)-VLOOKUP($A9,Jobs,26,)," ") -> -5 | W9: =IF(VLOOKUP($A9,Dates,27,)>0,"Y"," ") -> Y | X9: =IF(VLOOKUP($A9,Dates,27,)>0,VLOOKUP($A9,Dates,27,)-VLOOKUP($A9,Jobs,27,)," ") -> -12 | Y9: =IF(VLOOKUP($A9,Dates,28,)>0,"Y"," ") -> Y | Z9: =IF(VLOOKUP($A9,Dates,28,)>0,VLOOKUP($A9,Dates,28,)-VLOOKUP($A9,Jobs,28,)," ") -> -17 | AA9: =IF(VLOOKUP($A9,Dates,29,)>0,"Y"," ") -> Y | AB9: =IF(VLOOKUP($A9,Dates,29,)>0,VLOOKUP($A9,Dates,29,)-VLOOKUP($A9,Jobs,29,)," ") -> 185 | AC9: =IF(VLOOKUP($A9,Dates,30,)>0,"Y"," ") -> Y | AD9: =IF(VLOOKUP($A9,Dates,30,)>0,VLOOKUP($A9,Dates,30,)-VLOOKUP($A9,Jobs,30,)," ") -> -10 | AE9: =IF(VLOOKUP($A9,Dates,31,)>0,"Y"," ") -> Y | AF9: =IF(VLOOKUP($A9,Dates,31,)>0,VLOOKUP($A9,Dates,31,)-VLOOKUP($A9,Jobs,31,)," ") -> 144 | AG9: =_xlfn.IFNA(VLOOKUP(A9,Dates,22,FALSE),"") -> 46111 | AH9: =_xlfn.IFNA(IF(Y9="Y","DONE",VLOOKUP(A9,'Date Calcs from Ship Date'!A:AE,27,0)),"") -> DONE | AI9: =IFERROR(AH9-TODAY(),0) -> 0 | AJ9: =_xlfn.IFNA(IF(AC9="Y","DONE",VLOOKUP(A9,'Date Calcs from Ship Date'!A:AE,29,0)),"") -> DONE | AK9: =IFERROR(AJ9-TODAY(),0) -> 0 | AL9: =_xlfn.IFNA(IF(AA9="Y","DONE",VLOOKUP(A9,'Date Calcs from Ship Date'!A:AI,28,0)),"") -> DONE | AM9: =IFERROR(AL9-TODAY(),0) -> 0 | AN9: =IF(U9="Y","DONE",VLOOKUP(A9,'Date Calcs from Ship Date'!A:AE,25,0)) -> DONE | AO9: =IFERROR(AP9-AN9,0) -> 0 | AP9: =IF(AE9="Y","DONE",VLOOKUP(A9,'Date Calcs from Ship Date'!A:AE,30,0)) -> DONE | AQ9: =IFERROR(AP9-TODAY(),0) -> 0 | AR9: =_xlfn.IFNA(VLOOKUP(A9,'Date Calcs from Ship Date'!A:C,3,0),"") -> 46090 | AS9: =AG9-AR9 -> 21 | AU9: =IF(VLOOKUP(A9,Dates,32,)>0,VLOOKUP(A9,Dates,32,)," ")
A10: 25-067 | B10: =VLOOKUP(A10,Jobs,2,) -> Reco | D10: =IF(VLOOKUP($A10,Jobs,8,)>0,"Y"," ") -> Y | E10: =IF(VLOOKUP($A10,Dates,8,)>0,VLOOKUP($A10,Dates,8,)-VLOOKUP($A10,Jobs,8,)," ") -> 5 | F10: =IF(VLOOKUP($A10,Dates,16,)>0,"Y"," ") -> Y | G10: =IF(VLOOKUP($A10,Dates,16,)>0,VLOOKUP($A10,Dates,16,)-VLOOKUP($A10,Jobs,16,)," ") -> #VALUE! | H10: =_xlfn.IFNA(IF(VLOOKUP($A14,Dates,17,)>0,"Y"," "),"") -> Y | I10: =IF(VLOOKUP($A14,Dates,17,)>0,VLOOKUP($A14,Dates,17,)-VLOOKUP($A14,Jobs,17,)," ") -> #VALUE! | K10: =IF(VLOOKUP($A10,Dates,19,)>0,"Y"," ") -> Y | L10: =IF(VLOOKUP($A10,Dates,19,)>0,VLOOKUP($A10,Dates,19,)-VLOOKUP($A10,Jobs,19,)," ") -> 5 | M10: =IF(VLOOKUP($A10,Dates,20,)>0,"Y"," ") | N10: =IF(VLOOKUP($A10,Dates,20,)>0,VLOOKUP($A10,Dates,20,)-VLOOKUP($A10,Jobs,20,)," ") | O10: =IF(VLOOKUP($A10,Dates,21,)>0,"Y"," ") -> Y | P10: =IF(VLOOKUP($A10,Dates,21,)>0,VLOOKUP($A10,Dates,21,)-VLOOKUP($A10,Jobs,21,)," ") -> 0 | Q10: =IF(VLOOKUP($A10,Dates,23,)>0,"Y"," ") -> Y | R10: =IF(VLOOKUP($A10,Dates,23,)>0,VLOOKUP($A10,Dates,23,)-VLOOKUP($A10,Jobs,23,)," ") -> -237 | S10: =IF(VLOOKUP($A10,Dates,24,)>0,"Y"," ") -> Y | T10: =IF(VLOOKUP($A10,Dates,24,)>0,VLOOKUP($A10,Dates,24,)-VLOOKUP($A10,Jobs,24,)," ") -> -6 | U10: =IF(VLOOKUP($A10,Dates,26,)>0,"Y"," ") -> Y | V10: =IF(VLOOKUP($A10,Dates,26,)>0,VLOOKUP($A10,Dates,26,)-VLOOKUP($A10,Jobs,26,)," ") -> -5 | W10: =IF(VLOOKUP($A10,Dates,27,)>0,"Y"," ") -> Y | X10: =IF(VLOOKUP($A10,Dates,27,)>0,VLOOKUP($A10,Dates,27,)-VLOOKUP($A10,Jobs,27,)," ") -> -12 | Y10: =IF(VLOOKUP($A10,Dates,28,)>0,"Y"," ") -> Y | Z10: =IF(VLOOKUP($A10,Dates,28,)>0,VLOOKUP($A10,Dates,28,)-VLOOKUP($A10,Jobs,28,)," ") -> -17 | AA10: =IF(VLOOKUP($A10,Dates,29,)>0,"Y"," ") -> Y | AB10: =IF(VLOOKUP($A10,Dates,29,)>0,VLOOKUP($A10,Dates,29,)-VLOOKUP($A10,Jobs,29,)," ") -> 185 | AC10: =IF(VLOOKUP($A10,Dates,30,)>0,"Y"," ") -> Y | AD10: =IF(VLOOKUP($A10,Dates,30,)>0,VLOOKUP($A10,Dates,30,)-VLOOKUP($A10,Jobs,30,)," ") -> -10 | AE10: =IF(VLOOKUP($A10,Dates,31,)>0,"Y"," ") -> Y | AF10: =IF(VLOOKUP($A10,Dates,31,)>0,VLOOKUP($A10,Dates,31,)-VLOOKUP($A10,Jobs,31,)," ") -> 144 | AG10: =_xlfn.IFNA(VLOOKUP(A10,Dates,22,FALSE),"") -> 46111 | AH10: =_xlfn.IFNA(IF(Y10="Y","DONE",VLOOKUP(A10,'Date Calcs from Ship Date'!A:AE,27,0)),"") -> DONE | AI10: =IFERROR(AH10-TODAY(),0) -> 0 | AJ10: =_xlfn.IFNA(IF(AC10="Y","DONE",VLOOKUP(A10,'Date Calcs from Ship Date'!A:AE,29,0)),"") -> DONE | AK10: =IFERROR(AJ10-TODAY(),0) -> 0 | AL10: =_xlfn.IFNA(IF(AA10="Y","DONE",VLOOKUP(A10,'Date Calcs from Ship Date'!A:AI,28,0)),"") -> DONE | AM10: =IFERROR(AL10-TODAY(),0) -> 0 | AN10: =IF(U10="Y","DONE",VLOOKUP(A10,'Date Calcs from Ship Date'!A:AE,25,0)) -> DONE | AO10: =IFERROR(AP10-AN10,0) -> 0 | AP10: =IF(AE10="Y","DONE",VLOOKUP(A10,'Date Calcs from Ship Date'!A:AE,30,0)) -> DONE | AQ10: =IFERROR(AP10-TODAY(),0) -> 0 | AR10: =_xlfn.IFNA(VLOOKUP(A10,'Date Calcs from Ship Date'!A:C,3,0),"") -> 46090 | AS10: =AG10-AR10 -> 21 | AU10: =IF(VLOOKUP(A10,Dates,32,)>0,VLOOKUP(A10,Dates,32,)," ")
A11: 25-068 | B11: =VLOOKUP(A11,Jobs,2,) -> Reco | D11: =IF(VLOOKUP($A11,Jobs,8,)>0,"Y"," ") -> Y | E11: =IF(VLOOKUP($A11,Dates,8,)>0,VLOOKUP($A11,Dates,8,)-VLOOKUP($A11,Jobs,8,)," ") -> 5 | F11: =IF(VLOOKUP($A11,Dates,16,)>0,"Y"," ") -> Y | G11: =IF(VLOOKUP($A11,Dates,16,)>0,VLOOKUP($A11,Dates,16,)-VLOOKUP($A11,Jobs,16,)," ") -> #VALUE! | H11: =_xlfn.IFNA(IF(VLOOKUP($A15,Dates,17,)>0,"Y"," "),"") -> Y | I11: =IF(VLOOKUP($A15,Dates,17,)>0,VLOOKUP($A15,Dates,17,)-VLOOKUP($A15,Jobs,17,)," ") -> -5 | K11: =IF(VLOOKUP($A11,Dates,19,)>0,"Y"," ") -> Y | L11: =IF(VLOOKUP($A11,Dates,19,)>0,VLOOKUP($A11,Dates,19,)-VLOOKUP($A11,Jobs,19,)," ") -> 5 | M11: =IF(VLOOKUP($A11,Dates,20,)>0,"Y"," ") | N11: =IF(VLOOKUP($A11,Dates,20,)>0,VLOOKUP($A11,Dates,20,)-VLOOKUP($A11,Jobs,20,)," ") | O11: =IF(VLOOKUP($A11,Dates,21,)>0,"Y"," ") -> Y | P11: =IF(VLOOKUP($A11,Dates,21,)>0,VLOOKUP($A11,Dates,21,)-VLOOKUP($A11,Jobs,21,)," ") -> 0 | Q11: =IF(VLOOKUP($A11,Dates,23,)>0,"Y"," ") -> Y | R11: =IF(VLOOKUP($A11,Dates,23,)>0,VLOOKUP($A11,Dates,23,)-VLOOKUP($A11,Jobs,23,)," ") -> -265 | S11: =IF(VLOOKUP($A11,Dates,24,)>0,"Y"," ") -> Y | T11: =IF(VLOOKUP($A11,Dates,24,)>0,VLOOKUP($A11,Dates,24,)-VLOOKUP($A11,Jobs,24,)," ") -> -6 | U11: =IF(VLOOKUP($A11,Dates,26,)>0,"Y"," ") -> Y | V11: =IF(VLOOKUP($A11,Dates,26,)>0,VLOOKUP($A11,Dates,26,)-VLOOKUP($A11,Jobs,26,)," ") -> -5 | W11: =IF(VLOOKUP($A11,Dates,27,)>0,"Y"," ") -> Y | X11: =IF(VLOOKUP($A11,Dates,27,)>0,VLOOKUP($A11,Dates,27,)-VLOOKUP($A11,Jobs,27,)," ") -> -12 | Y11: =IF(VLOOKUP($A11,Dates,28,)>0,"Y"," ") -> Y | Z11: =IF(VLOOKUP($A11,Dates,28,)>0,VLOOKUP($A11,Dates,28,)-VLOOKUP($A11,Jobs,28,)," ") -> -17 | AA11: =IF(VLOOKUP($A11,Dates,29,)>0,"Y"," ") -> Y | AB11: =IF(VLOOKUP($A11,Dates,29,)>0,VLOOKUP($A11,Dates,29,)-VLOOKUP($A11,Jobs,29,)," ") -> 185 | AC11: =IF(VLOOKUP($A11,Dates,30,)>0,"Y"," ") -> Y | AD11: =IF(VLOOKUP($A11,Dates,30,)>0,VLOOKUP($A11,Dates,30,)-VLOOKUP($A11,Jobs,30,)," ") -> -10 | AE11: =IF(VLOOKUP($A11,Dates,31,)>0,"Y"," ") -> Y | AF11: =IF(VLOOKUP($A11,Dates,31,)>0,VLOOKUP($A11,Dates,31,)-VLOOKUP($A11,Jobs,31,)," ") -> 172 | AG11: =_xlfn.IFNA(VLOOKUP(A11,Dates,22,FALSE),"") -> 46139 | AH11: =_xlfn.IFNA(IF(Y11="Y","DONE",VLOOKUP(A11,'Date Calcs from Ship Date'!A:AE,27,0)),"") -> DONE | AI11: =IFERROR(AH11-TODAY(),0) -> 0 | AJ11: =_xlfn.IFNA(IF(AC11="Y","DONE",VLOOKUP(A11,'Date Calcs from Ship Date'!A:AE,29,0)),"") -> DONE | AK11: =IFERROR(AJ11-TODAY(),0) -> 0 | AL11: =_xlfn.IFNA(IF(AA11="Y","DONE",VLOOKUP(A11,'Date Calcs from Ship Date'!A:AI,28,0)),"") -> DONE | AM11: =IFERROR(AL11-TODAY(),0) -> 0 | AN11: =IF(U11="Y","DONE",VLOOKUP(A11,'Date Calcs from Ship Date'!A:AE,25,0)) -> DONE | AO11: =IFERROR(AP11-AN11,0) -> 0 | AP11: =IF(AE11="Y","DONE",VLOOKUP(A11,'Date Calcs from Ship Date'!A:AE,30,0)) -> DONE | AQ11: =IFERROR(AP11-TODAY(),0) -> 0 | AR11: =_xlfn.IFNA(VLOOKUP(A11,'Date Calcs from Ship Date'!A:C,3,0),"") -> 46118 | AS11: =AG11-AR11 -> 21 | AU11: =IF(VLOOKUP(A11,Dates,32,)>0,VLOOKUP(A11,Dates,32,)," ")
A12: 25-069 | B12: =VLOOKUP(A12,Jobs,2,) -> Reco | D12: =IF(VLOOKUP($A12,Jobs,8,)>0,"Y"," ") -> Y | E12: =IF(VLOOKUP($A12,Dates,8,)>0,VLOOKUP($A12,Dates,8,)-VLOOKUP($A12,Jobs,8,)," ") -> 5 | F12: =IF(VLOOKUP($A12,Dates,16,)>0,"Y"," ") -> Y | G12: =IF(VLOOKUP($A12,Dates,16,)>0,VLOOKUP($A12,Dates,16,)-VLOOKUP($A12,Jobs,16,)," ") -> #VALUE! | H12: =_xlfn.IFNA(IF(VLOOKUP($A16,Dates,17,)>0,"Y"," "),"") -> Y | I12: =IF(VLOOKUP($A16,Dates,17,)>0,VLOOKUP($A16,Dates,17,)-VLOOKUP($A16,Jobs,17,)," ") -> -8 | K12: =IF(VLOOKUP($A12,Dates,19,)>0,"Y"," ") -> Y | L12: =IF(VLOOKUP($A12,Dates,19,)>0,VLOOKUP($A12,Dates,19,)-VLOOKUP($A12,Jobs,19,)," ") -> 5 | M12: =IF(VLOOKUP($A12,Dates,20,)>0,"Y"," ") | N12: =IF(VLOOKUP($A12,Dates,20,)>0,VLOOKUP($A12,Dates,20,)-VLOOKUP($A12,Jobs,20,)," ") | O12: =IF(VLOOKUP($A12,Dates,21,)>0,"Y"," ") -> Y | P12: =IF(VLOOKUP($A12,Dates,21,)>0,VLOOKUP($A12,Dates,21,)-VLOOKUP($A12,Jobs,21,)," ") -> 0 | Q12: =IF(VLOOKUP($A12,Dates,23,)>0,"Y"," ") -> Y | R12: =IF(VLOOKUP($A12,Dates,23,)>0,VLOOKUP($A12,Dates,23,)-VLOOKUP($A12,Jobs,23,)," ") -> -265 | S12: =IF(VLOOKUP($A12,Dates,24,)>0,"Y"," ") -> Y | T12: =IF(VLOOKUP($A12,Dates,24,)>0,VLOOKUP($A12,Dates,24,)-VLOOKUP($A12,Jobs,24,)," ") -> -6 | U12: =IF(VLOOKUP($A12,Dates,26,)>0,"Y"," ") -> Y | V12: =IF(VLOOKUP($A12,Dates,26,)>0,VLOOKUP($A12,Dates,26,)-VLOOKUP($A12,Jobs,26,)," ") -> -5 | W12: =IF(VLOOKUP($A12,Dates,27,)>0,"Y"," ") -> Y | X12: =IF(VLOOKUP($A12,Dates,27,)>0,VLOOKUP($A12,Dates,27,)-VLOOKUP($A12,Jobs,27,)," ") -> -12 | Y12: =IF(VLOOKUP($A12,Dates,28,)>0,"Y"," ") -> Y | Z12: =IF(VLOOKUP($A12,Dates,28,)>0,VLOOKUP($A12,Dates,28,)-VLOOKUP($A12,Jobs,28,)," ") -> -17 | AA12: =IF(VLOOKUP($A12,Dates,29,)>0,"Y"," ") -> Y | AB12: =IF(VLOOKUP($A12,Dates,29,)>0,VLOOKUP($A12,Dates,29,)-VLOOKUP($A12,Jobs,29,)," ") -> 185 | AC12: =IF(VLOOKUP($A12,Dates,30,)>0,"Y"," ") -> Y | AD12: =IF(VLOOKUP($A12,Dates,30,)>0,VLOOKUP($A12,Dates,30,)-VLOOKUP($A12,Jobs,30,)," ") -> -10 | AE12: =IF(VLOOKUP($A12,Dates,31,)>0,"Y"," ") -> Y | AF12: =IF(VLOOKUP($A12,Dates,31,)>0,VLOOKUP($A12,Dates,31,)-VLOOKUP($A12,Jobs,31,)," ") -> 172 | AG12: =_xlfn.IFNA(VLOOKUP(A12,Dates,22,FALSE),"") -> 46139 | AH12: =_xlfn.IFNA(IF(Y12="Y","DONE",VLOOKUP(A12,'Date Calcs from Ship Date'!A:AE,27,0)),"") -> DONE | AI12: =IFERROR(AH12-TODAY(),0) -> 0 | AJ12: =_xlfn.IFNA(IF(AC12="Y","DONE",VLOOKUP(A12,'Date Calcs from Ship Date'!A:AE,29,0)),"") -> DONE | AK12: =IFERROR(AJ12-TODAY(),0) -> 0 | AL12: =_xlfn.IFNA(IF(AA12="Y","DONE",VLOOKUP(A12,'Date Calcs from Ship Date'!A:AI,28,0)),"") -> DONE | AM12: =IFERROR(AL12-TODAY(),0) -> 0 | AN12: =IF(U12="Y","DONE",VLOOKUP(A12,'Date Calcs from Ship Date'!A:AE,25,0)) -> DONE | AO12: =IFERROR(AP12-AN12,0) -> 0 | AP12: =IF(AE12="Y","DONE",VLOOKUP(A12,'Date Calcs from Ship Date'!A:AE,30,0)) -> DONE | AQ12: =IFERROR(AP12-TODAY(),0) -> 0 | AR12: =_xlfn.IFNA(VLOOKUP(A12,'Date Calcs from Ship Date'!A:C,3,0),"") -> 46118 | AS12: =AG12-AR12 -> 21 | AU12: =IF(VLOOKUP(A12,Dates,32,)>0,VLOOKUP(A12,Dates,32,)," ")
A13: 25-070 | B13: =VLOOKUP(A13,Jobs,2,) -> Reco | D13: =IF(VLOOKUP($A13,Jobs,8,)>0,"Y"," ") -> Y | E13: =IF(VLOOKUP($A13,Dates,8,)>0,VLOOKUP($A13,Dates,8,)-VLOOKUP($A13,Jobs,8,)," ") -> 5 | F13: =IF(VLOOKUP($A13,Dates,16,)>0,"Y"," ") -> Y | G13: =IF(VLOOKUP($A13,Dates,16,)>0,VLOOKUP($A13,Dates,16,)-VLOOKUP($A13,Jobs,16,)," ") -> #VALUE! | H13: =_xlfn.IFNA(IF(VLOOKUP($A17,Dates,17,)>0,"Y"," "),"") -> Y | I13: =IF(VLOOKUP($A17,Dates,17,)>0,VLOOKUP($A17,Dates,17,)-VLOOKUP($A17,Jobs,17,)," ") -> -1 | K13: =IF(VLOOKUP($A13,Dates,19,)>0,"Y"," ") -> Y | L13: =IF(VLOOKUP($A13,Dates,19,)>0,VLOOKUP($A13,Dates,19,)-VLOOKUP($A13,Jobs,19,)," ") -> 5 | M13: =IF(VLOOKUP($A13,Dates,20,)>0,"Y"," ") | N13: =IF(VLOOKUP($A13,Dates,20,)>0,VLOOKUP($A13,Dates,20,)-VLOOKUP($A13,Jobs,20,)," ") | O13: =IF(VLOOKUP($A13,Dates,21,)>0,"Y"," ") -> Y | P13: =IF(VLOOKUP($A13,Dates,21,)>0,VLOOKUP($A13,Dates,21,)-VLOOKUP($A13,Jobs,21,)," ") -> 0 | Q13: =IF(VLOOKUP($A13,Dates,23,)>0,"Y"," ") -> Y | R13: =IF(VLOOKUP($A13,Dates,23,)>0,VLOOKUP($A13,Dates,23,)-VLOOKUP($A13,Jobs,23,)," ") -> -293 | S13: =IF(VLOOKUP($A13,Dates,24,)>0,"Y"," ") -> Y | T13: =IF(VLOOKUP($A13,Dates,24,)>0,VLOOKUP($A13,Dates,24,)-VLOOKUP($A13,Jobs,24,)," ") -> -6 | U13: =IF(VLOOKUP($A13,Dates,26,)>0,"Y"," ") -> Y | V13: =IF(VLOOKUP($A13,Dates,26,)>0,VLOOKUP($A13,Dates,26,)-VLOOKUP($A13,Jobs,26,)," ") -> -5 | W13: =IF(VLOOKUP($A13,Dates,27,)>0,"Y"," ") -> Y | X13: =IF(VLOOKUP($A13,Dates,27,)>0,VLOOKUP($A13,Dates,27,)-VLOOKUP($A13,Jobs,27,)," ") -> -12 | Y13: =IF(VLOOKUP($A13,Dates,28,)>0,"Y"," ") -> Y | Z13: =IF(VLOOKUP($A13,Dates,28,)>0,VLOOKUP($A13,Dates,28,)-VLOOKUP($A13,Jobs,28,)," ") -> -17 | AA13: =IF(VLOOKUP($A13,Dates,29,)>0,"Y"," ") -> Y | AB13: =IF(VLOOKUP($A13,Dates,29,)>0,VLOOKUP($A13,Dates,29,)-VLOOKUP($A13,Jobs,29,)," ") -> 185 | AC13: =IF(VLOOKUP($A13,Dates,30,)>0,"Y"," ") -> Y | AD13: =IF(VLOOKUP($A13,Dates,30,)>0,VLOOKUP($A13,Dates,30,)-VLOOKUP($A13,Jobs,30,)," ") -> -10 | AE13: =IF(VLOOKUP($A13,Dates,31,)>0,"Y"," ") -> Y | AF13: =IF(VLOOKUP($A13,Dates,31,)>0,VLOOKUP($A13,Dates,31,)-VLOOKUP($A13,Jobs,31,)," ") -> 181 | AG13: =_xlfn.IFNA(VLOOKUP(A13,Dates,22,FALSE),"") -> 46167 | AH13: =_xlfn.IFNA(IF(Y13="Y","DONE",VLOOKUP(A13,'Date Calcs from Ship Date'!A:AE,27,0)),"") -> DONE | AI13: =IFERROR(AH13-TODAY(),0) -> 0 | AJ13: =_xlfn.IFNA(IF(AC13="Y","DONE",VLOOKUP(A13,'Date Calcs from Ship Date'!A:AE,29,0)),"") -> DONE | AK13: =IFERROR(AJ13-TODAY(),0) -> 0 | AL13: =_xlfn.IFNA(IF(AA13="Y","DONE",VLOOKUP(A13,'Date Calcs from Ship Date'!A:AI,28,0)),"") -> DONE | AM13: =IFERROR(AL13-TODAY(),0) -> 0 | AN13: =IF(U13="Y","DONE",VLOOKUP(A13,'Date Calcs from Ship Date'!A:AE,25,0)) -> DONE | AO13: =IFERROR(AP13-AN13,0) -> 0 | AP13: =IF(AE13="Y","DONE",VLOOKUP(A13,'Date Calcs from Ship Date'!A:AE,30,0)) -> DONE | AQ13: =IFERROR(AP13-TODAY(),0) -> 0 | AR13: =_xlfn.IFNA(VLOOKUP(A13,'Date Calcs from Ship Date'!A:C,3,0),"") -> 46139 | AS13: =AG13-AR13 -> 28 | AU13: =IF(VLOOKUP(A13,Dates,32,)>0,VLOOKUP(A13,Dates,32,)," ")
A14: 25-071 | B14: =VLOOKUP(A14,Jobs,2,) -> Reco | D14: =IF(VLOOKUP($A14,Jobs,8,)>0,"Y"," ") -> Y | E14: =IF(VLOOKUP($A14,Dates,8,)>0,VLOOKUP($A14,Dates,8,)-VLOOKUP($A14,Jobs,8,)," ") -> 5 | F14: =IF(VLOOKUP($A14,Dates,16,)>0,"Y"," ") -> Y | G14: =IF(VLOOKUP($A14,Dates,16,)>0,VLOOKUP($A14,Dates,16,)-VLOOKUP($A14,Jobs,16,)," ") -> #VALUE! | H14: =_xlfn.IFNA(IF(VLOOKUP($A18,Dates,17,)>0,"Y"," "),"") -> Y | I14: =IF(VLOOKUP($A18,Dates,17,)>0,VLOOKUP($A18,Dates,17,)-VLOOKUP($A18,Jobs,17,)," ") -> -6 | K14: =IF(VLOOKUP($A14,Dates,19,)>0,"Y"," ") -> Y | L14: =IF(VLOOKUP($A14,Dates,19,)>0,VLOOKUP($A14,Dates,19,)-VLOOKUP($A14,Jobs,19,)," ") -> 5 | M14: =IF(VLOOKUP($A14,Dates,20,)>0,"Y"," ") | N14: =IF(VLOOKUP($A14,Dates,20,)>0,VLOOKUP($A14,Dates,20,)-VLOOKUP($A14,Jobs,20,)," ") | O14: =IF(VLOOKUP($A14,Dates,21,)>0,"Y"," ") -> Y | P14: =IF(VLOOKUP($A14,Dates,21,)>0,VLOOKUP($A14,Dates,21,)-VLOOKUP($A14,Jobs,21,)," ") -> 0 | Q14: =IF(VLOOKUP($A14,Dates,23,)>0,"Y"," ") -> Y | R14: =IF(VLOOKUP($A14,Dates,23,)>0,VLOOKUP($A14,Dates,23,)-VLOOKUP($A14,Jobs,23,)," ") -> -293 | S14: =IF(VLOOKUP($A14,Dates,24,)>0,"Y"," ") -> Y | T14: =IF(VLOOKUP($A14,Dates,24,)>0,VLOOKUP($A14,Dates,24,)-VLOOKUP($A14,Jobs,24,)," ") -> -6 | U14: =IF(VLOOKUP($A14,Dates,26,)>0,"Y"," ") -> Y | V14: =IF(VLOOKUP($A14,Dates,26,)>0,VLOOKUP($A14,Dates,26,)-VLOOKUP($A14,Jobs,26,)," ") -> -5 | W14: =IF(VLOOKUP($A14,Dates,27,)>0,"Y"," ") -> Y | X14: =IF(VLOOKUP($A14,Dates,27,)>0,VLOOKUP($A14,Dates,27,)-VLOOKUP($A14,Jobs,27,)," ") -> -12 | Y14: =IF(VLOOKUP($A14,Dates,28,)>0,"Y"," ") -> Y | Z14: =IF(VLOOKUP($A14,Dates,28,)>0,VLOOKUP($A14,Dates,28,)-VLOOKUP($A14,Jobs,28,)," ") -> -17 | AA14: =IF(VLOOKUP($A14,Dates,29,)>0,"Y"," ") -> Y | AB14: =IF(VLOOKUP($A14,Dates,29,)>0,VLOOKUP($A14,Dates,29,)-VLOOKUP($A14,Jobs,29,)," ") -> 185 | AC14: =IF(VLOOKUP($A14,Dates,30,)>0,"Y"," ") -> Y | AD14: =IF(VLOOKUP($A14,Dates,30,)>0,VLOOKUP($A14,Dates,30,)-VLOOKUP($A14,Jobs,30,)," ") -> -10 | AE14: =IF(VLOOKUP($A14,Dates,31,)>0,"Y"," ") -> Y | AF14: =IF(VLOOKUP($A14,Dates,31,)>0,VLOOKUP($A14,Dates,31,)-VLOOKUP($A14,Jobs,31,)," ") -> 181 | AG14: =_xlfn.IFNA(VLOOKUP(A14,Dates,22,FALSE),"") -> 46167 | AH14: =_xlfn.IFNA(IF(Y14="Y","DONE",VLOOKUP(A14,'Date Calcs from Ship Date'!A:AE,27,0)),"") -> DONE | AI14: =IFERROR(AH14-TODAY(),0) -> 0 | AJ14: =_xlfn.IFNA(IF(AC14="Y","DONE",VLOOKUP(A14,'Date Calcs from Ship Date'!A:AE,29,0)),"") -> DONE | AK14: =IFERROR(AJ14-TODAY(),0) -> 0 | AL14: =_xlfn.IFNA(IF(AA14="Y","DONE",VLOOKUP(A14,'Date Calcs from Ship Date'!A:AI,28,0)),"") -> DONE | AM14: =IFERROR(AL14-TODAY(),0) -> 0 | AN14: =IF(U14="Y","DONE",VLOOKUP(A14,'Date Calcs from Ship Date'!A:AE,25,0)) -> DONE | AO14: =IFERROR(AP14-AN14,0) -> 0 | AP14: =IF(AE14="Y","DONE",VLOOKUP(A14,'Date Calcs from Ship Date'!A:AE,30,0)) -> DONE | AQ14: =IFERROR(AP14-TODAY(),0) -> 0 | AR14: =_xlfn.IFNA(VLOOKUP(A14,'Date Calcs from Ship Date'!A:C,3,0),"") -> 46139 | AS14: =AG14-AR14 -> 28 | AU14: =IF(VLOOKUP(A14,Dates,32,)>0,VLOOKUP(A14,Dates,32,)," ")
A15: 25-083 | B15: =VLOOKUP(A15,Jobs,2,) -> Synthomer | D15: =IF(VLOOKUP($A15,Jobs,8,)>0,"Y"," ") -> Y | E15: =IF(VLOOKUP($A15,Dates,8,)>0,VLOOKUP($A15,Dates,8,)-VLOOKUP($A15,Jobs,8,)," ") -> 10 | F15: =IF(VLOOKUP($A15,Dates,16,)>0,"Y"," ") -> Y | G15: =IF(VLOOKUP($A15,Dates,16,)>0,VLOOKUP($A15,Dates,16,)-VLOOKUP($A15,Jobs,16,)," ") -> -5 | H15: =_xlfn.IFNA(IF(VLOOKUP($A19,Dates,17,)>0,"Y"," "),"") -> Y | I15: =IF(VLOOKUP($A19,Dates,17,)>0,VLOOKUP($A19,Dates,17,)-VLOOKUP($A19,Jobs,17,)," ") -> -8 | K15: =IF(VLOOKUP($A15,Dates,19,)>0,"Y"," ") -> Y | L15: =IF(VLOOKUP($A15,Dates,19,)>0,VLOOKUP($A15,Dates,19,)-VLOOKUP($A15,Jobs,19,)," ") -> -92 | M15: =IF(VLOOKUP($A15,Dates,20,)>0,"Y"," ") | N15: =IF(VLOOKUP($A15,Dates,20,)>0,VLOOKUP($A15,Dates,20,)-VLOOKUP($A15,Jobs,20,)," ") | O15: =IF(VLOOKUP($A15,Dates,21,)>0,"Y"," ") -> Y | P15: =IF(VLOOKUP($A15,Dates,21,)>0,VLOOKUP($A15,Dates,21,)-VLOOKUP($A15,Jobs,21,)," ") -> -97 | Q15: =IF(VLOOKUP($A15,Dates,23,)>0,"Y"," ") -> Y | R15: =IF(VLOOKUP($A15,Dates,23,)>0,VLOOKUP($A15,Dates,23,)-VLOOKUP($A15,Jobs,23,)," ") -> -273 | S15: =IF(VLOOKUP($A15,Dates,24,)>0,"Y"," ") -> Y | T15: =IF(VLOOKUP($A15,Dates,24,)>0,VLOOKUP($A15,Dates,24,)-VLOOKUP($A15,Jobs,24,)," ") -> -98 | U15: =IF(VLOOKUP($A15,Dates,26,)>0,"Y"," ") -> Y | V15: =IF(VLOOKUP($A15,Dates,26,)>0,VLOOKUP($A15,Dates,26,)-VLOOKUP($A15,Jobs,26,)," ") -> -46 | W15: =IF(VLOOKUP($A15,Dates,27,)>0,"Y"," ") -> Y | X15: =IF(VLOOKUP($A15,Dates,27,)>0,VLOOKUP($A15,Dates,27,)-VLOOKUP($A15,Jobs,27,)," ") -> -104 | Y15: =IF(VLOOKUP($A15,Dates,28,)>0,"Y"," ") -> Y | Z15: =IF(VLOOKUP($A15,Dates,28,)>0,VLOOKUP($A15,Dates,28,)-VLOOKUP($A15,Jobs,28,)," ") -> -91 | AA15: =IF(VLOOKUP($A15,Dates,29,)>0,"Y"," ") -> Y | AB15: =IF(VLOOKUP($A15,Dates,29,)>0,VLOOKUP($A15,Dates,29,)-VLOOKUP($A15,Jobs,29,)," ") -> -42 | AC15: =IF(VLOOKUP($A15,Dates,30,)>0,"Y"," ") -> Y | AD15: =IF(VLOOKUP($A15,Dates,30,)>0,VLOOKUP($A15,Dates,30,)-VLOOKUP($A15,Jobs,30,)," ") -> -84 | AE15: =IF(VLOOKUP($A15,Dates,31,)>0,"Y"," ") -> Y | AF15: =IF(VLOOKUP($A15,Dates,31,)>0,VLOOKUP($A15,Dates,31,)-VLOOKUP($A15,Jobs,31,)," ") -> -94 | AG15: =_xlfn.IFNA(VLOOKUP(A15,Dates,22,FALSE),"") -> 46147 | AH15: =_xlfn.IFNA(IF(Y15="Y","DONE",VLOOKUP(A15,'Date Calcs from Ship Date'!A:AE,27,0)),"") -> DONE | AI15: =IFERROR(AH15-TODAY(),0) -> 0 | AJ15: =_xlfn.IFNA(IF(AC15="Y","DONE",VLOOKUP(A15,'Date Calcs from Ship Date'!A:AE,29,0)),"") -> DONE | AK15: =IFERROR(AJ15-TODAY(),0) -> 0 | AL15: =_xlfn.IFNA(IF(AA15="Y","DONE",VLOOKUP(A15,'Date Calcs from Ship Date'!A:AI,28,0)),"") -> DONE | AM15: =IFERROR(AL15-TODAY(),0) -> 0 | AN15: =IF(U15="Y","DONE",VLOOKUP(A15,'Date Calcs from Ship Date'!A:AE,25,0)) -> DONE | AO15: =IFERROR(AP15-AN15,0) -> 0 | AP15: =IF(AE15="Y","DONE",VLOOKUP(A15,'Date Calcs from Ship Date'!A:AE,30,0)) -> DONE | AQ15: =IFERROR(AP15-TODAY(),0) -> 0 | AR15: =_xlfn.IFNA(VLOOKUP(A15,'Date Calcs from Ship Date'!A:C,3,0),"") -> 46118 | AS15: =AG15-AR15 -> 29 | AU15: =IF(VLOOKUP(A15,Dates,32,)>0,VLOOKUP(A15,Dates,32,)," ")
A16: 25-084 | B16: =VLOOKUP(A16,Jobs,2,) -> Atlas Minerals | D16: =IF(VLOOKUP($A16,Jobs,8,)>0,"Y"," ") -> Y | E16: =IF(VLOOKUP($A16,Dates,8,)>0,VLOOKUP($A16,Dates,8,)-VLOOKUP($A16,Jobs,8,)," ") -> 0 | F16: =IF(VLOOKUP($A16,Dates,16,)>0,"Y"," ") -> Y | G16: =IF(VLOOKUP($A16,Dates,16,)>0,VLOOKUP($A16,Dates,16,)-VLOOKUP($A16,Jobs,16,)," ") -> -8 | H16: =_xlfn.IFNA(IF(VLOOKUP($A20,Dates,17,)>0,"Y"," "),"") -> Y | I16: =IF(VLOOKUP($A20,Dates,17,)>0,VLOOKUP($A20,Dates,17,)-VLOOKUP($A20,Jobs,17,)," ") -> 3 | K16: =IF(VLOOKUP($A16,Dates,19,)>0,"Y"," ") -> Y | L16: =IF(VLOOKUP($A16,Dates,19,)>0,VLOOKUP($A16,Dates,19,)-VLOOKUP($A16,Jobs,19,)," ") -> -2 | M16: =IF(VLOOKUP($A16,Dates,20,)>0,"Y"," ") | N16: =IF(VLOOKUP($A16,Dates,20,)>0,VLOOKUP($A16,Dates,20,)-VLOOKUP($A16,Jobs,20,)," ") | O16: =IF(VLOOKUP($A16,Dates,21,)>0,"Y"," ") -> Y | P16: =IF(VLOOKUP($A16,Dates,21,)>0,VLOOKUP($A16,Dates,21,)-VLOOKUP($A16,Jobs,21,)," ") -> -7 | Q16: =IF(VLOOKUP($A16,Dates,23,)>0,"Y"," ") -> Y | R16: =IF(VLOOKUP($A16,Dates,23,)>0,VLOOKUP($A16,Dates,23,)-VLOOKUP($A16,Jobs,23,)," ") -> -144 | S16: =IF(VLOOKUP($A16,Dates,24,)>0,"Y"," ") -> Y | T16: =IF(VLOOKUP($A16,Dates,24,)>0,VLOOKUP($A16,Dates,24,)-VLOOKUP($A16,Jobs,24,)," ") -> -25 | U16: =IF(VLOOKUP($A16,Dates,26,)>0,"Y"," ") -> Y | V16: =IF(VLOOKUP($A16,Dates,26,)>0,VLOOKUP($A16,Dates,26,)-VLOOKUP($A16,Jobs,26,)," ") -> -8 | W16: =IF(VLOOKUP($A16,Dates,27,)>0,"Y"," ") -> Y | X16: =IF(VLOOKUP($A16,Dates,27,)>0,VLOOKUP($A16,Dates,27,)-VLOOKUP($A16,Jobs,27,)," ") -> -20 | Y16: =IF(VLOOKUP($A16,Dates,28,)>0,"Y"," ") -> Y | Z16: =IF(VLOOKUP($A16,Dates,28,)>0,VLOOKUP($A16,Dates,28,)-VLOOKUP($A16,Jobs,28,)," ") -> -1 | AA16: =IF(VLOOKUP($A16,Dates,29,)>0,"Y"," ") -> Y | AB16: =IF(VLOOKUP($A16,Dates,29,)>0,VLOOKUP($A16,Dates,29,)-VLOOKUP($A16,Jobs,29,)," ") -> 34 | AC16: =IF(VLOOKUP($A16,Dates,30,)>0,"Y"," ") -> Y | AD16: =IF(VLOOKUP($A16,Dates,30,)>0,VLOOKUP($A16,Dates,30,)-VLOOKUP($A16,Jobs,30,)," ") -> 6 | AE16: =IF(VLOOKUP($A16,Dates,31,)>0,"Y"," ") -> Y | AF16: =IF(VLOOKUP($A16,Dates,31,)>0,VLOOKUP($A16,Dates,31,)-VLOOKUP($A16,Jobs,31,)," ") -> -4 | AG16: =_xlfn.IFNA(VLOOKUP(A16,Dates,22,FALSE),"") -> 46091 | AH16: =_xlfn.IFNA(IF(Y16="Y","DONE",VLOOKUP(A16,'Date Calcs from Ship Date'!A:AE,27,0)),"") -> DONE | AI16: =IFERROR(AH16-TODAY(),0) -> 0 | AJ16: =_xlfn.IFNA(IF(AC16="Y","DONE",VLOOKUP(A16,'Date Calcs from Ship Date'!A:AE,29,0)),"") -> DONE | AK16: =IFERROR(AJ16-TODAY(),0) -> 0 | AL16: =_xlfn.IFNA(IF(AA16="Y","DONE",VLOOKUP(A16,'Date Calcs from Ship Date'!A:AI,28,0)),"") -> DONE | AM16: =IFERROR(AL16-TODAY(),0) -> 0 | AN16: =IF(U16="Y","DONE",VLOOKUP(A16,'Date Calcs from Ship Date'!A:AE,25,0)) -> DONE | AO16: =IFERROR(AP16-AN16,0) -> 0 | AP16: =IF(AE16="Y","DONE",VLOOKUP(A16,'Date Calcs from Ship Date'!A:AE,30,0)) -> DONE | AQ16: =IFERROR(AP16-TODAY(),0) -> 0 | AR16: =_xlfn.IFNA(VLOOKUP(A16,'Date Calcs from Ship Date'!A:C,3,0),"") -> 46076 | AS16: =AG16-AR16 -> 15 | AU16: =IF(VLOOKUP(A16,Dates,32,)>0,VLOOKUP(A16,Dates,32,)," ")
A17: 25-098 | B17: =VLOOKUP(A17,Jobs,2,) -> Coastal Technologies | D17: =IF(VLOOKUP($A17,Jobs,8,)>0,"Y"," ") -> Y | E17: =IF(VLOOKUP($A17,Dates,8,)>0,VLOOKUP($A17,Dates,8,)-VLOOKUP($A17,Jobs,8,)," ") -> 0 | F17: =IF(VLOOKUP($A17,Dates,16,)>0,"Y"," ") -> Y | G17: =IF(VLOOKUP($A17,Dates,16,)>0,VLOOKUP($A17,Dates,16,)-VLOOKUP($A17,Jobs,16,)," ") -> 2 | H17: =_xlfn.IFNA(IF(VLOOKUP($A21,Dates,17,)>0,"Y"," "),"") -> Y | I17: =IF(VLOOKUP($A21,Dates,17,)>0,VLOOKUP($A21,Dates,17,)-VLOOKUP($A21,Jobs,17,)," ") -> 3 | K17: =IF(VLOOKUP($A17,Dates,19,)>0,"Y"," ") -> Y | L17: =IF(VLOOKUP($A17,Dates,19,)>0,VLOOKUP($A17,Dates,19,)-VLOOKUP($A17,Jobs,19,)," ") -> 4 | M17: =IF(VLOOKUP($A17,Dates,20,)>0,"Y"," ") | N17: =IF(VLOOKUP($A17,Dates,20,)>0,VLOOKUP($A17,Dates,20,)-VLOOKUP($A17,Jobs,20,)," ") | O17: =IF(VLOOKUP($A17,Dates,21,)>0,"Y"," ") -> Y | P17: =IF(VLOOKUP($A17,Dates,21,)>0,VLOOKUP($A17,Dates,21,)-VLOOKUP($A17,Jobs,21,)," ") -> -1 | Q17: =IF(VLOOKUP($A17,Dates,23,)>0,"Y"," ") -> Y | R17: =IF(VLOOKUP($A17,Dates,23,)>0,VLOOKUP($A17,Dates,23,)-VLOOKUP($A17,Jobs,23,)," ") -> -129 | S17: =IF(VLOOKUP($A17,Dates,24,)>0,"Y"," ") -> Y | T17: =IF(VLOOKUP($A17,Dates,24,)>0,VLOOKUP($A17,Dates,24,)-VLOOKUP($A17,Jobs,24,)," ") -> 4 | U17: =IF(VLOOKUP($A17,Dates,26,)>0,"Y"," ") | V17: =IF(VLOOKUP($A17,Dates,26,)>0,VLOOKUP($A17,Dates,26,)-VLOOKUP($A17,Jobs,26,)," ") | W17: =IF(VLOOKUP($A17,Dates,27,)>0,"Y"," ") -> Y | X17: =IF(VLOOKUP($A17,Dates,27,)>0,VLOOKUP($A17,Dates,27,)-VLOOKUP($A17,Jobs,27,)," ") -> -105 | Y17: =IF(VLOOKUP($A17,Dates,28,)>0,"Y"," ") -> Y | Z17: =IF(VLOOKUP($A17,Dates,28,)>0,VLOOKUP($A17,Dates,28,)-VLOOKUP($A17,Jobs,28,)," ") -> 62 | AA17: =IF(VLOOKUP($A17,Dates,29,)>0,"Y"," ") -> Y | AB17: =IF(VLOOKUP($A17,Dates,29,)>0,VLOOKUP($A17,Dates,29,)-VLOOKUP($A17,Jobs,29,)," ") -> -45 | AC17: =IF(VLOOKUP($A17,Dates,30,)>0,"Y"," ") -> Y | AD17: =IF(VLOOKUP($A17,Dates,30,)>0,VLOOKUP($A17,Dates,30,)-VLOOKUP($A17,Jobs,30,)," ") -> 69 | AE17: =IF(VLOOKUP($A17,Dates,31,)>0,"Y"," ") -> Y | AF17: =IF(VLOOKUP($A17,Dates,31,)>0,VLOOKUP($A17,Dates,31,)-VLOOKUP($A17,Jobs,31,)," ") -> -39 | AG17: =_xlfn.IFNA(VLOOKUP(A17,Dates,22,FALSE),"") -> 46100 | AH17: =_xlfn.IFNA(IF(Y17="Y","DONE",VLOOKUP(A17,'Date Calcs from Ship Date'!A:AE,27,0)),"") -> DONE | AI17: =IFERROR(AH17-TODAY(),0) -> 0 | AJ17: =_xlfn.IFNA(IF(AC17="Y","DONE",VLOOKUP(A17,'Date Calcs from Ship Date'!A:AE,29,0)),"") -> DONE | AK17: =IFERROR(AJ17-TODAY(),0) -> 0 | AL17: =_xlfn.IFNA(IF(AA17="Y","DONE",VLOOKUP(A17,'Date Calcs from Ship Date'!A:AI,28,0)),"") -> DONE | AM17: =IFERROR(AL17-TODAY(),0) -> 0 | AN17: =IF(U17="Y","DONE",VLOOKUP(A17,'Date Calcs from Ship Date'!A:AE,25,0)) -> 46079 | AO17: =IFERROR(AP17-AN17,0) -> 0 | AP17: =IF(AE17="Y","DONE",VLOOKUP(A17,'Date Calcs from Ship Date'!A:AE,30,0)) -> DONE | AQ17: =IFERROR(AP17-TODAY(),0) -> 0 | AR17: =_xlfn.IFNA(VLOOKUP(A17,'Date Calcs from Ship Date'!A:C,3,0),"") -> 46090 | AS17: =AG17-AR17 -> 10 | AU17: =IF(VLOOKUP(A17,Dates,32,)>0,VLOOKUP(A17,Dates,32,)," ") | AV17: MINERAL WOOL & .024 ALUMINUM SHEET
A18: 25-099 | B18: =VLOOKUP(A18,Jobs,2,) -> Burke Industrial | D18: =IF(VLOOKUP($A18,Jobs,8,)>0,"Y"," ") -> Y | E18: =IF(VLOOKUP($A18,Dates,8,)>0,VLOOKUP($A18,Dates,8,)-VLOOKUP($A18,Jobs,8,)," ") -> -1 | F18: =IF(VLOOKUP($A18,Dates,16,)>0,"Y"," ") -> Y | G18: =IF(VLOOKUP($A18,Dates,16,)>0,VLOOKUP($A18,Dates,16,)-VLOOKUP($A18,Jobs,16,)," ") -> -3 | H18: =_xlfn.IFNA(IF(VLOOKUP($A22,Dates,17,)>0,"Y"," "),"") -> Y | I18: =IF(VLOOKUP($A22,Dates,17,)>0,VLOOKUP($A22,Dates,17,)-VLOOKUP($A22,Jobs,17,)," ") -> 3 | K18: =IF(VLOOKUP($A18,Dates,19,)>0,"Y"," ") -> Y | L18: =IF(VLOOKUP($A18,Dates,19,)>0,VLOOKUP($A18,Dates,19,)-VLOOKUP($A18,Jobs,19,)," ") -> 5 | M18: =IF(VLOOKUP($A18,Dates,20,)>0,"Y"," ") | N18: =IF(VLOOKUP($A18,Dates,20,)>0,VLOOKUP($A18,Dates,20,)-VLOOKUP($A18,Jobs,20,)," ") | O18: =IF(VLOOKUP($A18,Dates,21,)>0,"Y"," ") -> Y | P18: =IF(VLOOKUP($A18,Dates,21,)>0,VLOOKUP($A18,Dates,21,)-VLOOKUP($A18,Jobs,21,)," ") -> 0 | Q18: =IF(VLOOKUP($A18,Dates,23,)>0,"Y"," ") -> Y | R18: =IF(VLOOKUP($A18,Dates,23,)>0,VLOOKUP($A18,Dates,23,)-VLOOKUP($A18,Jobs,23,)," ") -> -104 | S18: =IF(VLOOKUP($A18,Dates,24,)>0,"Y"," ") -> Y | T18: =IF(VLOOKUP($A18,Dates,24,)>0,VLOOKUP($A18,Dates,24,)-VLOOKUP($A18,Jobs,24,)," ") -> 1 | U18: =IF(VLOOKUP($A18,Dates,26,)>0,"Y"," ") -> Y | V18: =IF(VLOOKUP($A18,Dates,26,)>0,VLOOKUP($A18,Dates,26,)-VLOOKUP($A18,Jobs,26,)," ") -> 0 | W18: =IF(VLOOKUP($A18,Dates,27,)>0,"Y"," ") -> Y | X18: =IF(VLOOKUP($A18,Dates,27,)>0,VLOOKUP($A18,Dates,27,)-VLOOKUP($A18,Jobs,27,)," ") -> -6 | Y18: =IF(VLOOKUP($A18,Dates,28,)>0,"Y"," ") -> Y | Z18: =IF(VLOOKUP($A18,Dates,28,)>0,VLOOKUP($A18,Dates,28,)-VLOOKUP($A18,Jobs,28,)," ") -> 58 | AA18: =IF(VLOOKUP($A18,Dates,29,)>0,"Y"," ") -> Y | AB18: =IF(VLOOKUP($A18,Dates,29,)>0,VLOOKUP($A18,Dates,29,)-VLOOKUP($A18,Jobs,29,)," ") -> 63 | AC18: =IF(VLOOKUP($A18,Dates,30,)>0,"Y"," ") -> Y | AD18: =IF(VLOOKUP($A18,Dates,30,)>0,VLOOKUP($A18,Dates,30,)-VLOOKUP($A18,Jobs,30,)," ") -> 71 | AE18: =IF(VLOOKUP($A18,Dates,31,)>0,"Y"," ") -> Y | AF18: =IF(VLOOKUP($A18,Dates,31,)>0,VLOOKUP($A18,Dates,31,)-VLOOKUP($A18,Jobs,31,)," ") -> 62 | AG18: =_xlfn.IFNA(VLOOKUP(A18,Dates,22,FALSE),"") -> 46078 | AH18: =_xlfn.IFNA(IF(Y18="Y","DONE",VLOOKUP(A18,'Date Calcs from Ship Date'!A:AE,27,0)),"") -> DONE | AI18: =IFERROR(AH18-TODAY(),0) -> 0 | AJ18: =_xlfn.IFNA(IF(AC18="Y","DONE",VLOOKUP(A18,'Date Calcs from Ship Date'!A:AE,29,0)),"") -> DONE | AK18: =IFERROR(AJ18-TODAY(),0) -> 0 | AL18: =_xlfn.IFNA(IF(AA18="Y","DONE",VLOOKUP(A18,'Date Calcs from Ship Date'!A:AI,28,0)),"") -> DONE | AM18: =IFERROR(AL18-TODAY(),0) -> 0 | AN18: =IF(U18="Y","DONE",VLOOKUP(A18,'Date Calcs from Ship Date'!A:AE,25,0)) -> DONE | AO18: =IFERROR(AP18-AN18,0) -> 0 | AP18: =IF(AE18="Y","DONE",VLOOKUP(A18,'Date Calcs from Ship Date'!A:AE,30,0)) -> DONE | AQ18: =IFERROR(AP18-TODAY(),0) -> 0 | AR18: =_xlfn.IFNA(VLOOKUP(A18,'Date Calcs from Ship Date'!A:C,3,0),"") -> 46090 | AS18: =AG18-AR18 -> -12 | AU18: =IF(VLOOKUP(A18,Dates,32,)>0,VLOOKUP(A18,Dates,32,)," ")
A19: 25-101 | B19: =VLOOKUP(A19,Jobs,2,) -> Harper Love | D19: =IF(VLOOKUP($A19,Jobs,8,)>0,"Y"," ") -> Y | E19: =IF(VLOOKUP($A19,Dates,8,)>0,VLOOKUP($A19,Dates,8,)-VLOOKUP($A19,Jobs,8,)," ") -> -1 | F19: =IF(VLOOKUP($A19,Dates,16,)>0,"Y"," ") -> Y | G19: =IF(VLOOKUP($A19,Dates,16,)>0,VLOOKUP($A19,Dates,16,)-VLOOKUP($A19,Jobs,16,)," ") -> -7 | H19: =_xlfn.IFNA(IF(VLOOKUP($A23,Dates,17,)>0,"Y"," "),"") -> Y | I19: =IF(VLOOKUP($A23,Dates,17,)>0,VLOOKUP($A23,Dates,17,)-VLOOKUP($A23,Jobs,17,)," ") -> 3 | K19: =IF(VLOOKUP($A19,Dates,19,)>0,"Y"," ") -> Y | L19: =IF(VLOOKUP($A19,Dates,19,)>0,VLOOKUP($A19,Dates,19,)-VLOOKUP($A19,Jobs,19,)," ") -> 5 | M19: =IF(VLOOKUP($A19,Dates,20,)>0,"Y"," ") | N19: =IF(VLOOKUP($A19,Dates,20,)>0,VLOOKUP($A19,Dates,20,)-VLOOKUP($A19,Jobs,20,)," ") | O19: =IF(VLOOKUP($A19,Dates,21,)>0,"Y"," ") -> Y | P19: =IF(VLOOKUP($A19,Dates,21,)>0,VLOOKUP($A19,Dates,21,)-VLOOKUP($A19,Jobs,21,)," ") -> 0 | Q19: =IF(VLOOKUP($A19,Dates,23,)>0,"Y"," ") -> Y | R19: =IF(VLOOKUP($A19,Dates,23,)>0,VLOOKUP($A19,Dates,23,)-VLOOKUP($A19,Jobs,23,)," ") -> -124 | S19: =IF(VLOOKUP($A19,Dates,24,)>0,"Y"," ") -> Y | T19: =IF(VLOOKUP($A19,Dates,24,)>0,VLOOKUP($A19,Dates,24,)-VLOOKUP($A19,Jobs,24,)," ") -> -5 | U19: =IF(VLOOKUP($A19,Dates,26,)>0,"Y"," ") -> Y | V19: =IF(VLOOKUP($A19,Dates,26,)>0,VLOOKUP($A19,Dates,26,)-VLOOKUP($A19,Jobs,26,)," ") -> 50 | W19: =IF(VLOOKUP($A19,Dates,27,)>0,"Y"," ") -> Y | X19: =IF(VLOOKUP($A19,Dates,27,)>0,VLOOKUP($A19,Dates,27,)-VLOOKUP($A19,Jobs,27,)," ") -> -6 | Y19: =IF(VLOOKUP($A19,Dates,28,)>0,"Y"," ") -> Y | Z19: =IF(VLOOKUP($A19,Dates,28,)>0,VLOOKUP($A19,Dates,28,)-VLOOKUP($A19,Jobs,28,)," ") -> 28 | AA19: =IF(VLOOKUP($A19,Dates,29,)>0,"Y"," ") -> Y | AB19: =IF(VLOOKUP($A19,Dates,29,)>0,VLOOKUP($A19,Dates,29,)-VLOOKUP($A19,Jobs,29,)," ") -> 24 | AC19: =IF(VLOOKUP($A19,Dates,30,)>0,"Y"," ") -> Y | AD19: =IF(VLOOKUP($A19,Dates,30,)>0,VLOOKUP($A19,Dates,30,)-VLOOKUP($A19,Jobs,30,)," ") -> 35 | AE19: =IF(VLOOKUP($A19,Dates,31,)>0,"Y"," ") -> Y | AF19: =IF(VLOOKUP($A19,Dates,31,)>0,VLOOKUP($A19,Dates,31,)-VLOOKUP($A19,Jobs,31,)," ") -> 27 | AG19: =_xlfn.IFNA(VLOOKUP(A19,Dates,22,FALSE),"") -> 46125 | AH19: =_xlfn.IFNA(IF(Y19="Y","DONE",VLOOKUP(A19,'Date Calcs from Ship Date'!A:AE,27,0)),"") -> DONE | AI19: =IFERROR(AH19-TODAY(),0) -> 0 | AJ19: =_xlfn.IFNA(IF(AC19="Y","DONE",VLOOKUP(A19,'Date Calcs from Ship Date'!A:AE,29,0)),"") -> DONE | AK19: =IFERROR(AJ19-TODAY(),0) -> 0 | AL19: =_xlfn.IFNA(IF(AA19="Y","DONE",VLOOKUP(A19,'Date Calcs from Ship Date'!A:AI,28,0)),"") -> DONE | AM19: =IFERROR(AL19-TODAY(),0) -> 0 | AN19: =IF(U19="Y","DONE",VLOOKUP(A19,'Date Calcs from Ship Date'!A:AE,25,0)) -> DONE | AO19: =IFERROR(AP19-AN19,0) -> 0 | AP19: =IF(AE19="Y","DONE",VLOOKUP(A19,'Date Calcs from Ship Date'!A:AE,30,0)) -> DONE | AQ19: =IFERROR(AP19-TODAY(),0) -> 0 | AR19: =_xlfn.IFNA(VLOOKUP(A19,'Date Calcs from Ship Date'!A:C,3,0),"") -> 46156 | AS19: =AG19-AR19 -> -31 | AU19: =IF(VLOOKUP(A19,Dates,32,)>0,VLOOKUP(A19,Dates,32,)," ")
A20: 25-102 | B20: =VLOOKUP(A20,Jobs,2,) -> Epic Systems | D20: =IF(VLOOKUP($A20,Jobs,8,)>0,"Y"," ") -> Y | E20: =IF(VLOOKUP($A20,Dates,8,)>0,VLOOKUP($A20,Dates,8,)-VLOOKUP($A20,Jobs,8,)," ") -> 0 | F20: =IF(VLOOKUP($A20,Dates,16,)>0,"Y"," ") -> Y | G20: =IF(VLOOKUP($A20,Dates,16,)>0,VLOOKUP($A20,Dates,16,)-VLOOKUP($A20,Jobs,16,)," ") -> 4 | H20: =_xlfn.IFNA(IF(VLOOKUP($A24,Dates,17,)>0,"Y"," "),"") -> Y | I20: =IF(VLOOKUP($A24,Dates,17,)>0,VLOOKUP($A24,Dates,17,)-VLOOKUP($A24,Jobs,17,)," ") -> 3 | K20: =IF(VLOOKUP($A20,Dates,19,)>0,"Y"," ") | L20: =IF(VLOOKUP($A20,Dates,19,)>0,VLOOKUP($A20,Dates,19,)-VLOOKUP($A20,Jobs,19,)," ") | M20: =IF(VLOOKUP($A20,Dates,20,)>0,"Y"," ") | N20: =IF(VLOOKUP($A20,Dates,20,)>0,VLOOKUP($A20,Dates,20,)-VLOOKUP($A20,Jobs,20,)," ") | O20: =IF(VLOOKUP($A20,Dates,21,)>0,"Y"," ") | P20: =IF(VLOOKUP($A20,Dates,21,)>0,VLOOKUP($A20,Dates,21,)-VLOOKUP($A20,Jobs,21,)," ") | Q20: =IF(VLOOKUP($A20,Dates,23,)>0,"Y"," ") | R20: =IF(VLOOKUP($A20,Dates,23,)>0,VLOOKUP($A20,Dates,23,)-VLOOKUP($A20,Jobs,23,)," ") | S20: =IF(VLOOKUP($A20,Dates,24,)>0,"Y"," ") | T20: =IF(VLOOKUP($A20,Dates,24,)>0,VLOOKUP($A20,Dates,24,)-VLOOKUP($A20,Jobs,24,)," ") | U20: =IF(VLOOKUP($A20,Dates,26,)>0,"Y"," ") | V20: =IF(VLOOKUP($A20,Dates,26,)>0,VLOOKUP($A20,Dates,26,)-VLOOKUP($A20,Jobs,26,)," ") | W20: =IF(VLOOKUP($A20,Dates,27,)>0,"Y"," ") | X20: =IF(VLOOKUP($A20,Dates,27,)>0,VLOOKUP($A20,Dates,27,)-VLOOKUP($A20,Jobs,27,)," ") | Y20: =IF(VLOOKUP($A20,Dates,28,)>0,"Y"," ") | Z20: =IF(VLOOKUP($A20,Dates,28,)>0,VLOOKUP($A20,Dates,28,)-VLOOKUP($A20,Jobs,28,)," ") | AA20: =IF(VLOOKUP($A20,Dates,29,)>0,"Y"," ") | AB20: =IF(VLOOKUP($A20,Dates,29,)>0,VLOOKUP($A20,Dates,29,)-VLOOKUP($A20,Jobs,29,)," ") | AC20: =IF(VLOOKUP($A20,Dates,30,)>0,"Y"," ") | AD20: =IF(VLOOKUP($A20,Dates,30,)>0,VLOOKUP($A20,Dates,30,)-VLOOKUP($A20,Jobs,30,)," ") | AE20: =IF(VLOOKUP($A20,Dates,31,)>0,"Y"," ") | AF20: =IF(VLOOKUP($A20,Dates,31,)>0,VLOOKUP($A20,Dates,31,)-VLOOKUP($A20,Jobs,31,)," ") | AG20: =_xlfn.IFNA(VLOOKUP(A20,Dates,22,FALSE),"") -> 46205 | AH20: =_xlfn.IFNA(IF(Y20="Y","DONE",VLOOKUP(A20,'Date Calcs from Ship Date'!A:AE,27,0)),"") -> 46069 | AI20: =IFERROR(AH20-TODAY(),0) -> -4 | AJ20: =_xlfn.IFNA(IF(AC20="Y","DONE",VLOOKUP(A20,'Date Calcs from Ship Date'!A:AE,29,0)),"") -> 46069 | AK20: =IFERROR(AJ20-TODAY(),0) -> -4 | AL20: =_xlfn.IFNA(IF(AA20="Y","DONE",VLOOKUP(A20,'Date Calcs from Ship Date'!A:AI,28,0)),"") -> 46076 | AM20: =IFERROR(AL20-TODAY(),0) -> 3 | AN20: =IF(U20="Y","DONE",VLOOKUP(A20,'Date Calcs from Ship Date'!A:AE,25,0)) -> 46076 | AO20: =IFERROR(AP20-AN20,0) -> 7 | AP20: =IF(AE20="Y","DONE",VLOOKUP(A20,'Date Calcs from Ship Date'!A:AE,30,0)) -> 46083 | AQ20: =IFERROR(AP20-TODAY(),0) -> 10 | AR20: =_xlfn.IFNA(VLOOKUP(A20,'Date Calcs from Ship Date'!A:C,3,0),"") -> 46139 | AS20: =AG20-AR20 -> 66 | AU20: =IF(VLOOKUP(A20,Dates,32,)>0,VLOOKUP(A20,Dates,32,)," ")
A21: 25-103 | B21: =VLOOKUP(A21,Jobs,2,) -> Epic Systems | D21: =IF(VLOOKUP($A21,Jobs,8,)>0,"Y"," ") -> Y | E21: =IF(VLOOKUP($A21,Dates,8,)>0,VLOOKUP($A21,Dates,8,)-VLOOKUP($A21,Jobs,8,)," ") -> 0 | F21: =IF(VLOOKUP($A21,Dates,16,)>0,"Y"," ") -> Y | G21: =IF(VLOOKUP($A21,Dates,16,)>0,VLOOKUP($A21,Dates,16,)-VLOOKUP($A21,Jobs,16,)," ") -> 4 | H21: =_xlfn.IFNA(IF(VLOOKUP($A25,Dates,17,)>0,"Y"," "),"") -> Y | I21: =IF(VLOOKUP($A25,Dates,17,)>0,VLOOKUP($A25,Dates,17,)-VLOOKUP($A25,Jobs,17,)," ") -> -36 | K21: =IF(VLOOKUP($A21,Dates,19,)>0,"Y"," ") -> Y | L21: =IF(VLOOKUP($A21,Dates,19,)>0,VLOOKUP($A21,Dates,19,)-VLOOKUP($A21,Jobs,19,)," ") -> -2 | M21: =IF(VLOOKUP($A21,Dates,20,)>0,"Y"," ") | N21: =IF(VLOOKUP($A21,Dates,20,)>0,VLOOKUP($A21,Dates,20,)-VLOOKUP($A21,Jobs,20,)," ") | O21: =IF(VLOOKUP($A21,Dates,21,)>0,"Y"," ") -> Y | P21: =IF(VLOOKUP($A21,Dates,21,)>0,VLOOKUP($A21,Dates,21,)-VLOOKUP($A21,Jobs,21,)," ") -> -7 | Q21: =IF(VLOOKUP($A21,Dates,23,)>0,"Y"," ") | R21: =IF(VLOOKUP($A21,Dates,23,)>0,VLOOKUP($A21,Dates,23,)-VLOOKUP($A21,Jobs,23,)," ") | S21: =IF(VLOOKUP($A21,Dates,24,)>0,"Y"," ") | T21: =IF(VLOOKUP($A21,Dates,24,)>0,VLOOKUP($A21,Dates,24,)-VLOOKUP($A21,Jobs,24,)," ") | U21: =IF(VLOOKUP($A21,Dates,26,)>0,"Y"," ") | V21: =IF(VLOOKUP($A21,Dates,26,)>0,VLOOKUP($A21,Dates,26,)-VLOOKUP($A21,Jobs,26,)," ") | W21: =IF(VLOOKUP($A21,Dates,27,)>0,"Y"," ") | X21: =IF(VLOOKUP($A21,Dates,27,)>0,VLOOKUP($A21,Dates,27,)-VLOOKUP($A21,Jobs,27,)," ") | Y21: =IF(VLOOKUP($A21,Dates,28,)>0,"Y"," ") | Z21: =IF(VLOOKUP($A21,Dates,28,)>0,VLOOKUP($A21,Dates,28,)-VLOOKUP($A21,Jobs,28,)," ") | AA21: =IF(VLOOKUP($A21,Dates,29,)>0,"Y"," ") | AB21: =IF(VLOOKUP($A21,Dates,29,)>0,VLOOKUP($A21,Dates,29,)-VLOOKUP($A21,Jobs,29,)," ") | AC21: =IF(VLOOKUP($A21,Dates,30,)>0,"Y"," ") | AD21: =IF(VLOOKUP($A21,Dates,30,)>0,VLOOKUP($A21,Dates,30,)-VLOOKUP($A21,Jobs,30,)," ") | AE21: =IF(VLOOKUP($A21,Dates,31,)>0,"Y"," ") | AF21: =IF(VLOOKUP($A21,Dates,31,)>0,VLOOKUP($A21,Dates,31,)-VLOOKUP($A21,Jobs,31,)," ") | AG21: =_xlfn.IFNA(VLOOKUP(A21,Dates,22,FALSE),"") -> 46198 | AH21: =_xlfn.IFNA(IF(Y21="Y","DONE",VLOOKUP(A21,'Date Calcs from Ship Date'!A:AE,27,0)),"") -> 46069 | AI21: =IFERROR(AH21-TODAY(),0) -> -4 | AJ21: =_xlfn.IFNA(IF(AC21="Y","DONE",VLOOKUP(A21,'Date Calcs from Ship Date'!A:AE,29,0)),"") -> 46069 | AK21: =IFERROR(AJ21-TODAY(),0) -> -4 | AL21: =_xlfn.IFNA(IF(AA21="Y","DONE",VLOOKUP(A21,'Date Calcs from Ship Date'!A:AI,28,0)),"") -> 46076 | AM21: =IFERROR(AL21-TODAY(),0) -> 3 | AN21: =IF(U21="Y","DONE",VLOOKUP(A21,'Date Calcs from Ship Date'!A:AE,25,0)) -> 46076 | AO21: =IFERROR(AP21-AN21,0) -> 7 | AP21: =IF(AE21="Y","DONE",VLOOKUP(A21,'Date Calcs from Ship Date'!A:AE,30,0)) -> 46083 | AQ21: =IFERROR(AP21-TODAY(),0) -> 10 | AR21: =_xlfn.IFNA(VLOOKUP(A21,'Date Calcs from Ship Date'!A:C,3,0),"") -> 46139 | AS21: =AG21-AR21 -> 59 | AU21: =IF(VLOOKUP(A21,Dates,32,)>0,VLOOKUP(A21,Dates,32,)," ")
A22: 25-104 | B22: =VLOOKUP(A22,Jobs,2,) -> Epic Systems | D22: =IF(VLOOKUP($A22,Jobs,8,)>0,"Y"," ") -> Y | E22: =IF(VLOOKUP($A22,Dates,8,)>0,VLOOKUP($A22,Dates,8,)-VLOOKUP($A22,Jobs,8,)," ") -> 0 | F22: =IF(VLOOKUP($A22,Dates,16,)>0,"Y"," ") -> Y | G22: =IF(VLOOKUP($A22,Dates,16,)>0,VLOOKUP($A22,Dates,16,)-VLOOKUP($A22,Jobs,16,)," ") -> 4 | H22: =_xlfn.IFNA(IF(VLOOKUP($A26,Dates,17,)>0,"Y"," "),"") -> Y | I22: =IF(VLOOKUP($A26,Dates,17,)>0,VLOOKUP($A26,Dates,17,)-VLOOKUP($A26,Jobs,17,)," ") -> 59 | K22: =IF(VLOOKUP($A22,Dates,19,)>0,"Y"," ") -> Y | L22: =IF(VLOOKUP($A22,Dates,19,)>0,VLOOKUP($A22,Dates,19,)-VLOOKUP($A22,Jobs,19,)," ") -> -2 | M22: =IF(VLOOKUP($A22,Dates,20,)>0,"Y"," ") | N22: =IF(VLOOKUP($A22,Dates,20,)>0,VLOOKUP($A22,Dates,20,)-VLOOKUP($A22,Jobs,20,)," ") | O22: =IF(VLOOKUP($A22,Dates,21,)>0,"Y"," ") -> Y | P22: =IF(VLOOKUP($A22,Dates,21,)>0,VLOOKUP($A22,Dates,21,)-VLOOKUP($A22,Jobs,21,)," ") -> -7 | Q22: =IF(VLOOKUP($A22,Dates,23,)>0,"Y"," ") | R22: =IF(VLOOKUP($A22,Dates,23,)>0,VLOOKUP($A22,Dates,23,)-VLOOKUP($A22,Jobs,23,)," ") | S22: =IF(VLOOKUP($A22,Dates,24,)>0,"Y"," ") | T22: =IF(VLOOKUP($A22,Dates,24,)>0,VLOOKUP($A22,Dates,24,)-VLOOKUP($A22,Jobs,24,)," ") | U22: =IF(VLOOKUP($A22,Dates,26,)>0,"Y"," ") | V22: =IF(VLOOKUP($A22,Dates,26,)>0,VLOOKUP($A22,Dates,26,)-VLOOKUP($A22,Jobs,26,)," ") | W22: =IF(VLOOKUP($A22,Dates,27,)>0,"Y"," ") | X22: =IF(VLOOKUP($A22,Dates,27,)>0,VLOOKUP($A22,Dates,27,)-VLOOKUP($A22,Jobs,27,)," ") | Y22: =IF(VLOOKUP($A22,Dates,28,)>0,"Y"," ") | Z22: =IF(VLOOKUP($A22,Dates,28,)>0,VLOOKUP($A22,Dates,28,)-VLOOKUP($A22,Jobs,28,)," ") | AA22: =IF(VLOOKUP($A22,Dates,29,)>0,"Y"," ") | AB22: =IF(VLOOKUP($A22,Dates,29,)>0,VLOOKUP($A22,Dates,29,)-VLOOKUP($A22,Jobs,29,)," ") | AC22: =IF(VLOOKUP($A22,Dates,30,)>0,"Y"," ") | AD22: =IF(VLOOKUP($A22,Dates,30,)>0,VLOOKUP($A22,Dates,30,)-VLOOKUP($A22,Jobs,30,)," ") | AE22: =IF(VLOOKUP($A22,Dates,31,)>0,"Y"," ") | AF22: =IF(VLOOKUP($A22,Dates,31,)>0,VLOOKUP($A22,Dates,31,)-VLOOKUP($A22,Jobs,31,)," ") | AG22: =_xlfn.IFNA(VLOOKUP(A22,Dates,22,FALSE),"") -> 46198 | AH22: =_xlfn.IFNA(IF(Y22="Y","DONE",VLOOKUP(A22,'Date Calcs from Ship Date'!A:AE,27,0)),"") -> 46069 | AI22: =IFERROR(AH22-TODAY(),0) -> -4 | AJ22: =_xlfn.IFNA(IF(AC22="Y","DONE",VLOOKUP(A22,'Date Calcs from Ship Date'!A:AE,29,0)),"") -> 46069 | AK22: =IFERROR(AJ22-TODAY(),0) -> -4 | AL22: =_xlfn.IFNA(IF(AA22="Y","DONE",VLOOKUP(A22,'Date Calcs from Ship Date'!A:AI,28,0)),"") -> 46076 | AM22: =IFERROR(AL22-TODAY(),0) -> 3 | AN22: =IF(U22="Y","DONE",VLOOKUP(A22,'Date Calcs from Ship Date'!A:AE,25,0)) -> 46076 | AO22: =IFERROR(AP22-AN22,0) -> 7 | AP22: =IF(AE22="Y","DONE",VLOOKUP(A22,'Date Calcs from Ship Date'!A:AE,30,0)) -> 46083 | AQ22: =IFERROR(AP22-TODAY(),0) -> 10 | AR22: =_xlfn.IFNA(VLOOKUP(A22,'Date Calcs from Ship Date'!A:C,3,0),"") -> 46139 | AS22: =AG22-AR22 -> 59 | AU22: =IF(VLOOKUP(A22,Dates,32,)>0,VLOOKUP(A22,Dates,32,)," ")
A23: 25-105 | B23: =VLOOKUP(A23,Jobs,2,) -> Epic Systems | D23: =IF(VLOOKUP($A23,Jobs,8,)>0,"Y"," ") -> Y | E23: =IF(VLOOKUP($A23,Dates,8,)>0,VLOOKUP($A23,Dates,8,)-VLOOKUP($A23,Jobs,8,)," ") -> 0 | F23: =IF(VLOOKUP($A23,Dates,16,)>0,"Y"," ") -> Y | G23: =IF(VLOOKUP($A23,Dates,16,)>0,VLOOKUP($A23,Dates,16,)-VLOOKUP($A23,Jobs,16,)," ") -> 4 | H23: =_xlfn.IFNA(IF(VLOOKUP($A27,Dates,17,)>0,"Y"," "),"") -> Y | I23: =IF(VLOOKUP($A27,Dates,17,)>0,VLOOKUP($A27,Dates,17,)-VLOOKUP($A27,Jobs,17,)," ") -> -7 | K23: =IF(VLOOKUP($A23,Dates,19,)>0,"Y"," ") -> Y | L23: =IF(VLOOKUP($A23,Dates,19,)>0,VLOOKUP($A23,Dates,19,)-VLOOKUP($A23,Jobs,19,)," ") -> -2 | M23: =IF(VLOOKUP($A23,Dates,20,)>0,"Y"," ") | N23: =IF(VLOOKUP($A23,Dates,20,)>0,VLOOKUP($A23,Dates,20,)-VLOOKUP($A23,Jobs,20,)," ") | O23: =IF(VLOOKUP($A23,Dates,21,)>0,"Y"," ") -> Y | P23: =IF(VLOOKUP($A23,Dates,21,)>0,VLOOKUP($A23,Dates,21,)-VLOOKUP($A23,Jobs,21,)," ") -> -7 | Q23: =IF(VLOOKUP($A23,Dates,23,)>0,"Y"," ") | R23: =IF(VLOOKUP($A23,Dates,23,)>0,VLOOKUP($A23,Dates,23,)-VLOOKUP($A23,Jobs,23,)," ") | S23: =IF(VLOOKUP($A23,Dates,24,)>0,"Y"," ") | T23: =IF(VLOOKUP($A23,Dates,24,)>0,VLOOKUP($A23,Dates,24,)-VLOOKUP($A23,Jobs,24,)," ") | U23: =IF(VLOOKUP($A23,Dates,26,)>0,"Y"," ") | V23: =IF(VLOOKUP($A23,Dates,26,)>0,VLOOKUP($A23,Dates,26,)-VLOOKUP($A23,Jobs,26,)," ") | W23: =IF(VLOOKUP($A23,Dates,27,)>0,"Y"," ") | X23: =IF(VLOOKUP($A23,Dates,27,)>0,VLOOKUP($A23,Dates,27,)-VLOOKUP($A23,Jobs,27,)," ") | Y23: =IF(VLOOKUP($A23,Dates,28,)>0,"Y"," ") | Z23: =IF(VLOOKUP($A23,Dates,28,)>0,VLOOKUP($A23,Dates,28,)-VLOOKUP($A23,Jobs,28,)," ") | AA23: =IF(VLOOKUP($A23,Dates,29,)>0,"Y"," ") | AB23: =IF(VLOOKUP($A23,Dates,29,)>0,VLOOKUP($A23,Dates,29,)-VLOOKUP($A23,Jobs,29,)," ") | AC23: =IF(VLOOKUP($A23,Dates,30,)>0,"Y"," ") | AD23: =IF(VLOOKUP($A23,Dates,30,)>0,VLOOKUP($A23,Dates,30,)-VLOOKUP($A23,Jobs,30,)," ") | AE23: =IF(VLOOKUP($A23,Dates,31,)>0,"Y"," ") | AF23: =IF(VLOOKUP($A23,Dates,31,)>0,VLOOKUP($A23,Dates,31,)-VLOOKUP($A23,Jobs,31,)," ") | AG23: =_xlfn.IFNA(VLOOKUP(A23,Dates,22,FALSE),"") -> 46198 | AH23: =_xlfn.IFNA(IF(Y23="Y","DONE",VLOOKUP(A23,'Date Calcs from Ship Date'!A:AE,27,0)),"") -> 46104 | AI23: =IFERROR(AH23-TODAY(),0) -> 31 | AJ23: =_xlfn.IFNA(IF(AC23="Y","DONE",VLOOKUP(A23,'Date Calcs from Ship Date'!A:AE,29,0)),"") -> 46104 | AK23: =IFERROR(AJ23-TODAY(),0) -> 31 | AL23: =_xlfn.IFNA(IF(AA23="Y","DONE",VLOOKUP(A23,'Date Calcs from Ship Date'!A:AI,28,0)),"") -> 46111 | AM23: =IFERROR(AL23-TODAY(),0) -> 38 | AN23: =IF(U23="Y","DONE",VLOOKUP(A23,'Date Calcs from Ship Date'!A:AE,25,0)) -> 46111 | AO23: =IFERROR(AP23-AN23,0) -> 7 | AP23: =IF(AE23="Y","DONE",VLOOKUP(A23,'Date Calcs from Ship Date'!A:AE,30,0)) -> 46118 | AQ23: =IFERROR(AP23-TODAY(),0) -> 45 | AR23: =_xlfn.IFNA(VLOOKUP(A23,'Date Calcs from Ship Date'!A:C,3,0),"") -> 46174 | AS23: =AG23-AR23 -> 24 | AU23: =IF(VLOOKUP(A23,Dates,32,)>0,VLOOKUP(A23,Dates,32,)," ")
A24: 25-106 | B24: =VLOOKUP(A24,Jobs,2,) -> Epic Systems | D24: =IF(VLOOKUP($A24,Jobs,8,)>0,"Y"," ") -> Y | E24: =IF(VLOOKUP($A24,Dates,8,)>0,VLOOKUP($A24,Dates,8,)-VLOOKUP($A24,Jobs,8,)," ") -> 0 | F24: =IF(VLOOKUP($A24,Dates,16,)>0,"Y"," ") -> Y | G24: =IF(VLOOKUP($A24,Dates,16,)>0,VLOOKUP($A24,Dates,16,)-VLOOKUP($A24,Jobs,16,)," ") -> 4 | H24: =_xlfn.IFNA(IF(VLOOKUP($A28,Dates,17,)>0,"Y"," "),"") -> Y | I24: =IF(VLOOKUP($A28,Dates,17,)>0,VLOOKUP($A28,Dates,17,)-VLOOKUP($A28,Jobs,17,)," ") -> -7 | K24: =IF(VLOOKUP($A24,Dates,19,)>0,"Y"," ") | L24: =IF(VLOOKUP($A24,Dates,19,)>0,VLOOKUP($A24,Dates,19,)-VLOOKUP($A24,Jobs,19,)," ") | M24: =IF(VLOOKUP($A24,Dates,20,)>0,"Y"," ") | N24: =IF(VLOOKUP($A24,Dates,20,)>0,VLOOKUP($A24,Dates,20,)-VLOOKUP($A24,Jobs,20,)," ") | O24: =IF(VLOOKUP($A24,Dates,21,)>0,"Y"," ") | P24: =IF(VLOOKUP($A24,Dates,21,)>0,VLOOKUP($A24,Dates,21,)-VLOOKUP($A24,Jobs,21,)," ") | Q24: =IF(VLOOKUP($A24,Dates,23,)>0,"Y"," ") | R24: =IF(VLOOKUP($A24,Dates,23,)>0,VLOOKUP($A24,Dates,23,)-VLOOKUP($A24,Jobs,23,)," ") | S24: =IF(VLOOKUP($A24,Dates,24,)>0,"Y"," ") | T24: =IF(VLOOKUP($A24,Dates,24,)>0,VLOOKUP($A24,Dates,24,)-VLOOKUP($A24,Jobs,24,)," ") | U24: =IF(VLOOKUP($A24,Dates,26,)>0,"Y"," ") | V24: =IF(VLOOKUP($A24,Dates,26,)>0,VLOOKUP($A24,Dates,26,)-VLOOKUP($A24,Jobs,26,)," ") | W24: =IF(VLOOKUP($A24,Dates,27,)>0,"Y"," ") | X24: =IF(VLOOKUP($A24,Dates,27,)>0,VLOOKUP($A24,Dates,27,)-VLOOKUP($A24,Jobs,27,)," ") | Y24: =IF(VLOOKUP($A24,Dates,28,)>0,"Y"," ") | Z24: =IF(VLOOKUP($A24,Dates,28,)>0,VLOOKUP($A24,Dates,28,)-VLOOKUP($A24,Jobs,28,)," ") | AA24: =IF(VLOOKUP($A24,Dates,29,)>0,"Y"," ") | AB24: =IF(VLOOKUP($A24,Dates,29,)>0,VLOOKUP($A24,Dates,29,)-VLOOKUP($A24,Jobs,29,)," ") | AC24: =IF(VLOOKUP($A24,Dates,30,)>0,"Y"," ") | AD24: =IF(VLOOKUP($A24,Dates,30,)>0,VLOOKUP($A24,Dates,30,)-VLOOKUP($A24,Jobs,30,)," ") | AE24: =IF(VLOOKUP($A24,Dates,31,)>0,"Y"," ") | AF24: =IF(VLOOKUP($A24,Dates,31,)>0,VLOOKUP($A24,Dates,31,)-VLOOKUP($A24,Jobs,31,)," ") | AG24: =_xlfn.IFNA(VLOOKUP(A24,Dates,22,FALSE),"") -> 46205 | AH24: =_xlfn.IFNA(IF(Y24="Y","DONE",VLOOKUP(A24,'Date Calcs from Ship Date'!A:AE,27,0)),"") -> 46105 | AI24: =IFERROR(AH24-TODAY(),0) -> 32 | AJ24: =_xlfn.IFNA(IF(AC24="Y","DONE",VLOOKUP(A24,'Date Calcs from Ship Date'!A:AE,29,0)),"") -> 46105 | AK24: =IFERROR(AJ24-TODAY(),0) -> 32 | AL24: =_xlfn.IFNA(IF(AA24="Y","DONE",VLOOKUP(A24,'Date Calcs from Ship Date'!A:AI,28,0)),"") -> 46112 | AM24: =IFERROR(AL24-TODAY(),0) -> 39 | AN24: =IF(U24="Y","DONE",VLOOKUP(A24,'Date Calcs from Ship Date'!A:AE,25,0)) -> 46112 | AO24: =IFERROR(AP24-AN24,0) -> 7 | AP24: =IF(AE24="Y","DONE",VLOOKUP(A24,'Date Calcs from Ship Date'!A:AE,30,0)) -> 46119 | AQ24: =IFERROR(AP24-TODAY(),0) -> 46 | AR24: =_xlfn.IFNA(VLOOKUP(A24,'Date Calcs from Ship Date'!A:C,3,0),"") -> 46175 | AS24: =AG24-AR24 -> 30 | AU24: =IF(VLOOKUP(A24,Dates,32,)>0,VLOOKUP(A24,Dates,32,)," ")
A25: 25-107 | B25: =VLOOKUP(A25,Jobs,2,) -> Epic Systems | D25: =IF(VLOOKUP($A25,Jobs,8,)>0,"Y"," ") -> Y | E25: =IF(VLOOKUP($A25,Dates,8,)>0,VLOOKUP($A25,Dates,8,)-VLOOKUP($A25,Jobs,8,)," ") -> -96 | F25: =IF(VLOOKUP($A25,Dates,16,)>0,"Y"," ") -> Y | G25: =IF(VLOOKUP($A25,Dates,16,)>0,VLOOKUP($A25,Dates,16,)-VLOOKUP($A25,Jobs,16,)," ") -> -4 | H25: =_xlfn.IFNA(IF(VLOOKUP($A29,Dates,17,)>0,"Y"," "),"") -> Y | I25: =IF(VLOOKUP($A29,Dates,17,)>0,VLOOKUP($A29,Dates,17,)-VLOOKUP($A29,Jobs,17,)," ") -> -3 | K25: =IF(VLOOKUP($A25,Dates,19,)>0,"Y"," ") | L25: =IF(VLOOKUP($A25,Dates,19,)>0,VLOOKUP($A25,Dates,19,)-VLOOKUP($A25,Jobs,19,)," ") | M25: =IF(VLOOKUP($A25,Dates,20,)>0,"Y"," ") | N25: =IF(VLOOKUP($A25,Dates,20,)>0,VLOOKUP($A25,Dates,20,)-VLOOKUP($A25,Jobs,20,)," ") | O25: =IF(VLOOKUP($A25,Dates,21,)>0,"Y"," ") | P25: =IF(VLOOKUP($A25,Dates,21,)>0,VLOOKUP($A25,Dates,21,)-VLOOKUP($A25,Jobs,21,)," ") | Q25: =IF(VLOOKUP($A25,Dates,23,)>0,"Y"," ") | R25: =IF(VLOOKUP($A25,Dates,23,)>0,VLOOKUP($A25,Dates,23,)-VLOOKUP($A25,Jobs,23,)," ") | S25: =IF(VLOOKUP($A25,Dates,24,)>0,"Y"," ") | T25: =IF(VLOOKUP($A25,Dates,24,)>0,VLOOKUP($A25,Dates,24,)-VLOOKUP($A25,Jobs,24,)," ") | U25: =IF(VLOOKUP($A25,Dates,26,)>0,"Y"," ") | V25: =IF(VLOOKUP($A25,Dates,26,)>0,VLOOKUP($A25,Dates,26,)-VLOOKUP($A25,Jobs,26,)," ") | W25: =IF(VLOOKUP($A25,Dates,27,)>0,"Y"," ") | X25: =IF(VLOOKUP($A25,Dates,27,)>0,VLOOKUP($A25,Dates,27,)-VLOOKUP($A25,Jobs,27,)," ") | Y25: =IF(VLOOKUP($A25,Dates,28,)>0,"Y"," ") | Z25: =IF(VLOOKUP($A25,Dates,28,)>0,VLOOKUP($A25,Dates,28,)-VLOOKUP($A25,Jobs,28,)," ") | AA25: =IF(VLOOKUP($A25,Dates,29,)>0,"Y"," ") | AB25: =IF(VLOOKUP($A25,Dates,29,)>0,VLOOKUP($A25,Dates,29,)-VLOOKUP($A25,Jobs,29,)," ") | AC25: =IF(VLOOKUP($A25,Dates,30,)>0,"Y"," ") | AD25: =IF(VLOOKUP($A25,Dates,30,)>0,VLOOKUP($A25,Dates,30,)-VLOOKUP($A25,Jobs,30,)," ") | AE25: =IF(VLOOKUP($A25,Dates,31,)>0,"Y"," ") | AF25: =IF(VLOOKUP($A25,Dates,31,)>0,VLOOKUP($A25,Dates,31,)-VLOOKUP($A25,Jobs,31,)," ") | AG25: =_xlfn.IFNA(VLOOKUP(A25,Dates,22,FALSE),"") -> 46188 | AH25: =_xlfn.IFNA(IF(Y25="Y","DONE",VLOOKUP(A25,'Date Calcs from Ship Date'!A:AE,27,0)),"") -> 46125 | AI25: =IFERROR(AH25-TODAY(),0) -> 52 | AJ25: =_xlfn.IFNA(IF(AC25="Y","DONE",VLOOKUP(A25,'Date Calcs from Ship Date'!A:AE,29,0)),"") -> 46125 | AK25: =IFERROR(AJ25-TODAY(),0) -> 52 | AL25: =_xlfn.IFNA(IF(AA25="Y","DONE",VLOOKUP(A25,'Date Calcs from Ship Date'!A:AI,28,0)),"") -> 46132 | AM25: =IFERROR(AL25-TODAY(),0) -> 59 | AN25: =IF(U25="Y","DONE",VLOOKUP(A25,'Date Calcs from Ship Date'!A:AE,25,0)) -> 46132 | AO25: =IFERROR(AP25-AN25,0) -> 7 | AP25: =IF(AE25="Y","DONE",VLOOKUP(A25,'Date Calcs from Ship Date'!A:AE,30,0)) -> 46139 | AQ25: =IFERROR(AP25-TODAY(),0) -> 66 | AR25: =_xlfn.IFNA(VLOOKUP(A25,'Date Calcs from Ship Date'!A:C,3,0),"") -> 46195 | AS25: =AG25-AR25 -> -7 | AU25: =IF(VLOOKUP(A25,Dates,32,)>0,VLOOKUP(A25,Dates,32,)," ")
A26: 25-108 | B26: =VLOOKUP(A26,Jobs,2,) -> Epic Systems | D26: =IF(VLOOKUP($A26,Jobs,8,)>0,"Y"," ") -> Y | E26: =IF(VLOOKUP($A26,Dates,8,)>0,VLOOKUP($A26,Dates,8,)-VLOOKUP($A26,Jobs,8,)," ") -> -1 | F26: =IF(VLOOKUP($A26,Dates,16,)>0,"Y"," ") -> Y | G26: =IF(VLOOKUP($A26,Dates,16,)>0,VLOOKUP($A26,Dates,16,)-VLOOKUP($A26,Jobs,16,)," ") -> 91 | H26: =_xlfn.IFNA(IF(VLOOKUP($A30,Dates,17,)>0,"Y"," "),"") -> Y | I26: =IF(VLOOKUP($A30,Dates,17,)>0,VLOOKUP($A30,Dates,17,)-VLOOKUP($A30,Jobs,17,)," ") -> -3 | K26: =IF(VLOOKUP($A26,Dates,19,)>0,"Y"," ") | L26: =IF(VLOOKUP($A26,Dates,19,)>0,VLOOKUP($A26,Dates,19,)-VLOOKUP($A26,Jobs,19,)," ") | M26: =IF(VLOOKUP($A26,Dates,20,)>0,"Y"," ") | N26: =IF(VLOOKUP($A26,Dates,20,)>0,VLOOKUP($A26,Dates,20,)-VLOOKUP($A26,Jobs,20,)," ") | O26: =IF(VLOOKUP($A26,Dates,21,)>0,"Y"," ") | P26: =IF(VLOOKUP($A26,Dates,21,)>0,VLOOKUP($A26,Dates,21,)-VLOOKUP($A26,Jobs,21,)," ") | Q26: =IF(VLOOKUP($A26,Dates,23,)>0,"Y"," ") | R26: =IF(VLOOKUP($A26,Dates,23,)>0,VLOOKUP($A26,Dates,23,)-VLOOKUP($A26,Jobs,23,)," ") | S26: =IF(VLOOKUP($A26,Dates,24,)>0,"Y"," ") | T26: =IF(VLOOKUP($A26,Dates,24,)>0,VLOOKUP($A26,Dates,24,)-VLOOKUP($A26,Jobs,24,)," ") | U26: =IF(VLOOKUP($A26,Dates,26,)>0,"Y"," ") | V26: =IF(VLOOKUP($A26,Dates,26,)>0,VLOOKUP($A26,Dates,26,)-VLOOKUP($A26,Jobs,26,)," ") | W26: =IF(VLOOKUP($A26,Dates,27,)>0,"Y"," ") | X26: =IF(VLOOKUP($A26,Dates,27,)>0,VLOOKUP($A26,Dates,27,)-VLOOKUP($A26,Jobs,27,)," ") | Y26: =IF(VLOOKUP($A26,Dates,28,)>0,"Y"," ") | Z26: =IF(VLOOKUP($A26,Dates,28,)>0,VLOOKUP($A26,Dates,28,)-VLOOKUP($A26,Jobs,28,)," ") | AA26: =IF(VLOOKUP($A26,Dates,29,)>0,"Y"," ") | AB26: =IF(VLOOKUP($A26,Dates,29,)>0,VLOOKUP($A26,Dates,29,)-VLOOKUP($A26,Jobs,29,)," ") | AC26: =IF(VLOOKUP($A26,Dates,30,)>0,"Y"," ") | AD26: =IF(VLOOKUP($A26,Dates,30,)>0,VLOOKUP($A26,Dates,30,)-VLOOKUP($A26,Jobs,30,)," ") | AE26: =IF(VLOOKUP($A26,Dates,31,)>0,"Y"," ") | AF26: =IF(VLOOKUP($A26,Dates,31,)>0,VLOOKUP($A26,Dates,31,)-VLOOKUP($A26,Jobs,31,)," ") | AG26: =_xlfn.IFNA(VLOOKUP(A26,Dates,22,FALSE),"") -> 46188 | AH26: =_xlfn.IFNA(IF(Y26="Y","DONE",VLOOKUP(A26,'Date Calcs from Ship Date'!A:AE,27,0)),"") -> 46125 | AI26: =IFERROR(AH26-TODAY(),0) -> 52 | AJ26: =_xlfn.IFNA(IF(AC26="Y","DONE",VLOOKUP(A26,'Date Calcs from Ship Date'!A:AE,29,0)),"") -> 46125 | AK26: =IFERROR(AJ26-TODAY(),0) -> 52 | AL26: =_xlfn.IFNA(IF(AA26="Y","DONE",VLOOKUP(A26,'Date Calcs from Ship Date'!A:AI,28,0)),"") -> 46132 | AM26: =IFERROR(AL26-TODAY(),0) -> 59 | AN26: =IF(U26="Y","DONE",VLOOKUP(A26,'Date Calcs from Ship Date'!A:AE,25,0)) -> 46132 | AO26: =IFERROR(AP26-AN26,0) -> 7 | AP26: =IF(AE26="Y","DONE",VLOOKUP(A26,'Date Calcs from Ship Date'!A:AE,30,0)) -> 46139 | AQ26: =IFERROR(AP26-TODAY(),0) -> 66 | AR26: =_xlfn.IFNA(VLOOKUP(A26,'Date Calcs from Ship Date'!A:C,3,0),"") -> 46195 | AS26: =AG26-AR26 -> -7 | AU26: =IF(VLOOKUP(A26,Dates,32,)>0,VLOOKUP(A26,Dates,32,)," ")
A27: 25-109 | B27: =VLOOKUP(A27,Jobs,2,) -> Epic Systems | D27: =IF(VLOOKUP($A27,Jobs,8,)>0,"Y"," ") -> Y | E27: =IF(VLOOKUP($A27,Dates,8,)>0,VLOOKUP($A27,Dates,8,)-VLOOKUP($A27,Jobs,8,)," ") -> -1 | F27: =IF(VLOOKUP($A27,Dates,16,)>0,"Y"," ") -> Y | G27: =IF(VLOOKUP($A27,Dates,16,)>0,VLOOKUP($A27,Dates,16,)-VLOOKUP($A27,Jobs,16,)," ") -> -2 | H27: =_xlfn.IFNA(IF(VLOOKUP($A31,Dates,17,)>0,"Y"," "),"") -> Y | I27: =IF(VLOOKUP($A31,Dates,17,)>0,VLOOKUP($A31,Dates,17,)-VLOOKUP($A31,Jobs,17,)," ") -> -18 | K27: =IF(VLOOKUP($A27,Dates,19,)>0,"Y"," ") -> Y | L27: =IF(VLOOKUP($A27,Dates,19,)>0,VLOOKUP($A27,Dates,19,)-VLOOKUP($A27,Jobs,19,)," ") -> -2 | M27: =IF(VLOOKUP($A27,Dates,20,)>0,"Y"," ") | N27: =IF(VLOOKUP($A27,Dates,20,)>0,VLOOKUP($A27,Dates,20,)-VLOOKUP($A27,Jobs,20,)," ") | O27: =IF(VLOOKUP($A27,Dates,21,)>0,"Y"," ") -> Y | P27: =IF(VLOOKUP($A27,Dates,21,)>0,VLOOKUP($A27,Dates,21,)-VLOOKUP($A27,Jobs,21,)," ") -> -7 | Q27: =IF(VLOOKUP($A27,Dates,23,)>0,"Y"," ") -> Y | R27: =IF(VLOOKUP($A27,Dates,23,)>0,VLOOKUP($A27,Dates,23,)-VLOOKUP($A27,Jobs,23,)," ") -> -163 | S27: =IF(VLOOKUP($A27,Dates,24,)>0,"Y"," ") -> Y | T27: =IF(VLOOKUP($A27,Dates,24,)>0,VLOOKUP($A27,Dates,24,)-VLOOKUP($A27,Jobs,24,)," ") -> -44 | U27: =IF(VLOOKUP($A27,Dates,26,)>0,"Y"," ") -> Y | V27: =IF(VLOOKUP($A27,Dates,26,)>0,VLOOKUP($A27,Dates,26,)-VLOOKUP($A27,Jobs,26,)," ") -> -24 | W27: =IF(VLOOKUP($A27,Dates,27,)>0,"Y"," ") -> Y | X27: =IF(VLOOKUP($A27,Dates,27,)>0,VLOOKUP($A27,Dates,27,)-VLOOKUP($A27,Jobs,27,)," ") -> -50 | Y27: =IF(VLOOKUP($A27,Dates,28,)>0,"Y"," ") | Z27: =IF(VLOOKUP($A27,Dates,28,)>0,VLOOKUP($A27,Dates,28,)-VLOOKUP($A27,Jobs,28,)," ") | AA27: =IF(VLOOKUP($A27,Dates,29,)>0,"Y"," ") | AB27: =IF(VLOOKUP($A27,Dates,29,)>0,VLOOKUP($A27,Dates,29,)-VLOOKUP($A27,Jobs,29,)," ") | AC27: =IF(VLOOKUP($A27,Dates,30,)>0,"Y"," ") | AD27: =IF(VLOOKUP($A27,Dates,30,)>0,VLOOKUP($A27,Dates,30,)-VLOOKUP($A27,Jobs,30,)," ") | AE27: =IF(VLOOKUP($A27,Dates,31,)>0,"Y"," ") | AF27: =IF(VLOOKUP($A27,Dates,31,)>0,VLOOKUP($A27,Dates,31,)-VLOOKUP($A27,Jobs,31,)," ") | AG27: =_xlfn.IFNA(VLOOKUP(A27,Dates,22,FALSE),"") -> 46198 | AH27: =_xlfn.IFNA(IF(Y27="Y","DONE",VLOOKUP(A27,'Date Calcs from Ship Date'!A:AE,27,0)),"") -> 46069 | AI27: =IFERROR(AH27-TODAY(),0) -> -4 | AJ27: =_xlfn.IFNA(IF(AC27="Y","DONE",VLOOKUP(A27,'Date Calcs from Ship Date'!A:AE,29,0)),"") -> 46069 | AK27: =IFERROR(AJ27-TODAY(),0) -> -4 | AL27: =_xlfn.IFNA(IF(AA27="Y","DONE",VLOOKUP(A27,'Date Calcs from Ship Date'!A:AI,28,0)),"") -> 46076 | AM27: =IFERROR(AL27-TODAY(),0) -> 3 | AN27: =IF(U27="Y","DONE",VLOOKUP(A27,'Date Calcs from Ship Date'!A:AE,25,0)) -> DONE | AO27: =IFERROR(AP27-AN27,0) -> 0 | AP27: =IF(AE27="Y","DONE",VLOOKUP(A27,'Date Calcs from Ship Date'!A:AE,30,0)) -> 46083 | AQ27: =IFERROR(AP27-TODAY(),0) -> 10 | AR27: =_xlfn.IFNA(VLOOKUP(A27,'Date Calcs from Ship Date'!A:C,3,0),"") -> 46139 | AS27: =AG27-AR27 -> 59 | AU27: =IF(VLOOKUP(A27,Dates,32,)>0,VLOOKUP(A27,Dates,32,)," ")
A28: 25-110 | B28: =VLOOKUP(A28,Jobs,2,) -> Epic Systems | D28: =IF(VLOOKUP($A28,Jobs,8,)>0,"Y"," ") -> Y | E28: =IF(VLOOKUP($A28,Dates,8,)>0,VLOOKUP($A28,Dates,8,)-VLOOKUP($A28,Jobs,8,)," ") -> -1 | F28: =IF(VLOOKUP($A28,Dates,16,)>0,"Y"," ") -> Y | G28: =IF(VLOOKUP($A28,Dates,16,)>0,VLOOKUP($A28,Dates,16,)-VLOOKUP($A28,Jobs,16,)," ") -> -6 | H28: =_xlfn.IFNA(IF(VLOOKUP($A32,Dates,17,)>0,"Y"," "),"") -> Y | I28: =IF(VLOOKUP($A32,Dates,17,)>0,VLOOKUP($A32,Dates,17,)-VLOOKUP($A32,Jobs,17,)," ") -> -3 | K28: =IF(VLOOKUP($A28,Dates,19,)>0,"Y"," ") | L28: =IF(VLOOKUP($A28,Dates,19,)>0,VLOOKUP($A28,Dates,19,)-VLOOKUP($A28,Jobs,19,)," ") | M28: =IF(VLOOKUP($A28,Dates,20,)>0,"Y"," ") | N28: =IF(VLOOKUP($A28,Dates,20,)>0,VLOOKUP($A28,Dates,20,)-VLOOKUP($A28,Jobs,20,)," ") | O28: =IF(VLOOKUP($A28,Dates,21,)>0,"Y"," ") | P28: =IF(VLOOKUP($A28,Dates,21,)>0,VLOOKUP($A28,Dates,21,)-VLOOKUP($A28,Jobs,21,)," ") | Q28: =IF(VLOOKUP($A28,Dates,23,)>0,"Y"," ") -> Y | R28: =IF(VLOOKUP($A28,Dates,23,)>0,VLOOKUP($A28,Dates,23,)-VLOOKUP($A28,Jobs,23,)," ") -> -135 | S28: =IF(VLOOKUP($A28,Dates,24,)>0,"Y"," ") -> Y | T28: =IF(VLOOKUP($A28,Dates,24,)>0,VLOOKUP($A28,Dates,24,)-VLOOKUP($A28,Jobs,24,)," ") -> -16 | U28: =IF(VLOOKUP($A28,Dates,26,)>0,"Y"," ") -> Y | V28: =IF(VLOOKUP($A28,Dates,26,)>0,VLOOKUP($A28,Dates,26,)-VLOOKUP($A28,Jobs,26,)," ") -> 3 | W28: =IF(VLOOKUP($A28,Dates,27,)>0,"Y"," ") -> Y | X28: =IF(VLOOKUP($A28,Dates,27,)>0,VLOOKUP($A28,Dates,27,)-VLOOKUP($A28,Jobs,27,)," ") -> -11 | Y28: =IF(VLOOKUP($A28,Dates,28,)>0,"Y"," ") | Z28: =IF(VLOOKUP($A28,Dates,28,)>0,VLOOKUP($A28,Dates,28,)-VLOOKUP($A28,Jobs,28,)," ") | AA28: =IF(VLOOKUP($A28,Dates,29,)>0,"Y"," ") | AB28: =IF(VLOOKUP($A28,Dates,29,)>0,VLOOKUP($A28,Dates,29,)-VLOOKUP($A28,Jobs,29,)," ") | AC28: =IF(VLOOKUP($A28,Dates,30,)>0,"Y"," ") | AD28: =IF(VLOOKUP($A28,Dates,30,)>0,VLOOKUP($A28,Dates,30,)-VLOOKUP($A28,Jobs,30,)," ") | AE28: =IF(VLOOKUP($A28,Dates,31,)>0,"Y"," ") | AF28: =IF(VLOOKUP($A28,Dates,31,)>0,VLOOKUP($A28,Dates,31,)-VLOOKUP($A28,Jobs,31,)," ") | AG28: =_xlfn.IFNA(VLOOKUP(A28,Dates,22,FALSE),"") -> 46178 | AH28: =_xlfn.IFNA(IF(Y28="Y","DONE",VLOOKUP(A28,'Date Calcs from Ship Date'!A:AE,27,0)),"") -> 46091 | AI28: =IFERROR(AH28-TODAY(),0) -> 18 | AJ28: =_xlfn.IFNA(IF(AC28="Y","DONE",VLOOKUP(A28,'Date Calcs from Ship Date'!A:AE,29,0)),"") -> 46091 | AK28: =IFERROR(AJ28-TODAY(),0) -> 18 | AL28: =_xlfn.IFNA(IF(AA28="Y","DONE",VLOOKUP(A28,'Date Calcs from Ship Date'!A:AI,28,0)),"") -> 46098 | AM28: =IFERROR(AL28-TODAY(),0) -> 25 | AN28: =IF(U28="Y","DONE",VLOOKUP(A28,'Date Calcs from Ship Date'!A:AE,25,0)) -> DONE | AO28: =IFERROR(AP28-AN28,0) -> 0 | AP28: =IF(AE28="Y","DONE",VLOOKUP(A28,'Date Calcs from Ship Date'!A:AE,30,0)) -> 46105 | AQ28: =IFERROR(AP28-TODAY(),0) -> 32 | AR28: =_xlfn.IFNA(VLOOKUP(A28,'Date Calcs from Ship Date'!A:C,3,0),"") -> 46161 | AS28: =AG28-AR28 -> 17 | AU28: =IF(VLOOKUP(A28,Dates,32,)>0,VLOOKUP(A28,Dates,32,)," ")
A29: 25-111 | B29: =VLOOKUP(A29,Jobs,2,) -> Epic Systems | D29: =IF(VLOOKUP($A29,Jobs,8,)>0,"Y"," ") -> Y | E29: =IF(VLOOKUP($A29,Dates,8,)>0,VLOOKUP($A29,Dates,8,)-VLOOKUP($A29,Jobs,8,)," ") -> -1 | F29: =IF(VLOOKUP($A29,Dates,16,)>0,"Y"," ") -> Y | G29: =IF(VLOOKUP($A29,Dates,16,)>0,VLOOKUP($A29,Dates,16,)-VLOOKUP($A29,Jobs,16,)," ") -> 18 | H29: =_xlfn.IFNA(IF(VLOOKUP($A33,Dates,17,)>0,"Y"," "),"") -> Y | I29: =IF(VLOOKUP($A33,Dates,17,)>0,VLOOKUP($A33,Dates,17,)-VLOOKUP($A33,Jobs,17,)," ") -> -8 | K29: =IF(VLOOKUP($A29,Dates,19,)>0,"Y"," ") | L29: =IF(VLOOKUP($A29,Dates,19,)>0,VLOOKUP($A29,Dates,19,)-VLOOKUP($A29,Jobs,19,)," ") | M29: =IF(VLOOKUP($A29,Dates,20,)>0,"Y"," ") | N29: =IF(VLOOKUP($A29,Dates,20,)>0,VLOOKUP($A29,Dates,20,)-VLOOKUP($A29,Jobs,20,)," ") | O29: =IF(VLOOKUP($A29,Dates,21,)>0,"Y"," ") | P29: =IF(VLOOKUP($A29,Dates,21,)>0,VLOOKUP($A29,Dates,21,)-VLOOKUP($A29,Jobs,21,)," ") | Q29: =IF(VLOOKUP($A29,Dates,23,)>0,"Y"," ") | R29: =IF(VLOOKUP($A29,Dates,23,)>0,VLOOKUP($A29,Dates,23,)-VLOOKUP($A29,Jobs,23,)," ") | S29: =IF(VLOOKUP($A29,Dates,24,)>0,"Y"," ") | T29: =IF(VLOOKUP($A29,Dates,24,)>0,VLOOKUP($A29,Dates,24,)-VLOOKUP($A29,Jobs,24,)," ") | U29: =IF(VLOOKUP($A29,Dates,26,)>0,"Y"," ") | V29: =IF(VLOOKUP($A29,Dates,26,)>0,VLOOKUP($A29,Dates,26,)-VLOOKUP($A29,Jobs,26,)," ") | W29: =IF(VLOOKUP($A29,Dates,27,)>0,"Y"," ") | X29: =IF(VLOOKUP($A29,Dates,27,)>0,VLOOKUP($A29,Dates,27,)-VLOOKUP($A29,Jobs,27,)," ") | Y29: =IF(VLOOKUP($A29,Dates,28,)>0,"Y"," ") | Z29: =IF(VLOOKUP($A29,Dates,28,)>0,VLOOKUP($A29,Dates,28,)-VLOOKUP($A29,Jobs,28,)," ") | AA29: =IF(VLOOKUP($A29,Dates,29,)>0,"Y"," ") | AB29: =IF(VLOOKUP($A29,Dates,29,)>0,VLOOKUP($A29,Dates,29,)-VLOOKUP($A29,Jobs,29,)," ") | AC29: =IF(VLOOKUP($A29,Dates,30,)>0,"Y"," ") | AD29: =IF(VLOOKUP($A29,Dates,30,)>0,VLOOKUP($A29,Dates,30,)-VLOOKUP($A29,Jobs,30,)," ") | AE29: =IF(VLOOKUP($A29,Dates,31,)>0,"Y"," ") | AF29: =IF(VLOOKUP($A29,Dates,31,)>0,VLOOKUP($A29,Dates,31,)-VLOOKUP($A29,Jobs,31,)," ") | AG29: =_xlfn.IFNA(VLOOKUP(A29,Dates,22,FALSE),"") -> 46178 | AH29: =_xlfn.IFNA(IF(Y29="Y","DONE",VLOOKUP(A29,'Date Calcs from Ship Date'!A:AE,27,0)),"") -> 46091 | AI29: =IFERROR(AH29-TODAY(),0) -> 18 | AJ29: =_xlfn.IFNA(IF(AC29="Y","DONE",VLOOKUP(A29,'Date Calcs from Ship Date'!A:AE,29,0)),"") -> 46091 | AK29: =IFERROR(AJ29-TODAY(),0) -> 18 | AL29: =_xlfn.IFNA(IF(AA29="Y","DONE",VLOOKUP(A29,'Date Calcs from Ship Date'!A:AI,28,0)),"") -> 46098 | AM29: =IFERROR(AL29-TODAY(),0) -> 25 | AN29: =IF(U29="Y","DONE",VLOOKUP(A29,'Date Calcs from Ship Date'!A:AE,25,0)) -> 46098 | AO29: =IFERROR(AP29-AN29,0) -> 7 | AP29: =IF(AE29="Y","DONE",VLOOKUP(A29,'Date Calcs from Ship Date'!A:AE,30,0)) -> 46105 | AQ29: =IFERROR(AP29-TODAY(),0) -> 32 | AR29: =_xlfn.IFNA(VLOOKUP(A29,'Date Calcs from Ship Date'!A:C,3,0),"") -> 46161 | AS29: =AG29-AR29 -> 17 | AU29: =IF(VLOOKUP(A29,Dates,32,)>0,VLOOKUP(A29,Dates,32,)," ")
... A35: 25-118 | B35: =VLOOKUP(A35,Jobs,2,) -> Merrick | D35: =IF(VLOOKUP($A35,Jobs,8,)>0,"Y"," ") -> Y | E35: =IF(VLOOKUP($A35,Dates,8,)>0,VLOOKUP($A35,Dates,8,)-VLOOKUP($A35,Jobs,8,)," ") -> 5 | F35: =IF(VLOOKUP($A35,Dates,16,)>0,"Y"," ") -> Y | G35: =IF(VLOOKUP($A35,Dates,16,)>0,VLOOKUP($A35,Dates,16,)-VLOOKUP($A35,Jobs,16,)," ") -> 55 | H35: =_xlfn.IFNA(IF(VLOOKUP($A39,Dates,17,)>0,"Y"," "),"") -> Y | I35: =IF(VLOOKUP($A39,Dates,17,)>0,VLOOKUP($A39,Dates,17,)-VLOOKUP($A39,Jobs,17,)," ") -> -2 | K35: =IF(VLOOKUP($A35,Dates,19,)>0,"Y"," ") -> Y | L35: =IF(VLOOKUP($A35,Dates,19,)>0,VLOOKUP($A35,Dates,19,)-VLOOKUP($A35,Jobs,19,)," ") -> 5 | M35: =IF(VLOOKUP($A35,Dates,20,)>0,"Y"," ") | N35: =IF(VLOOKUP($A35,Dates,20,)>0,VLOOKUP($A35,Dates,20,)-VLOOKUP($A35,Jobs,20,)," ") | O35: =IF(VLOOKUP($A35,Dates,21,)>0,"Y"," ") -> Y | P35: =IF(VLOOKUP($A35,Dates,21,)>0,VLOOKUP($A35,Dates,21,)-VLOOKUP($A35,Jobs,21,)," ") -> 0 | Q35: =IF(VLOOKUP($A35,Dates,23,)>0,"Y"," ") | R35: =IF(VLOOKUP($A35,Dates,23,)>0,VLOOKUP($A35,Dates,23,)-VLOOKUP($A35,Jobs,23,)," ") | S35: =IF(VLOOKUP($A35,Dates,24,)>0,"Y"," ") | T35: =IF(VLOOKUP($A35,Dates,24,)>0,VLOOKUP($A35,Dates,24,)-VLOOKUP($A35,Jobs,24,)," ") | U35: =IF(VLOOKUP($A35,Dates,26,)>0,"Y"," ") -> Y | V35: =IF(VLOOKUP($A35,Dates,26,)>0,VLOOKUP($A35,Dates,26,)-VLOOKUP($A35,Jobs,26,)," ") -> 9 | W35: =IF(VLOOKUP($A35,Dates,27,)>0,"Y"," ") -> Y | X35: =IF(VLOOKUP($A35,Dates,27,)>0,VLOOKUP($A35,Dates,27,)-VLOOKUP($A35,Jobs,27,)," ") -> -10 | Y35: =IF(VLOOKUP($A35,Dates,28,)>0,"Y"," ") -> Y | Z35: =IF(VLOOKUP($A35,Dates,28,)>0,VLOOKUP($A35,Dates,28,)-VLOOKUP($A35,Jobs,28,)," ") -> -13 | AA35: =IF(VLOOKUP($A35,Dates,29,)>0,"Y"," ") | AB35: =IF(VLOOKUP($A35,Dates,29,)>0,VLOOKUP($A35,Dates,29,)-VLOOKUP($A35,Jobs,29,)," ") | AC35: =IF(VLOOKUP($A35,Dates,30,)>0,"Y"," ") | AD35: =IF(VLOOKUP($A35,Dates,30,)>0,VLOOKUP($A35,Dates,30,)-VLOOKUP($A35,Jobs,30,)," ") | AE35: =IF(VLOOKUP($A35,Dates,31,)>0,"Y"," ") | AF35: =IF(VLOOKUP($A35,Dates,31,)>0,VLOOKUP($A35,Dates,31,)-VLOOKUP($A35,Jobs,31,)," ") | AG35: =_xlfn.IFNA(VLOOKUP(A35,Dates,22,FALSE),"") -> 46209 | AH35: =_xlfn.IFNA(IF(Y35="Y","DONE",VLOOKUP(A35,'Date Calcs from Ship Date'!A:AE,27,0)),"") -> DONE | AI35: =IFERROR(AH35-TODAY(),0) -> 0 | AJ35: =_xlfn.IFNA(IF(AC35="Y","DONE",VLOOKUP(A35,'Date Calcs from Ship Date'!A:AE,29,0)),"") -> 46069 | AK35: =IFERROR(AJ35-TODAY(),0) -> -4 | AL35: =_xlfn.IFNA(IF(AA35="Y","DONE",VLOOKUP(A35,'Date Calcs from Ship Date'!A:AI,28,0)),"") -> 46076 | AM35: =IFERROR(AL35-TODAY(),0) -> 3 | AN35: =IF(U35="Y","DONE",VLOOKUP(A35,'Date Calcs from Ship Date'!A:AE,25,0)) -> DONE | AO35: =IFERROR(AP35-AN35,0) -> 0 | AP35: =IF(AE35="Y","DONE",VLOOKUP(A35,'Date Calcs from Ship Date'!A:AE,30,0)) -> 46083 | AQ35: =IFERROR(AP35-TODAY(),0) -> 10 | AR35: =_xlfn.IFNA(VLOOKUP(A35,'Date Calcs from Ship Date'!A:C,3,0),"") -> 46139 | AS35: =AG35-AR35 -> 70 | AU35: =IF(VLOOKUP(A35,Dates,32,)>0,VLOOKUP(A35,Dates,32,)," ")
A36: 25-120 | B36: =VLOOKUP(A36,Jobs,2,) -> Andritz | D36: =IF(VLOOKUP($A36,Jobs,8,)>0,"Y"," ") -> Y | E36: =IF(VLOOKUP($A36,Dates,8,)>0,VLOOKUP($A36,Dates,8,)-VLOOKUP($A36,Jobs,8,)," ") | F36: =IF(VLOOKUP($A36,Dates,16,)>0,"Y"," ") -> Y | G36: =IF(VLOOKUP($A36,Dates,16,)>0,VLOOKUP($A36,Dates,16,)-VLOOKUP($A36,Jobs,16,)," ") -> 55 | H36: =_xlfn.IFNA(IF(VLOOKUP(#REF!,Dates,17,)>0,"Y"," "),"") -> #REF! | I36: =IF(VLOOKUP(#REF!,Dates,17,)>0,VLOOKUP(#REF!,Dates,17,)-VLOOKUP(#REF!,Jobs,17,)," ") -> #REF! | K36: =IF(VLOOKUP($A36,Dates,19,)>0,"Y"," ") | L36: =IF(VLOOKUP($A36,Dates,19,)>0,VLOOKUP($A36,Dates,19,)-VLOOKUP($A36,Jobs,19,)," ") | M36: =IF(VLOOKUP($A36,Dates,20,)>0,"Y"," ") | N36: =IF(VLOOKUP($A36,Dates,20,)>0,VLOOKUP($A36,Dates,20,)-VLOOKUP($A36,Jobs,20,)," ") | O36: =IF(VLOOKUP($A36,Dates,21,)>0,"Y"," ") | P36: =IF(VLOOKUP($A36,Dates,21,)>0,VLOOKUP($A36,Dates,21,)-VLOOKUP($A36,Jobs,21,)," ") | Q36: =IF(VLOOKUP($A36,Dates,23,)>0,"Y"," ") | R36: =IF(VLOOKUP($A36,Dates,23,)>0,VLOOKUP($A36,Dates,23,)-VLOOKUP($A36,Jobs,23,)," ") | S36: =IF(VLOOKUP($A36,Dates,24,)>0,"Y"," ") | T36: =IF(VLOOKUP($A36,Dates,24,)>0,VLOOKUP($A36,Dates,24,)-VLOOKUP($A36,Jobs,24,)," ") | U36: =IF(VLOOKUP($A36,Dates,26,)>0,"Y"," ") | V36: =IF(VLOOKUP($A36,Dates,26,)>0,VLOOKUP($A36,Dates,26,)-VLOOKUP($A36,Jobs,26,)," ") | W36: =IF(VLOOKUP($A36,Dates,27,)>0,"Y"," ") | X36: =IF(VLOOKUP($A36,Dates,27,)>0,VLOOKUP($A36,Dates,27,)-VLOOKUP($A36,Jobs,27,)," ") | Y36: =IF(VLOOKUP($A36,Dates,28,)>0,"Y"," ") | Z36: =IF(VLOOKUP($A36,Dates,28,)>0,VLOOKUP($A36,Dates,28,)-VLOOKUP($A36,Jobs,28,)," ") | AA36: =IF(VLOOKUP($A36,Dates,29,)>0,"Y"," ") | AB36: =IF(VLOOKUP($A36,Dates,29,)>0,VLOOKUP($A36,Dates,29,)-VLOOKUP($A36,Jobs,29,)," ") | AC36: =IF(VLOOKUP($A36,Dates,30,)>0,"Y"," ") | AD36: =IF(VLOOKUP($A36,Dates,30,)>0,VLOOKUP($A36,Dates,30,)-VLOOKUP($A36,Jobs,30,)," ") | AE36: =IF(VLOOKUP($A36,Dates,31,)>0,"Y"," ") | AF36: =IF(VLOOKUP($A36,Dates,31,)>0,VLOOKUP($A36,Dates,31,)-VLOOKUP($A36,Jobs,31,)," ") | AG36: =_xlfn.IFNA(VLOOKUP(A36,Dates,22,FALSE),"") -> 46185 | AH36: =_xlfn.IFNA(IF(Y36="Y","DONE",VLOOKUP(A36,'Date Calcs from Ship Date'!A:AE,27,0)),"") -> 46134 | AI36: =IFERROR(AH36-TODAY(),0) -> 61 | AJ36: =_xlfn.IFNA(IF(AC36="Y","DONE",VLOOKUP(A36,'Date Calcs from Ship Date'!A:AE,29,0)),"") -> 46134 | AK36: =IFERROR(AJ36-TODAY(),0) -> 61 | AL36: =_xlfn.IFNA(IF(AA36="Y","DONE",VLOOKUP(A36,'Date Calcs from Ship Date'!A:AI,28,0)),"") -> 46141 | AM36: =IFERROR(AL36-TODAY(),0) -> 68 | AN36: =IF(U36="Y","DONE",VLOOKUP(A36,'Date Calcs from Ship Date'!A:AE,25,0)) -> 46141 | AO36: =IFERROR(AP36-AN36,0) -> 7 | AP36: =IF(AE36="Y","DONE",VLOOKUP(A36,'Date Calcs from Ship Date'!A:AE,30,0)) -> 46148 | AQ36: =IFERROR(AP36-TODAY(),0) -> 75 | AR36: =_xlfn.IFNA(VLOOKUP(A36,'Date Calcs from Ship Date'!A:C,3,0),"") -> 46211 | AS36: =AG36-AR36 -> -26 | AU36: =IF(VLOOKUP(A36,Dates,32,)>0,VLOOKUP(A36,Dates,32,)," ")
A37: 25-121 | B37: =VLOOKUP(A37,Jobs,2,) -> Kimberly Clark | D37: =IF(VLOOKUP($A37,Jobs,8,)>0,"Y"," ") -> Y | E37: =IF(VLOOKUP($A37,Dates,8,)>0,VLOOKUP($A37,Dates,8,)-VLOOKUP($A37,Jobs,8,)," ") -> 7 | F37: =IF(VLOOKUP($A37,Dates,16,)>0,"Y"," ") -> Y | G37: =IF(VLOOKUP($A37,Dates,16,)>0,VLOOKUP($A37,Dates,16,)-VLOOKUP($A37,Jobs,16,)," ") -> -1 | H37: =_xlfn.IFNA(IF(VLOOKUP($A40,Dates,17,)>0,"Y"," "),"") -> Y | I37: =IF(VLOOKUP($A40,Dates,17,)>0,VLOOKUP($A40,Dates,17,)-VLOOKUP($A40,Jobs,17,)," ") -> 7 | K37: =IF(VLOOKUP($A37,Dates,19,)>0,"Y"," ") | L37: =IF(VLOOKUP($A37,Dates,19,)>0,VLOOKUP($A37,Dates,19,)-VLOOKUP($A37,Jobs,19,)," ") | M37: =IF(VLOOKUP($A37,Dates,20,)>0,"Y"," ") | N37: =IF(VLOOKUP($A37,Dates,20,)>0,VLOOKUP($A37,Dates,20,)-VLOOKUP($A37,Jobs,20,)," ") | O37: =IF(VLOOKUP($A37,Dates,21,)>0,"Y"," ") | P37: =IF(VLOOKUP($A37,Dates,21,)>0,VLOOKUP($A37,Dates,21,)-VLOOKUP($A37,Jobs,21,)," ") | Q37: =IF(VLOOKUP($A37,Dates,23,)>0,"Y"," ") | R37: =IF(VLOOKUP($A37,Dates,23,)>0,VLOOKUP($A37,Dates,23,)-VLOOKUP($A37,Jobs,23,)," ") | S37: =IF(VLOOKUP($A37,Dates,24,)>0,"Y"," ") | T37: =IF(VLOOKUP($A37,Dates,24,)>0,VLOOKUP($A37,Dates,24,)-VLOOKUP($A37,Jobs,24,)," ") | U37: =IF(VLOOKUP($A37,Dates,26,)>0,"Y"," ") | V37: =IF(VLOOKUP($A37,Dates,26,)>0,VLOOKUP($A37,Dates,26,)-VLOOKUP($A37,Jobs,26,)," ") | W37: =IF(VLOOKUP($A37,Dates,27,)>0,"Y"," ") | X37: =IF(VLOOKUP($A37,Dates,27,)>0,VLOOKUP($A37,Dates,27,)-VLOOKUP($A37,Jobs,27,)," ") | Y37: =IF(VLOOKUP($A37,Dates,28,)>0,"Y"," ") | Z37: =IF(VLOOKUP($A37,Dates,28,)>0,VLOOKUP($A37,Dates,28,)-VLOOKUP($A37,Jobs,28,)," ") | AA37: =IF(VLOOKUP($A37,Dates,29,)>0,"Y"," ") | AB37: =IF(VLOOKUP($A37,Dates,29,)>0,VLOOKUP($A37,Dates,29,)-VLOOKUP($A37,Jobs,29,)," ") | AC37: =IF(VLOOKUP($A37,Dates,30,)>0,"Y"," ") | AD37: =IF(VLOOKUP($A37,Dates,30,)>0,VLOOKUP($A37,Dates,30,)-VLOOKUP($A37,Jobs,30,)," ") | AE37: =IF(VLOOKUP($A37,Dates,31,)>0,"Y"," ") | AF37: =IF(VLOOKUP($A37,Dates,31,)>0,VLOOKUP($A37,Dates,31,)-VLOOKUP($A37,Jobs,31,)," ") | AG37: =_xlfn.IFNA(VLOOKUP(A37,Dates,22,FALSE),"") -> 46203 | AH37: =_xlfn.IFNA(IF(Y37="Y","DONE",VLOOKUP(A37,'Date Calcs from Ship Date'!A:AE,27,0)),"") -> 46091 | AI37: =IFERROR(AH37-TODAY(),0) -> 18 | AJ37: =_xlfn.IFNA(IF(AC37="Y","DONE",VLOOKUP(A37,'Date Calcs from Ship Date'!A:AE,29,0)),"") -> 46091 | AK37: =IFERROR(AJ37-TODAY(),0) -> 18 | AL37: =_xlfn.IFNA(IF(AA37="Y","DONE",VLOOKUP(A37,'Date Calcs from Ship Date'!A:AI,28,0)),"") -> 46098 | AM37: =IFERROR(AL37-TODAY(),0) -> 25 | AN37: =IF(U37="Y","DONE",VLOOKUP(A37,'Date Calcs from Ship Date'!A:AE,25,0)) -> 46098 | AO37: =IFERROR(AP37-AN37,0) -> 7 | AP37: =IF(AE37="Y","DONE",VLOOKUP(A37,'Date Calcs from Ship Date'!A:AE,30,0)) -> 46105 | AQ37: =IFERROR(AP37-TODAY(),0) -> 32 | AR37: =_xlfn.IFNA(VLOOKUP(A37,'Date Calcs from Ship Date'!A:C,3,0),"") -> 46161 | AS37: =AG37-AR37 -> 42 | AU37: =IF(VLOOKUP(A37,Dates,32,)>0,VLOOKUP(A37,Dates,32,)," ")
A38: 25-122 | B38: =VLOOKUP(A38,Jobs,2,) -> Kimberly Clark | D38: =IF(VLOOKUP($A38,Jobs,8,)>0,"Y"," ") -> Y | E38: =IF(VLOOKUP($A38,Dates,8,)>0,VLOOKUP($A38,Dates,8,)-VLOOKUP($A38,Jobs,8,)," ") -> 7 | F38: =IF(VLOOKUP($A38,Dates,16,)>0,"Y"," ") -> Y | G38: =IF(VLOOKUP($A38,Dates,16,)>0,VLOOKUP($A38,Dates,16,)-VLOOKUP($A38,Jobs,16,)," ") -> -1 | H38: =_xlfn.IFNA(IF(VLOOKUP($A41,Dates,17,)>0,"Y"," "),"") -> Y | I38: =IF(VLOOKUP($A41,Dates,17,)>0,VLOOKUP($A41,Dates,17,)-VLOOKUP($A41,Jobs,17,)," ") -> 6 | K38: =IF(VLOOKUP($A38,Dates,19,)>0,"Y"," ") | L38: =IF(VLOOKUP($A38,Dates,19,)>0,VLOOKUP($A38,Dates,19,)-VLOOKUP($A38,Jobs,19,)," ") | M38: =IF(VLOOKUP($A38,Dates,20,)>0,"Y"," ") | N38: =IF(VLOOKUP($A38,Dates,20,)>0,VLOOKUP($A38,Dates,20,)-VLOOKUP($A38,Jobs,20,)," ") | O38: =IF(VLOOKUP($A38,Dates,21,)>0,"Y"," ") | P38: =IF(VLOOKUP($A38,Dates,21,)>0,VLOOKUP($A38,Dates,21,)-VLOOKUP($A38,Jobs,21,)," ") | Q38: =IF(VLOOKUP($A38,Dates,23,)>0,"Y"," ") | R38: =IF(VLOOKUP($A38,Dates,23,)>0,VLOOKUP($A38,Dates,23,)-VLOOKUP($A38,Jobs,23,)," ") | S38: =IF(VLOOKUP($A38,Dates,24,)>0,"Y"," ") | T38: =IF(VLOOKUP($A38,Dates,24,)>0,VLOOKUP($A38,Dates,24,)-VLOOKUP($A38,Jobs,24,)," ") | U38: =IF(VLOOKUP($A38,Dates,26,)>0,"Y"," ") | V38: =IF(VLOOKUP($A38,Dates,26,)>0,VLOOKUP($A38,Dates,26,)-VLOOKUP($A38,Jobs,26,)," ") | W38: =IF(VLOOKUP($A38,Dates,27,)>0,"Y"," ") | X38: =IF(VLOOKUP($A38,Dates,27,)>0,VLOOKUP($A38,Dates,27,)-VLOOKUP($A38,Jobs,27,)," ") | Y38: =IF(VLOOKUP($A38,Dates,28,)>0,"Y"," ") | Z38: =IF(VLOOKUP($A38,Dates,28,)>0,VLOOKUP($A38,Dates,28,)-VLOOKUP($A38,Jobs,28,)," ") | AA38: =IF(VLOOKUP($A38,Dates,29,)>0,"Y"," ") | AB38: =IF(VLOOKUP($A38,Dates,29,)>0,VLOOKUP($A38,Dates,29,)-VLOOKUP($A38,Jobs,29,)," ") | AC38: =IF(VLOOKUP($A38,Dates,30,)>0,"Y"," ") | AD38: =IF(VLOOKUP($A38,Dates,30,)>0,VLOOKUP($A38,Dates,30,)-VLOOKUP($A38,Jobs,30,)," ") | AE38: =IF(VLOOKUP($A38,Dates,31,)>0,"Y"," ") | AF38: =IF(VLOOKUP($A38,Dates,31,)>0,VLOOKUP($A38,Dates,31,)-VLOOKUP($A38,Jobs,31,)," ") | AG38: =_xlfn.IFNA(VLOOKUP(A38,Dates,22,FALSE),"") -> 46203 | AH38: =_xlfn.IFNA(IF(Y38="Y","DONE",VLOOKUP(A38,'Date Calcs from Ship Date'!A:AE,27,0)),"") -> 46092 | AI38: =IFERROR(AH38-TODAY(),0) -> 19 | AJ38: =_xlfn.IFNA(IF(AC38="Y","DONE",VLOOKUP(A38,'Date Calcs from Ship Date'!A:AE,29,0)),"") -> 46092 | AK38: =IFERROR(AJ38-TODAY(),0) -> 19 | AL38: =_xlfn.IFNA(IF(AA38="Y","DONE",VLOOKUP(A38,'Date Calcs from Ship Date'!A:AI,28,0)),"") -> 46099 | AM38: =IFERROR(AL38-TODAY(),0) -> 26 | AN38: =IF(U38="Y","DONE",VLOOKUP(A38,'Date Calcs from Ship Date'!A:AE,25,0)) -> 46099 | AO38: =IFERROR(AP38-AN38,0) -> 7 | AP38: =IF(AE38="Y","DONE",VLOOKUP(A38,'Date Calcs from Ship Date'!A:AE,30,0)) -> 46106 | AQ38: =IFERROR(AP38-TODAY(),0) -> 33 | AR38: =_xlfn.IFNA(VLOOKUP(A38,'Date Calcs from Ship Date'!A:C,3,0),"") -> 46162 | AS38: =AG38-AR38 -> 41 | AU38: =IF(VLOOKUP(A38,Dates,32,)>0,VLOOKUP(A38,Dates,32,)," ")
A39: 25-123 | B39: =VLOOKUP(A39,Jobs,2,) -> Kimberly Clark | D39: =IF(VLOOKUP($A39,Jobs,8,)>0,"Y"," ") -> Y | E39: =IF(VLOOKUP($A39,Dates,8,)>0,VLOOKUP($A39,Dates,8,)-VLOOKUP($A39,Jobs,8,)," ") -> 7 | F39: =IF(VLOOKUP($A39,Dates,16,)>0,"Y"," ") -> Y | G39: =IF(VLOOKUP($A39,Dates,16,)>0,VLOOKUP($A39,Dates,16,)-VLOOKUP($A39,Jobs,16,)," ") -> -1 | H39: =_xlfn.IFNA(IF(VLOOKUP($A42,Dates,17,)>0,"Y"," "),"") -> Y | I39: =IF(VLOOKUP($A42,Dates,17,)>0,VLOOKUP($A42,Dates,17,)-VLOOKUP($A42,Jobs,17,)," ") -> 6 | K39: =IF(VLOOKUP($A39,Dates,19,)>0,"Y"," ") | L39: =IF(VLOOKUP($A39,Dates,19,)>0,VLOOKUP($A39,Dates,19,)-VLOOKUP($A39,Jobs,19,)," ") | M39: =IF(VLOOKUP($A39,Dates,20,)>0,"Y"," ") | N39: =IF(VLOOKUP($A39,Dates,20,)>0,VLOOKUP($A39,Dates,20,)-VLOOKUP($A39,Jobs,20,)," ") | O39: =IF(VLOOKUP($A39,Dates,21,)>0,"Y"," ") | P39: =IF(VLOOKUP($A39,Dates,21,)>0,VLOOKUP($A39,Dates,21,)-VLOOKUP($A39,Jobs,21,)," ") | Q39: =IF(VLOOKUP($A39,Dates,23,)>0,"Y"," ") | R39: =IF(VLOOKUP($A39,Dates,23,)>0,VLOOKUP($A39,Dates,23,)-VLOOKUP($A39,Jobs,23,)," ") | S39: =IF(VLOOKUP($A39,Dates,24,)>0,"Y"," ") | T39: =IF(VLOOKUP($A39,Dates,24,)>0,VLOOKUP($A39,Dates,24,)-VLOOKUP($A39,Jobs,24,)," ") | U39: =IF(VLOOKUP($A39,Dates,26,)>0,"Y"," ") | V39: =IF(VLOOKUP($A39,Dates,26,)>0,VLOOKUP($A39,Dates,26,)-VLOOKUP($A39,Jobs,26,)," ") | W39: =IF(VLOOKUP($A39,Dates,27,)>0,"Y"," ") | X39: =IF(VLOOKUP($A39,Dates,27,)>0,VLOOKUP($A39,Dates,27,)-VLOOKUP($A39,Jobs,27,)," ") | Y39: =IF(VLOOKUP($A39,Dates,28,)>0,"Y"," ") | Z39: =IF(VLOOKUP($A39,Dates,28,)>0,VLOOKUP($A39,Dates,28,)-VLOOKUP($A39,Jobs,28,)," ") | AA39: =IF(VLOOKUP($A39,Dates,29,)>0,"Y"," ") | AB39: =IF(VLOOKUP($A39,Dates,29,)>0,VLOOKUP($A39,Dates,29,)-VLOOKUP($A39,Jobs,29,)," ") | AC39: =IF(VLOOKUP($A39,Dates,30,)>0,"Y"," ") | AD39: =IF(VLOOKUP($A39,Dates,30,)>0,VLOOKUP($A39,Dates,30,)-VLOOKUP($A39,Jobs,30,)," ") | AE39: =IF(VLOOKUP($A39,Dates,31,)>0,"Y"," ") | AF39: =IF(VLOOKUP($A39,Dates,31,)>0,VLOOKUP($A39,Dates,31,)-VLOOKUP($A39,Jobs,31,)," ") | AG39: =_xlfn.IFNA(VLOOKUP(A39,Dates,22,FALSE),"") -> 46177 | AH39: =_xlfn.IFNA(IF(Y39="Y","DONE",VLOOKUP(A39,'Date Calcs from Ship Date'!A:AE,27,0)),"") -> 46092 | AI39: =IFERROR(AH39-TODAY(),0) -> 19 | AJ39: =_xlfn.IFNA(IF(AC39="Y","DONE",VLOOKUP(A39,'Date Calcs from Ship Date'!A:AE,29,0)),"") -> 46092 | AK39: =IFERROR(AJ39-TODAY(),0) -> 19 | AL39: =_xlfn.IFNA(IF(AA39="Y","DONE",VLOOKUP(A39,'Date Calcs from Ship Date'!A:AI,28,0)),"") -> 46099 | AM39: =IFERROR(AL39-TODAY(),0) -> 26 | AN39: =IF(U39="Y","DONE",VLOOKUP(A39,'Date Calcs from Ship Date'!A:AE,25,0)) -> 46099 | AO39: =IFERROR(AP39-AN39,0) -> 7 | AP39: =IF(AE39="Y","DONE",VLOOKUP(A39,'Date Calcs from Ship Date'!A:AE,30,0)) -> 46106 | AQ39: =IFERROR(AP39-TODAY(),0) -> 33 | AR39: =_xlfn.IFNA(VLOOKUP(A39,'Date Calcs from Ship Date'!A:C,3,0),"") -> 46162 | AS39: =AG39-AR39 -> 15 | AU39: =IF(VLOOKUP(A39,Dates,32,)>0,VLOOKUP(A39,Dates,32,)," ")
A40: 25-356 | B40: =VLOOKUP(A40,Jobs,2,) -> Synthomer | D40: =IF(VLOOKUP($A40,Jobs,8,)>0,"Y"," ") -> Y | E40: =IF(VLOOKUP($A40,Dates,8,)>0,VLOOKUP($A40,Dates,8,)-VLOOKUP($A40,Jobs,8,)," ") -> 2 | F40: =IF(VLOOKUP($A40,Dates,16,)>0,"Y"," ") | G40: =IF(VLOOKUP($A40,Dates,16,)>0,VLOOKUP($A40,Dates,16,)-VLOOKUP($A40,Jobs,16,)," ") | H40: =_xlfn.IFNA(IF(VLOOKUP($A44,Dates,17,)>0,"Y"," "),"") -> Y | I40: =IF(VLOOKUP($A44,Dates,17,)>0,VLOOKUP($A44,Dates,17,)-VLOOKUP($A44,Jobs,17,)," ") -> -1 | K40: =IF(VLOOKUP($A40,Dates,19,)>0,"Y"," ") | L40: =IF(VLOOKUP($A40,Dates,19,)>0,VLOOKUP($A40,Dates,19,)-VLOOKUP($A40,Jobs,19,)," ") | M40: =IF(VLOOKUP($A40,Dates,20,)>0,"Y"," ") | N40: =IF(VLOOKUP($A40,Dates,20,)>0,VLOOKUP($A40,Dates,20,)-VLOOKUP($A40,Jobs,20,)," ") | O40: =IF(VLOOKUP($A40,Dates,21,)>0,"Y"," ") | P40: =IF(VLOOKUP($A40,Dates,21,)>0,VLOOKUP($A40,Dates,21,)-VLOOKUP($A40,Jobs,21,)," ") | Q40: =IF(VLOOKUP($A40,Dates,23,)>0,"Y"," ") | R40: =IF(VLOOKUP($A40,Dates,23,)>0,VLOOKUP($A40,Dates,23,)-VLOOKUP($A40,Jobs,23,)," ") | S40: =IF(VLOOKUP($A40,Dates,24,)>0,"Y"," ") | T40: =IF(VLOOKUP($A40,Dates,24,)>0,VLOOKUP($A40,Dates,24,)-VLOOKUP($A40,Jobs,24,)," ") | U40: =IF(VLOOKUP($A40,Dates,26,)>0,"Y"," ") | V40: =IF(VLOOKUP($A40,Dates,26,)>0,VLOOKUP($A40,Dates,26,)-VLOOKUP($A40,Jobs,26,)," ") | W40: =IF(VLOOKUP($A40,Dates,27,)>0,"Y"," ") | X40: =IF(VLOOKUP($A40,Dates,27,)>0,VLOOKUP($A40,Dates,27,)-VLOOKUP($A40,Jobs,27,)," ") | Y40: =IF(VLOOKUP($A40,Dates,28,)>0,"Y"," ") | Z40: =IF(VLOOKUP($A40,Dates,28,)>0,VLOOKUP($A40,Dates,28,)-VLOOKUP($A40,Jobs,28,)," ") | AA40: =IF(VLOOKUP($A40,Dates,29,)>0,"Y"," ") | AB40: =IF(VLOOKUP($A40,Dates,29,)>0,VLOOKUP($A40,Dates,29,)-VLOOKUP($A40,Jobs,29,)," ") | AC40: =IF(VLOOKUP($A40,Dates,30,)>0,"Y"," ") | AD40: =IF(VLOOKUP($A40,Dates,30,)>0,VLOOKUP($A40,Dates,30,)-VLOOKUP($A40,Jobs,30,)," ") | AE40: =IF(VLOOKUP($A40,Dates,31,)>0,"Y"," ") | AF40: =IF(VLOOKUP($A40,Dates,31,)>0,VLOOKUP($A40,Dates,31,)-VLOOKUP($A40,Jobs,31,)," ") | AG40: =_xlfn.IFNA(VLOOKUP(A40,Dates,22,FALSE),"") -> 46188 | AH40: =_xlfn.IFNA(IF(Y40="Y","DONE",VLOOKUP(A40,'Date Calcs from Ship Date'!A:AE,27,0)),"") -> 46114 | AI40: =IFERROR(AH40-TODAY(),0) -> 41 | AJ40: =_xlfn.IFNA(IF(AC40="Y","DONE",VLOOKUP(A40,'Date Calcs from Ship Date'!A:AE,29,0)),"") -> 46114 | AK40: =IFERROR(AJ40-TODAY(),0) -> 41 | AL40: =_xlfn.IFNA(IF(AA40="Y","DONE",VLOOKUP(A40,'Date Calcs from Ship Date'!A:AI,28,0)),"") -> 46121 | AM40: =IFERROR(AL40-TODAY(),0) -> 48 | AN40: =IF(U40="Y","DONE",VLOOKUP(A40,'Date Calcs from Ship Date'!A:AE,25,0)) -> 46121 | AO40: =IFERROR(AP40-AN40,0) -> 7 | AP40: =IF(AE40="Y","DONE",VLOOKUP(A40,'Date Calcs from Ship Date'!A:AE,30,0)) -> 46128 | AQ40: =IFERROR(AP40-TODAY(),0) -> 55 | AR40: =_xlfn.IFNA(VLOOKUP(A40,'Date Calcs from Ship Date'!A:C,3,0),"") -> 46184 | AS40: =AG40-AR40 -> 4 | AU40: =IF(VLOOKUP(A40,Dates,32,)>0,VLOOKUP(A40,Dates,32,)," ")
A41: 25-357 | B41: =VLOOKUP(A41,Jobs,2,) -> Sylvamo | D41: =IF(VLOOKUP($A41,Jobs,8,)>0,"Y"," ") -> Y | E41: =IF(VLOOKUP($A41,Dates,8,)>0,VLOOKUP($A41,Dates,8,)-VLOOKUP($A41,Jobs,8,)," ") -> 2 | F41: =IF(VLOOKUP($A41,Dates,16,)>0,"Y"," ") -> Y | G41: =IF(VLOOKUP($A41,Dates,16,)>0,VLOOKUP($A41,Dates,16,)-VLOOKUP($A41,Jobs,16,)," ") -> 6 | H41: =_xlfn.IFNA(IF(VLOOKUP($A45,Dates,17,)>0,"Y"," "),"") -> Y | I41: =IF(VLOOKUP($A45,Dates,17,)>0,VLOOKUP($A45,Dates,17,)-VLOOKUP($A45,Jobs,17,)," ") -> -1 | K41: =IF(VLOOKUP($A41,Dates,19,)>0,"Y"," ") | L41: =IF(VLOOKUP($A41,Dates,19,)>0,VLOOKUP($A41,Dates,19,)-VLOOKUP($A41,Jobs,19,)," ") | M41: =IF(VLOOKUP($A41,Dates,20,)>0,"Y"," ") | N41: =IF(VLOOKUP($A41,Dates,20,)>0,VLOOKUP($A41,Dates,20,)-VLOOKUP($A41,Jobs,20,)," ") | O41: =IF(VLOOKUP($A41,Dates,21,)>0,"Y"," ") | P41: =IF(VLOOKUP($A41,Dates,21,)>0,VLOOKUP($A41,Dates,21,)-VLOOKUP($A41,Jobs,21,)," ") | Q41: =IF(VLOOKUP($A41,Dates,23,)>0,"Y"," ") | R41: =IF(VLOOKUP($A41,Dates,23,)>0,VLOOKUP($A41,Dates,23,)-VLOOKUP($A41,Jobs,23,)," ") | S41: =IF(VLOOKUP($A41,Dates,24,)>0,"Y"," ") | T41: =IF(VLOOKUP($A41,Dates,24,)>0,VLOOKUP($A41,Dates,24,)-VLOOKUP($A41,Jobs,24,)," ") | U41: =IF(VLOOKUP($A41,Dates,26,)>0,"Y"," ") | V41: =IF(VLOOKUP($A41,Dates,26,)>0,VLOOKUP($A41,Dates,26,)-VLOOKUP($A41,Jobs,26,)," ") | W41: =IF(VLOOKUP($A41,Dates,27,)>0,"Y"," ") | X41: =IF(VLOOKUP($A41,Dates,27,)>0,VLOOKUP($A41,Dates,27,)-VLOOKUP($A41,Jobs,27,)," ") | Y41: =IF(VLOOKUP($A41,Dates,28,)>0,"Y"," ") | Z41: =IF(VLOOKUP($A41,Dates,28,)>0,VLOOKUP($A41,Dates,28,)-VLOOKUP($A41,Jobs,28,)," ") | AA41: =IF(VLOOKUP($A41,Dates,29,)>0,"Y"," ") | AB41: =IF(VLOOKUP($A41,Dates,29,)>0,VLOOKUP($A41,Dates,29,)-VLOOKUP($A41,Jobs,29,)," ") | AC41: =IF(VLOOKUP($A41,Dates,30,)>0,"Y"," ") | AD41: =IF(VLOOKUP($A41,Dates,30,)>0,VLOOKUP($A41,Dates,30,)-VLOOKUP($A41,Jobs,30,)," ") | AE41: =IF(VLOOKUP($A41,Dates,31,)>0,"Y"," ") | AF41: =IF(VLOOKUP($A41,Dates,31,)>0,VLOOKUP($A41,Dates,31,)-VLOOKUP($A41,Jobs,31,)," ") | AG41: =_xlfn.IFNA(VLOOKUP(A41,Dates,22,FALSE),"") -> 46183 | AH41: =_xlfn.IFNA(IF(Y41="Y","DONE",VLOOKUP(A41,'Date Calcs from Ship Date'!A:AE,27,0)),"") -> 46092 | AI41: =IFERROR(AH41-TODAY(),0) -> 19 | AJ41: =_xlfn.IFNA(IF(AC41="Y","DONE",VLOOKUP(A41,'Date Calcs from Ship Date'!A:AE,29,0)),"") -> 46092 | AK41: =IFERROR(AJ41-TODAY(),0) -> 19 | AL41: =_xlfn.IFNA(IF(AA41="Y","DONE",VLOOKUP(A41,'Date Calcs from Ship Date'!A:AI,28,0)),"") -> 46099 | AM41: =IFERROR(AL41-TODAY(),0) -> 26 | AN41: =IF(U41="Y","DONE",VLOOKUP(A41,'Date Calcs from Ship Date'!A:AE,25,0)) -> 46099 | AO41: =IFERROR(AP41-AN41,0) -> 7 | AP41: =IF(AE41="Y","DONE",VLOOKUP(A41,'Date Calcs from Ship Date'!A:AE,30,0)) -> 46106 | AQ41: =IFERROR(AP41-TODAY(),0) -> 33 | AR41: =_xlfn.IFNA(VLOOKUP(A41,'Date Calcs from Ship Date'!A:C,3,0),"") -> 46162 | AS41: =AG41-AR41 -> 21 | AU41: =IF(VLOOKUP(A41,Dates,32,)>0,VLOOKUP(A41,Dates,32,)," ")
A42: 25-358 | B42: =VLOOKUP(A42,Jobs,2,) -> Sylvamo | D42: =IF(VLOOKUP($A42,Jobs,8,)>0,"Y"," ") -> Y | E42: =IF(VLOOKUP($A42,Dates,8,)>0,VLOOKUP($A42,Dates,8,)-VLOOKUP($A42,Jobs,8,)," ") -> 3 | F42: =IF(VLOOKUP($A42,Dates,16,)>0,"Y"," ") -> Y | G42: =IF(VLOOKUP($A42,Dates,16,)>0,VLOOKUP($A42,Dates,16,)-VLOOKUP($A42,Jobs,16,)," ") -> 6 | H42: =_xlfn.IFNA(IF(VLOOKUP($A46,Dates,17,)>0,"Y"," "),"") -> Y | I42: =IF(VLOOKUP($A46,Dates,17,)>0,VLOOKUP($A46,Dates,17,)-VLOOKUP($A46,Jobs,17,)," ") -> -4 | K42: =IF(VLOOKUP($A42,Dates,19,)>0,"Y"," ") | L42: =IF(VLOOKUP($A42,Dates,19,)>0,VLOOKUP($A42,Dates,19,)-VLOOKUP($A42,Jobs,19,)," ") | M42: =IF(VLOOKUP($A42,Dates,20,)>0,"Y"," ") | N42: =IF(VLOOKUP($A42,Dates,20,)>0,VLOOKUP($A42,Dates,20,)-VLOOKUP($A42,Jobs,20,)," ") | O42: =IF(VLOOKUP($A42,Dates,21,)>0,"Y"," ") | P42: =IF(VLOOKUP($A42,Dates,21,)>0,VLOOKUP($A42,Dates,21,)-VLOOKUP($A42,Jobs,21,)," ") | Q42: =IF(VLOOKUP($A42,Dates,23,)>0,"Y"," ") | R42: =IF(VLOOKUP($A42,Dates,23,)>0,VLOOKUP($A42,Dates,23,)-VLOOKUP($A42,Jobs,23,)," ") | S42: =IF(VLOOKUP($A42,Dates,24,)>0,"Y"," ") | T42: =IF(VLOOKUP($A42,Dates,24,)>0,VLOOKUP($A42,Dates,24,)-VLOOKUP($A42,Jobs,24,)," ") | U42: =IF(VLOOKUP($A42,Dates,26,)>0,"Y"," ") | V42: =IF(VLOOKUP($A42,Dates,26,)>0,VLOOKUP($A42,Dates,26,)-VLOOKUP($A42,Jobs,26,)," ") | W42: =IF(VLOOKUP($A42,Dates,27,)>0,"Y"," ") | X42: =IF(VLOOKUP($A42,Dates,27,)>0,VLOOKUP($A42,Dates,27,)-VLOOKUP($A42,Jobs,27,)," ") | Y42: =IF(VLOOKUP($A42,Dates,28,)>0,"Y"," ") | Z42: =IF(VLOOKUP($A42,Dates,28,)>0,VLOOKUP($A42,Dates,28,)-VLOOKUP($A42,Jobs,28,)," ") | AA42: =IF(VLOOKUP($A42,Dates,29,)>0,"Y"," ") | AB42: =IF(VLOOKUP($A42,Dates,29,)>0,VLOOKUP($A42,Dates,29,)-VLOOKUP($A42,Jobs,29,)," ") | AC42: =IF(VLOOKUP($A42,Dates,30,)>0,"Y"," ") | AD42: =IF(VLOOKUP($A42,Dates,30,)>0,VLOOKUP($A42,Dates,30,)-VLOOKUP($A42,Jobs,30,)," ") | AE42: =IF(VLOOKUP($A42,Dates,31,)>0,"Y"," ") | AF42: =IF(VLOOKUP($A42,Dates,31,)>0,VLOOKUP($A42,Dates,31,)-VLOOKUP($A42,Jobs,31,)," ") | AG42: =_xlfn.IFNA(VLOOKUP(A42,Dates,22,FALSE),"") -> 46183 | AH42: =_xlfn.IFNA(IF(Y42="Y","DONE",VLOOKUP(A42,'Date Calcs from Ship Date'!A:AE,27,0)),"") -> 46092 | AI42: =IFERROR(AH42-TODAY(),0) -> 19 | AJ42: =_xlfn.IFNA(IF(AC42="Y","DONE",VLOOKUP(A42,'Date Calcs from Ship Date'!A:AE,29,0)),"") -> 46092 | AK42: =IFERROR(AJ42-TODAY(),0) -> 19 | AL42: =_xlfn.IFNA(IF(AA42="Y","DONE",VLOOKUP(A42,'Date Calcs from Ship Date'!A:AI,28,0)),"") -> 46099 | AM42: =IFERROR(AL42-TODAY(),0) -> 26 | AN42: =IF(U42="Y","DONE",VLOOKUP(A42,'Date Calcs from Ship Date'!A:AE,25,0)) -> 46099 | AO42: =IFERROR(AP42-AN42,0) -> 7 | AP42: =IF(AE42="Y","DONE",VLOOKUP(A42,'Date Calcs from Ship Date'!A:AE,30,0)) -> 46106 | AQ42: =IFERROR(AP42-TODAY(),0) -> 33 | AR42: =_xlfn.IFNA(VLOOKUP(A42,'Date Calcs from Ship Date'!A:C,3,0),"") -> 46162 | AS42: =AG42-AR42 -> 21 | AU42: =IF(VLOOKUP(A42,Dates,32,)>0,VLOOKUP(A42,Dates,32,)," ")
A43: 26-002 | B43: =VLOOKUP(A43,Jobs,2,) -> SNF | D43: =IF(VLOOKUP($A43,Jobs,8,)>0,"Y"," ") -> Y | E43: =IF(VLOOKUP($A43,Dates,8,)>0,VLOOKUP($A43,Dates,8,)-VLOOKUP($A43,Jobs,8,)," ") -> 0 | F43: =IF(VLOOKUP($A43,Dates,16,)>0,"Y"," ") -> Y | G43: =IF(VLOOKUP($A43,Dates,16,)>0,VLOOKUP($A43,Dates,16,)-VLOOKUP($A43,Jobs,16,)," ") -> 3 | H43: =_xlfn.IFNA(IF(VLOOKUP($A47,Dates,17,)>0,"Y"," "),"") -> Y | I43: =IF(VLOOKUP($A47,Dates,17,)>0,VLOOKUP($A47,Dates,17,)-VLOOKUP($A47,Jobs,17,)," ") -> 1 | K43: =IF(VLOOKUP($A43,Dates,19,)>0,"Y"," ") | L43: =IF(VLOOKUP($A43,Dates,19,)>0,VLOOKUP($A43,Dates,19,)-VLOOKUP($A43,Jobs,19,)," ") | M43: =IF(VLOOKUP($A43,Dates,20,)>0,"Y"," ") | N43: =IF(VLOOKUP($A43,Dates,20,)>0,VLOOKUP($A43,Dates,20,)-VLOOKUP($A43,Jobs,20,)," ") | O43: =IF(VLOOKUP($A43,Dates,21,)>0,"Y"," ") | P43: =IF(VLOOKUP($A43,Dates,21,)>0,VLOOKUP($A43,Dates,21,)-VLOOKUP($A43,Jobs,21,)," ") | Q43: =IF(VLOOKUP($A43,Dates,23,)>0,"Y"," ") | R43: =IF(VLOOKUP($A43,Dates,23,)>0,VLOOKUP($A43,Dates,23,)-VLOOKUP($A43,Jobs,23,)," ") | S43: =IF(VLOOKUP($A43,Dates,24,)>0,"Y"," ") | T43: =IF(VLOOKUP($A43,Dates,24,)>0,VLOOKUP($A43,Dates,24,)-VLOOKUP($A43,Jobs,24,)," ") | U43: =IF(VLOOKUP($A43,Dates,26,)>0,"Y"," ") | V43: =IF(VLOOKUP($A43,Dates,26,)>0,VLOOKUP($A43,Dates,26,)-VLOOKUP($A43,Jobs,26,)," ") | W43: =IF(VLOOKUP($A43,Dates,27,)>0,"Y"," ") | X43: =IF(VLOOKUP($A43,Dates,27,)>0,VLOOKUP($A43,Dates,27,)-VLOOKUP($A43,Jobs,27,)," ") | Y43: =IF(VLOOKUP($A43,Dates,28,)>0,"Y"," ") | Z43: =IF(VLOOKUP($A43,Dates,28,)>0,VLOOKUP($A43,Dates,28,)-VLOOKUP($A43,Jobs,28,)," ") | AA43: =IF(VLOOKUP($A43,Dates,29,)>0,"Y"," ") | AB43: =IF(VLOOKUP($A43,Dates,29,)>0,VLOOKUP($A43,Dates,29,)-VLOOKUP($A43,Jobs,29,)," ") | AC43: =IF(VLOOKUP($A43,Dates,30,)>0,"Y"," ") | AD43: =IF(VLOOKUP($A43,Dates,30,)>0,VLOOKUP($A43,Dates,30,)-VLOOKUP($A43,Jobs,30,)," ") | AE43: =IF(VLOOKUP($A43,Dates,31,)>0,"Y"," ") | AF43: =IF(VLOOKUP($A43,Dates,31,)>0,VLOOKUP($A43,Dates,31,)-VLOOKUP($A43,Jobs,31,)," ") | AG43: =_xlfn.IFNA(VLOOKUP(A43,Dates,22,FALSE),"") -> 46206 | AH43: =_xlfn.IFNA(IF(Y43="Y","DONE",VLOOKUP(A43,'Date Calcs from Ship Date'!A:AE,27,0)),"") -> 46133 | AI43: =IFERROR(AH43-TODAY(),0) -> 60 | AJ43: =_xlfn.IFNA(IF(AC43="Y","DONE",VLOOKUP(A43,'Date Calcs from Ship Date'!A:AE,29,0)),"") -> 46133 | AK43: =IFERROR(AJ43-TODAY(),0) -> 60 | AL43: =_xlfn.IFNA(IF(AA43="Y","DONE",VLOOKUP(A43,'Date Calcs from Ship Date'!A:AI,28,0)),"") -> 46140 | AM43: =IFERROR(AL43-TODAY(),0) -> 67 | AN43: =IF(U43="Y","DONE",VLOOKUP(A43,'Date Calcs from Ship Date'!A:AE,25,0)) -> 46140 | AO43: =IFERROR(AP43-AN43,0) -> 7 | AP43: =IF(AE43="Y","DONE",VLOOKUP(A43,'Date Calcs from Ship Date'!A:AE,30,0)) -> 46147 | AQ43: =IFERROR(AP43-TODAY(),0) -> 74 | AR43: =_xlfn.IFNA(VLOOKUP(A43,'Date Calcs from Ship Date'!A:C,3,0),"") -> 46203 | AS43: =AG43-AR43 -> 3 | AU43: =IF(VLOOKUP(A43,Dates,32,)>0,VLOOKUP(A43,Dates,32,)," ")
A44: 26-003 | B44: =VLOOKUP(A44,Jobs,2,) -> SNF | D44: =IF(VLOOKUP($A44,Jobs,8,)>0,"Y"," ") -> Y | E44: =IF(VLOOKUP($A44,Dates,8,)>0,VLOOKUP($A44,Dates,8,)-VLOOKUP($A44,Jobs,8,)," ") -> 0 | F44: =IF(VLOOKUP($A44,Dates,16,)>0,"Y"," ") -> Y | G44: =IF(VLOOKUP($A44,Dates,16,)>0,VLOOKUP($A44,Dates,16,)-VLOOKUP($A44,Jobs,16,)," ") -> 3 | H44: =_xlfn.IFNA(IF(VLOOKUP($A48,Dates,17,)>0,"Y"," "),"") | I44: =IF(VLOOKUP($A48,Dates,17,)>0,VLOOKUP($A48,Dates,17,)-VLOOKUP($A48,Jobs,17,)," ") | K44: =IF(VLOOKUP($A44,Dates,19,)>0,"Y"," ") | L44: =IF(VLOOKUP($A44,Dates,19,)>0,VLOOKUP($A44,Dates,19,)-VLOOKUP($A44,Jobs,19,)," ") | M44: =IF(VLOOKUP($A44,Dates,20,)>0,"Y"," ") | N44: =IF(VLOOKUP($A44,Dates,20,)>0,VLOOKUP($A44,Dates,20,)-VLOOKUP($A44,Jobs,20,)," ") | O44: =IF(VLOOKUP($A44,Dates,21,)>0,"Y"," ") | P44: =IF(VLOOKUP($A44,Dates,21,)>0,VLOOKUP($A44,Dates,21,)-VLOOKUP($A44,Jobs,21,)," ") | Q44: =IF(VLOOKUP($A44,Dates,23,)>0,"Y"," ") | R44: =IF(VLOOKUP($A44,Dates,23,)>0,VLOOKUP($A44,Dates,23,)-VLOOKUP($A44,Jobs,23,)," ") | S44: =IF(VLOOKUP($A44,Dates,24,)>0,"Y"," ") | T44: =IF(VLOOKUP($A44,Dates,24,)>0,VLOOKUP($A44,Dates,24,)-VLOOKUP($A44,Jobs,24,)," ") | U44: =IF(VLOOKUP($A44,Dates,26,)>0,"Y"," ") | V44: =IF(VLOOKUP($A44,Dates,26,)>0,VLOOKUP($A44,Dates,26,)-VLOOKUP($A44,Jobs,26,)," ") | W44: =IF(VLOOKUP($A44,Dates,27,)>0,"Y"," ") | X44: =IF(VLOOKUP($A44,Dates,27,)>0,VLOOKUP($A44,Dates,27,)-VLOOKUP($A44,Jobs,27,)," ") | Y44: =IF(VLOOKUP($A44,Dates,28,)>0,"Y"," ") | Z44: =IF(VLOOKUP($A44,Dates,28,)>0,VLOOKUP($A44,Dates,28,)-VLOOKUP($A44,Jobs,28,)," ") | AA44: =IF(VLOOKUP($A44,Dates,29,)>0,"Y"," ") | AB44: =IF(VLOOKUP($A44,Dates,29,)>0,VLOOKUP($A44,Dates,29,)-VLOOKUP($A44,Jobs,29,)," ") | AC44: =IF(VLOOKUP($A44,Dates,30,)>0,"Y"," ") | AD44: =IF(VLOOKUP($A44,Dates,30,)>0,VLOOKUP($A44,Dates,30,)-VLOOKUP($A44,Jobs,30,)," ") | AE44: =IF(VLOOKUP($A44,Dates,31,)>0,"Y"," ") | AF44: =IF(VLOOKUP($A44,Dates,31,)>0,VLOOKUP($A44,Dates,31,)-VLOOKUP($A44,Jobs,31,)," ") | AG44: =_xlfn.IFNA(VLOOKUP(A44,Dates,22,FALSE),"") -> 46206 | AH44: =_xlfn.IFNA(IF(Y44="Y","DONE",VLOOKUP(A44,'Date Calcs from Ship Date'!A:AE,27,0)),"") -> 46133 | AI44: =IFERROR(AH44-TODAY(),0) -> 60 | AJ44: =_xlfn.IFNA(IF(AC44="Y","DONE",VLOOKUP(A44,'Date Calcs from Ship Date'!A:AE,29,0)),"") -> 46133 | AK44: =IFERROR(AJ44-TODAY(),0) -> 60 | AL44: =_xlfn.IFNA(IF(AA44="Y","DONE",VLOOKUP(A44,'Date Calcs from Ship Date'!A:AI,28,0)),"") -> 46140 | AM44: =IFERROR(AL44-TODAY(),0) -> 67 | AN44: =IF(U44="Y","DONE",VLOOKUP(A44,'Date Calcs from Ship Date'!A:AE,25,0)) -> 46140 | AO44: =IFERROR(AP44-AN44,0) -> 7 | AP44: =IF(AE44="Y","DONE",VLOOKUP(A44,'Date Calcs from Ship Date'!A:AE,30,0)) -> 46147 | AQ44: =IFERROR(AP44-TODAY(),0) -> 74 | AR44: =_xlfn.IFNA(VLOOKUP(A44,'Date Calcs from Ship Date'!A:C,3,0),"") -> 46203 | AS44: =AG44-AR44 -> 3 | AU44: =IF(VLOOKUP(A44,Dates,32,)>0,VLOOKUP(A44,Dates,32,)," ")
A45: 26-004 | B45: =VLOOKUP(A45,Jobs,2,) -> SNF | D45: =IF(VLOOKUP($A45,Jobs,8,)>0,"Y"," ") -> Y | E45: =IF(VLOOKUP($A45,Dates,8,)>0,VLOOKUP($A45,Dates,8,)-VLOOKUP($A45,Jobs,8,)," ") -> 0 | F45: =IF(VLOOKUP($A45,Dates,16,)>0,"Y"," ") -> Y | G45: =IF(VLOOKUP($A45,Dates,16,)>0,VLOOKUP($A45,Dates,16,)-VLOOKUP($A45,Jobs,16,)," ") -> 3 | H45: =_xlfn.IFNA(IF(VLOOKUP($A49,Dates,17,)>0,"Y"," "),"") -> Y | I45: =IF(VLOOKUP($A49,Dates,17,)>0,VLOOKUP($A49,Dates,17,)-VLOOKUP($A49,Jobs,17,)," ") -> -29 | K45: =IF(VLOOKUP($A45,Dates,19,)>0,"Y"," ") | L45: =IF(VLOOKUP($A45,Dates,19,)>0,VLOOKUP($A45,Dates,19,)-VLOOKUP($A45,Jobs,19,)," ") | M45: =IF(VLOOKUP($A45,Dates,20,)>0,"Y"," ") | N45: =IF(VLOOKUP($A45,Dates,20,)>0,VLOOKUP($A45,Dates,20,)-VLOOKUP($A45,Jobs,20,)," ") | O45: =IF(VLOOKUP($A45,Dates,21,)>0,"Y"," ") | P45: =IF(VLOOKUP($A45,Dates,21,)>0,VLOOKUP($A45,Dates,21,)-VLOOKUP($A45,Jobs,21,)," ") | Q45: =IF(VLOOKUP($A45,Dates,23,)>0,"Y"," ") | R45: =IF(VLOOKUP($A45,Dates,23,)>0,VLOOKUP($A45,Dates,23,)-VLOOKUP($A45,Jobs,23,)," ") | S45: =IF(VLOOKUP($A45,Dates,24,)>0,"Y"," ") | T45: =IF(VLOOKUP($A45,Dates,24,)>0,VLOOKUP($A45,Dates,24,)-VLOOKUP($A45,Jobs,24,)," ") | U45: =IF(VLOOKUP($A45,Dates,26,)>0,"Y"," ") | V45: =IF(VLOOKUP($A45,Dates,26,)>0,VLOOKUP($A45,Dates,26,)-VLOOKUP($A45,Jobs,26,)," ") | W45: =IF(VLOOKUP($A45,Dates,27,)>0,"Y"," ") | X45: =IF(VLOOKUP($A45,Dates,27,)>0,VLOOKUP($A45,Dates,27,)-VLOOKUP($A45,Jobs,27,)," ") | Y45: =IF(VLOOKUP($A45,Dates,28,)>0,"Y"," ") | Z45: =IF(VLOOKUP($A45,Dates,28,)>0,VLOOKUP($A45,Dates,28,)-VLOOKUP($A45,Jobs,28,)," ") | AA45: =IF(VLOOKUP($A45,Dates,29,)>0,"Y"," ") | AB45: =IF(VLOOKUP($A45,Dates,29,)>0,VLOOKUP($A45,Dates,29,)-VLOOKUP($A45,Jobs,29,)," ") | AC45: =IF(VLOOKUP($A45,Dates,30,)>0,"Y"," ") | AD45: =IF(VLOOKUP($A45,Dates,30,)>0,VLOOKUP($A45,Dates,30,)-VLOOKUP($A45,Jobs,30,)," ") | AE45: =IF(VLOOKUP($A45,Dates,31,)>0,"Y"," ") | AF45: =IF(VLOOKUP($A45,Dates,31,)>0,VLOOKUP($A45,Dates,31,)-VLOOKUP($A45,Jobs,31,)," ") | AG45: =_xlfn.IFNA(VLOOKUP(A45,Dates,22,FALSE),"") -> 46206 | AH45: =_xlfn.IFNA(IF(Y45="Y","DONE",VLOOKUP(A45,'Date Calcs from Ship Date'!A:AE,27,0)),"") -> 46133 | AI45: =IFERROR(AH45-TODAY(),0) -> 60 | AJ45: =_xlfn.IFNA(IF(AC45="Y","DONE",VLOOKUP(A45,'Date Calcs from Ship Date'!A:AE,29,0)),"") -> 46133 | AK45: =IFERROR(AJ45-TODAY(),0) -> 60 | AL45: =_xlfn.IFNA(IF(AA45="Y","DONE",VLOOKUP(A45,'Date Calcs from Ship Date'!A:AI,28,0)),"") -> 46140 | AM45: =IFERROR(AL45-TODAY(),0) -> 67 | AN45: =IF(U45="Y","DONE",VLOOKUP(A45,'Date Calcs from Ship Date'!A:AE,25,0)) -> 46140 | AO45: =IFERROR(AP45-AN45,0) -> 7 | AP45: =IF(AE45="Y","DONE",VLOOKUP(A45,'Date Calcs from Ship Date'!A:AE,30,0)) -> 46147 | AQ45: =IFERROR(AP45-TODAY(),0) -> 74 | AR45: =_xlfn.IFNA(VLOOKUP(A45,'Date Calcs from Ship Date'!A:C,3,0),"") -> 46203 | AS45: =AG45-AR45 -> 3 | AU45: =IF(VLOOKUP(A45,Dates,32,)>0,VLOOKUP(A45,Dates,32,)," ")
A46: 26-005 | B46: =VLOOKUP(A46,Jobs,2,) -> US Sugar | D46: =IF(VLOOKUP($A46,Jobs,8,)>0,"Y"," ") -> Y | E46: =IF(VLOOKUP($A46,Dates,8,)>0,VLOOKUP($A46,Dates,8,)-VLOOKUP($A46,Jobs,8,)," ") -> -4 | F46: =IF(VLOOKUP($A46,Dates,16,)>0,"Y"," ") -> Y | G46: =IF(VLOOKUP($A46,Dates,16,)>0,VLOOKUP($A46,Dates,16,)-VLOOKUP($A46,Jobs,16,)," ") -> -4 | H46: =_xlfn.IFNA(IF(VLOOKUP($A50,Dates,17,)>0,"Y"," "),"") -> Y | I46: =IF(VLOOKUP($A50,Dates,17,)>0,VLOOKUP($A50,Dates,17,)-VLOOKUP($A50,Jobs,17,)," ") -> 1 | K46: =IF(VLOOKUP($A46,Dates,19,)>0,"Y"," ") | L46: =IF(VLOOKUP($A46,Dates,19,)>0,VLOOKUP($A46,Dates,19,)-VLOOKUP($A46,Jobs,19,)," ") | M46: =IF(VLOOKUP($A46,Dates,20,)>0,"Y"," ") | N46: =IF(VLOOKUP($A46,Dates,20,)>0,VLOOKUP($A46,Dates,20,)-VLOOKUP($A46,Jobs,20,)," ") | O46: =IF(VLOOKUP($A46,Dates,21,)>0,"Y"," ") | P46: =IF(VLOOKUP($A46,Dates,21,)>0,VLOOKUP($A46,Dates,21,)-VLOOKUP($A46,Jobs,21,)," ") | Q46: =IF(VLOOKUP($A46,Dates,23,)>0,"Y"," ") | R46: =IF(VLOOKUP($A46,Dates,23,)>0,VLOOKUP($A46,Dates,23,)-VLOOKUP($A46,Jobs,23,)," ") | S46: =IF(VLOOKUP($A46,Dates,24,)>0,"Y"," ") | T46: =IF(VLOOKUP($A46,Dates,24,)>0,VLOOKUP($A46,Dates,24,)-VLOOKUP($A46,Jobs,24,)," ") | U46: =IF(VLOOKUP($A46,Dates,26,)>0,"Y"," ") | V46: =IF(VLOOKUP($A46,Dates,26,)>0,VLOOKUP($A46,Dates,26,)-VLOOKUP($A46,Jobs,26,)," ") | W46: =IF(VLOOKUP($A46,Dates,27,)>0,"Y"," ") | X46: =IF(VLOOKUP($A46,Dates,27,)>0,VLOOKUP($A46,Dates,27,)-VLOOKUP($A46,Jobs,27,)," ") | Y46: =IF(VLOOKUP($A46,Dates,28,)>0,"Y"," ") | Z46: =IF(VLOOKUP($A46,Dates,28,)>0,VLOOKUP($A46,Dates,28,)-VLOOKUP($A46,Jobs,28,)," ") | AA46: =IF(VLOOKUP($A46,Dates,29,)>0,"Y"," ") | AB46: =IF(VLOOKUP($A46,Dates,29,)>0,VLOOKUP($A46,Dates,29,)-VLOOKUP($A46,Jobs,29,)," ") | AC46: =IF(VLOOKUP($A46,Dates,30,)>0,"Y"," ") | AD46: =IF(VLOOKUP($A46,Dates,30,)>0,VLOOKUP($A46,Dates,30,)-VLOOKUP($A46,Jobs,30,)," ") | AE46: =IF(VLOOKUP($A46,Dates,31,)>0,"Y"," ") | AF46: =IF(VLOOKUP($A46,Dates,31,)>0,VLOOKUP($A46,Dates,31,)-VLOOKUP($A46,Jobs,31,)," ") | AG46: =_xlfn.IFNA(VLOOKUP(A46,Dates,22,FALSE),"") -> 46211 | AH46: =_xlfn.IFNA(IF(Y46="Y","DONE",VLOOKUP(A46,'Date Calcs from Ship Date'!A:AE,27,0)),"") -> 46099 | AI46: =IFERROR(AH46-TODAY(),0) -> 26 | AJ46: =_xlfn.IFNA(IF(AC46="Y","DONE",VLOOKUP(A46,'Date Calcs from Ship Date'!A:AE,29,0)),"") -> 46099 | AK46: =IFERROR(AJ46-TODAY(),0) -> 26 | AL46: =_xlfn.IFNA(IF(AA46="Y","DONE",VLOOKUP(A46,'Date Calcs from Ship Date'!A:AI,28,0)),"") -> 46106 | AM46: =IFERROR(AL46-TODAY(),0) -> 33 | AN46: =IF(U46="Y","DONE",VLOOKUP(A46,'Date Calcs from Ship Date'!A:AE,25,0)) -> 46106 | AO46: =IFERROR(AP46-AN46,0) -> 7 | AP46: =IF(AE46="Y","DONE",VLOOKUP(A46,'Date Calcs from Ship Date'!A:AE,30,0)) -> 46113 | AQ46: =IFERROR(AP46-TODAY(),0) -> 40 | AR46: =_xlfn.IFNA(VLOOKUP(A46,'Date Calcs from Ship Date'!A:C,3,0),"") -> 46176 | AS46: =AG46-AR46 -> 35 | AU46: =IF(VLOOKUP(A46,Dates,32,)>0,VLOOKUP(A46,Dates,32,)," ")
A47: 26-014 | B47: =VLOOKUP(A47,Jobs,2,) -> SNF | D47: =IF(VLOOKUP($A47,Jobs,8,)>0,"Y"," ") -> Y | E47: =IF(VLOOKUP($A47,Dates,8,)>0,VLOOKUP($A47,Dates,8,)-VLOOKUP($A47,Jobs,8,)," ") -> 2 | F47: =IF(VLOOKUP($A47,Dates,16,)>0,"Y"," ") -> Y | G47: =IF(VLOOKUP($A47,Dates,16,)>0,VLOOKUP($A47,Dates,16,)-VLOOKUP($A47,Jobs,16,)," ") -> 1 | H47: =_xlfn.IFNA(IF(VLOOKUP($A51,Dates,17,)>0,"Y"," "),"") -> Y | I47: =IF(VLOOKUP($A51,Dates,17,)>0,VLOOKUP($A51,Dates,17,)-VLOOKUP($A51,Jobs,17,)," ") -> 1 | K47: =IF(VLOOKUP($A47,Dates,19,)>0,"Y"," ") | L47: =IF(VLOOKUP($A47,Dates,19,)>0,VLOOKUP($A47,Dates,19,)-VLOOKUP($A47,Jobs,19,)," ") | M47: =IF(VLOOKUP($A47,Dates,20,)>0,"Y"," ") | N47: =IF(VLOOKUP($A47,Dates,20,)>0,VLOOKUP($A47,Dates,20,)-VLOOKUP($A47,Jobs,20,)," ") | O47: =IF(VLOOKUP($A47,Dates,21,)>0,"Y"," ") | P47: =IF(VLOOKUP($A47,Dates,21,)>0,VLOOKUP($A47,Dates,21,)-VLOOKUP($A47,Jobs,21,)," ") | Q47: =IF(VLOOKUP($A47,Dates,23,)>0,"Y"," ") | R47: =IF(VLOOKUP($A47,Dates,23,)>0,VLOOKUP($A47,Dates,23,)-VLOOKUP($A47,Jobs,23,)," ") | S47: =IF(VLOOKUP($A47,Dates,24,)>0,"Y"," ") | T47: =IF(VLOOKUP($A47,Dates,24,)>0,VLOOKUP($A47,Dates,24,)-VLOOKUP($A47,Jobs,24,)," ") | U47: =IF(VLOOKUP($A47,Dates,26,)>0,"Y"," ") | V47: =IF(VLOOKUP($A47,Dates,26,)>0,VLOOKUP($A47,Dates,26,)-VLOOKUP($A47,Jobs,26,)," ") | W47: =IF(VLOOKUP($A47,Dates,27,)>0,"Y"," ") | X47: =IF(VLOOKUP($A47,Dates,27,)>0,VLOOKUP($A47,Dates,27,)-VLOOKUP($A47,Jobs,27,)," ") | Y47: =IF(VLOOKUP($A47,Dates,28,)>0,"Y"," ") | Z47: =IF(VLOOKUP($A47,Dates,28,)>0,VLOOKUP($A47,Dates,28,)-VLOOKUP($A47,Jobs,28,)," ") | AA47: =IF(VLOOKUP($A47,Dates,29,)>0,"Y"," ") | AB47: =IF(VLOOKUP($A47,Dates,29,)>0,VLOOKUP($A47,Dates,29,)-VLOOKUP($A47,Jobs,29,)," ") | AC47: =IF(VLOOKUP($A47,Dates,30,)>0,"Y"," ") | AD47: =IF(VLOOKUP($A47,Dates,30,)>0,VLOOKUP($A47,Dates,30,)-VLOOKUP($A47,Jobs,30,)," ") | AE47: =IF(VLOOKUP($A47,Dates,31,)>0,"Y"," ") | AF47: =IF(VLOOKUP($A47,Dates,31,)>0,VLOOKUP($A47,Dates,31,)-VLOOKUP($A47,Jobs,31,)," ") | AG47: =_xlfn.IFNA(VLOOKUP(A47,Dates,22,FALSE),"") -> 46197 | AH47: =_xlfn.IFNA(IF(Y47="Y","DONE",VLOOKUP(A47,'Date Calcs from Ship Date'!A:AE,27,0)),"") -> 46093 | AI47: =IFERROR(AH47-TODAY(),0) -> 20 | AJ47: =_xlfn.IFNA(IF(AC47="Y","DONE",VLOOKUP(A47,'Date Calcs from Ship Date'!A:AE,29,0)),"") -> 46093 | AK47: =IFERROR(AJ47-TODAY(),0) -> 20 | AL47: =_xlfn.IFNA(IF(AA47="Y","DONE",VLOOKUP(A47,'Date Calcs from Ship Date'!A:AI,28,0)),"") -> 46100 | AM47: =IFERROR(AL47-TODAY(),0) -> 27 | AN47: =IF(U47="Y","DONE",VLOOKUP(A47,'Date Calcs from Ship Date'!A:AE,25,0)) -> 46100 | AO47: =IFERROR(AP47-AN47,0) -> 7 | AP47: =IF(AE47="Y","DONE",VLOOKUP(A47,'Date Calcs from Ship Date'!A:AE,30,0)) -> 46107 | AQ47: =IFERROR(AP47-TODAY(),0) -> 34 | AR47: =_xlfn.IFNA(VLOOKUP(A47,'Date Calcs from Ship Date'!A:C,3,0),"") -> 46170 | AS47: =AG47-AR47 -> 27 | AU47: =IF(VLOOKUP(A47,Dates,32,)>0,VLOOKUP(A47,Dates,32,)," ")
A48: 26-015 | B48: =VLOOKUP(A48,Jobs,2,) -> SNF | D48: =IF(VLOOKUP($A48,Jobs,8,)>0,"Y"," ") -> Y | E48: =IF(VLOOKUP($A48,Dates,8,)>0,VLOOKUP($A48,Dates,8,)-VLOOKUP($A48,Jobs,8,)," ") | F48: =IF(VLOOKUP($A48,Dates,16,)>0,"Y"," ") | G48: =IF(VLOOKUP($A48,Dates,16,)>0,VLOOKUP($A48,Dates,16,)-VLOOKUP($A48,Jobs,16,)," ") | H48: =_xlfn.IFNA(IF(VLOOKUP($A52,Dates,17,)>0,"Y"," "),"") | I48: =IF(VLOOKUP($A52,Dates,17,)>0,VLOOKUP($A52,Dates,17,)-VLOOKUP($A52,Jobs,17,)," ") -> #N/A | K48: =IF(VLOOKUP($A48,Dates,19,)>0,"Y"," ") | L48: =IF(VLOOKUP($A48,Dates,19,)>0,VLOOKUP($A48,Dates,19,)-VLOOKUP($A48,Jobs,19,)," ") | M48: =IF(VLOOKUP($A48,Dates,20,)>0,"Y"," ") | N48: =IF(VLOOKUP($A48,Dates,20,)>0,VLOOKUP($A48,Dates,20,)-VLOOKUP($A48,Jobs,20,)," ") | O48: =IF(VLOOKUP($A48,Dates,21,)>0,"Y"," ") | P48: =IF(VLOOKUP($A48,Dates,21,)>0,VLOOKUP($A48,Dates,21,)-VLOOKUP($A48,Jobs,21,)," ") | Q48: =IF(VLOOKUP($A48,Dates,23,)>0,"Y"," ") | R48: =IF(VLOOKUP($A48,Dates,23,)>0,VLOOKUP($A48,Dates,23,)-VLOOKUP($A48,Jobs,23,)," ") | S48: =IF(VLOOKUP($A48,Dates,24,)>0,"Y"," ") | T48: =IF(VLOOKUP($A48,Dates,24,)>0,VLOOKUP($A48,Dates,24,)-VLOOKUP($A48,Jobs,24,)," ") | U48: =IF(VLOOKUP($A48,Dates,26,)>0,"Y"," ") | V48: =IF(VLOOKUP($A48,Dates,26,)>0,VLOOKUP($A48,Dates,26,)-VLOOKUP($A48,Jobs,26,)," ") | W48: =IF(VLOOKUP($A48,Dates,27,)>0,"Y"," ") | X48: =IF(VLOOKUP($A48,Dates,27,)>0,VLOOKUP($A48,Dates,27,)-VLOOKUP($A48,Jobs,27,)," ") | Y48: =IF(VLOOKUP($A48,Dates,28,)>0,"Y"," ") | Z48: =IF(VLOOKUP($A48,Dates,28,)>0,VLOOKUP($A48,Dates,28,)-VLOOKUP($A48,Jobs,28,)," ") | AA48: =IF(VLOOKUP($A48,Dates,29,)>0,"Y"," ") | AB48: =IF(VLOOKUP($A48,Dates,29,)>0,VLOOKUP($A48,Dates,29,)-VLOOKUP($A48,Jobs,29,)," ") | AC48: =IF(VLOOKUP($A48,Dates,30,)>0,"Y"," ") | AD48: =IF(VLOOKUP($A48,Dates,30,)>0,VLOOKUP($A48,Dates,30,)-VLOOKUP($A48,Jobs,30,)," ") | AE48: =IF(VLOOKUP($A48,Dates,31,)>0,"Y"," ") | AF48: =IF(VLOOKUP($A48,Dates,31,)>0,VLOOKUP($A48,Dates,31,)-VLOOKUP($A48,Jobs,31,)," ") | AG48: =_xlfn.IFNA(VLOOKUP(A48,Dates,22,FALSE),"") -> 46232 | AH48: =_xlfn.IFNA(IF(Y48="Y","DONE",VLOOKUP(A48,'Date Calcs from Ship Date'!A:AE,27,0)),"") -> 46134 | AI48: =IFERROR(AH48-TODAY(),0) -> 61 | AJ48: =_xlfn.IFNA(IF(AC48="Y","DONE",VLOOKUP(A48,'Date Calcs from Ship Date'!A:AE,29,0)),"") -> 46134 | AK48: =IFERROR(AJ48-TODAY(),0) -> 61 | AL48: =_xlfn.IFNA(IF(AA48="Y","DONE",VLOOKUP(A48,'Date Calcs from Ship Date'!A:AI,28,0)),"") -> 46141 | AM48: =IFERROR(AL48-TODAY(),0) -> 68 | AN48: =IF(U48="Y","DONE",VLOOKUP(A48,'Date Calcs from Ship Date'!A:AE,25,0)) -> 46141 | AO48: =IFERROR(AP48-AN48,0) -> 7 | AP48: =IF(AE48="Y","DONE",VLOOKUP(A48,'Date Calcs from Ship Date'!A:AE,30,0)) -> 46148 | AQ48: =IFERROR(AP48-TODAY(),0) -> 75 | AR48: =_xlfn.IFNA(VLOOKUP(A48,'Date Calcs from Ship Date'!A:C,3,0),"") -> 46197 | AS48: =AG48-AR48 -> 35 | AU48: =IF(VLOOKUP(A48,Dates,32,)>0,VLOOKUP(A48,Dates,32,)," ")
A49: 26-016 | B49: =VLOOKUP(A49,Jobs,2,) -> SNF | D49: =IF(VLOOKUP($A49,Jobs,8,)>0,"Y"," ") -> Y | E49: =IF(VLOOKUP($A49,Dates,8,)>0,VLOOKUP($A49,Dates,8,)-VLOOKUP($A49,Jobs,8,)," ") | F49: =IF(VLOOKUP($A49,Dates,16,)>0,"Y"," ") -> Y | G49: =IF(VLOOKUP($A49,Dates,16,)>0,VLOOKUP($A49,Dates,16,)-VLOOKUP($A49,Jobs,16,)," ") -> -13 | H49: =_xlfn.IFNA(IF(VLOOKUP($A53,Dates,17,)>0,"Y"," "),"") | I49: =IF(VLOOKUP($A53,Dates,17,)>0,VLOOKUP($A53,Dates,17,)-VLOOKUP($A53,Jobs,17,)," ") -> #N/A | K49: =IF(VLOOKUP($A49,Dates,19,)>0,"Y"," ") | L49: =IF(VLOOKUP($A49,Dates,19,)>0,VLOOKUP($A49,Dates,19,)-VLOOKUP($A49,Jobs,19,)," ") | M49: =IF(VLOOKUP($A49,Dates,20,)>0,"Y"," ") | N49: =IF(VLOOKUP($A49,Dates,20,)>0,VLOOKUP($A49,Dates,20,)-VLOOKUP($A49,Jobs,20,)," ") | O49: =IF(VLOOKUP($A49,Dates,21,)>0,"Y"," ") | P49: =IF(VLOOKUP($A49,Dates,21,)>0,VLOOKUP($A49,Dates,21,)-VLOOKUP($A49,Jobs,21,)," ") | Q49: =IF(VLOOKUP($A49,Dates,23,)>0,"Y"," ") | R49: =IF(VLOOKUP($A49,Dates,23,)>0,VLOOKUP($A49,Dates,23,)-VLOOKUP($A49,Jobs,23,)," ") | S49: =IF(VLOOKUP($A49,Dates,24,)>0,"Y"," ") | T49: =IF(VLOOKUP($A49,Dates,24,)>0,VLOOKUP($A49,Dates,24,)-VLOOKUP($A49,Jobs,24,)," ") | U49: =IF(VLOOKUP($A49,Dates,26,)>0,"Y"," ") | V49: =IF(VLOOKUP($A49,Dates,26,)>0,VLOOKUP($A49,Dates,26,)-VLOOKUP($A49,Jobs,26,)," ") | W49: =IF(VLOOKUP($A49,Dates,27,)>0,"Y"," ") | X49: =IF(VLOOKUP($A49,Dates,27,)>0,VLOOKUP($A49,Dates,27,)-VLOOKUP($A49,Jobs,27,)," ") | Y49: =IF(VLOOKUP($A49,Dates,28,)>0,"Y"," ") | Z49: =IF(VLOOKUP($A49,Dates,28,)>0,VLOOKUP($A49,Dates,28,)-VLOOKUP($A49,Jobs,28,)," ") | AA49: =IF(VLOOKUP($A49,Dates,29,)>0,"Y"," ") | AB49: =IF(VLOOKUP($A49,Dates,29,)>0,VLOOKUP($A49,Dates,29,)-VLOOKUP($A49,Jobs,29,)," ") | AC49: =IF(VLOOKUP($A49,Dates,30,)>0,"Y"," ") | AD49: =IF(VLOOKUP($A49,Dates,30,)>0,VLOOKUP($A49,Dates,30,)-VLOOKUP($A49,Jobs,30,)," ") | AE49: =IF(VLOOKUP($A49,Dates,31,)>0,"Y"," ") | AF49: =IF(VLOOKUP($A49,Dates,31,)>0,VLOOKUP($A49,Dates,31,)-VLOOKUP($A49,Jobs,31,)," ") | AG49: =_xlfn.IFNA(VLOOKUP(A49,Dates,22,FALSE),"") -> 46225 | AH49: =_xlfn.IFNA(IF(Y49="Y","DONE",VLOOKUP(A49,'Date Calcs from Ship Date'!A:AE,27,0)),"") -> 46100 | AI49: =IFERROR(AH49-TODAY(),0) -> 27 | AJ49: =_xlfn.IFNA(IF(AC49="Y","DONE",VLOOKUP(A49,'Date Calcs from Ship Date'!A:AE,29,0)),"") -> 46100 | AK49: =IFERROR(AJ49-TODAY(),0) -> 27 | AL49: =_xlfn.IFNA(IF(AA49="Y","DONE",VLOOKUP(A49,'Date Calcs from Ship Date'!A:AI,28,0)),"") -> 46107 | AM49: =IFERROR(AL49-TODAY(),0) -> 34 | AN49: =IF(U49="Y","DONE",VLOOKUP(A49,'Date Calcs from Ship Date'!A:AE,25,0)) -> 46107 | AO49: =IFERROR(AP49-AN49,0) -> 7 | AP49: =IF(AE49="Y","DONE",VLOOKUP(A49,'Date Calcs from Ship Date'!A:AE,30,0)) -> 46114 | AQ49: =IFERROR(AP49-TODAY(),0) -> 41 | AR49: =_xlfn.IFNA(VLOOKUP(A49,'Date Calcs from Ship Date'!A:C,3,0),"") -> 46177 | AS49: =AG49-AR49 -> 48 | AU49: =IF(VLOOKUP(A49,Dates,32,)>0,VLOOKUP(A49,Dates,32,)," ")
A50: 26-017 | B50: =VLOOKUP(A50,Jobs,2,) -> SNF | D50: =IF(VLOOKUP($A50,Jobs,8,)>0,"Y"," ") -> Y | E50: =IF(VLOOKUP($A50,Dates,8,)>0,VLOOKUP($A50,Dates,8,)-VLOOKUP($A50,Jobs,8,)," ") -> 2 | F50: =IF(VLOOKUP($A50,Dates,16,)>0,"Y"," ") -> Y | G50: =IF(VLOOKUP($A50,Dates,16,)>0,VLOOKUP($A50,Dates,16,)-VLOOKUP($A50,Jobs,16,)," ") -> 1 | H50: =_xlfn.IFNA(IF(VLOOKUP($A54,Dates,17,)>0,"Y"," "),"") | I50: =IF(VLOOKUP($A54,Dates,17,)>0,VLOOKUP($A54,Dates,17,)-VLOOKUP($A54,Jobs,17,)," ") -> #N/A | K50: =IF(VLOOKUP($A50,Dates,19,)>0,"Y"," ") | L50: =IF(VLOOKUP($A50,Dates,19,)>0,VLOOKUP($A50,Dates,19,)-VLOOKUP($A50,Jobs,19,)," ") | M50: =IF(VLOOKUP($A50,Dates,20,)>0,"Y"," ") | N50: =IF(VLOOKUP($A50,Dates,20,)>0,VLOOKUP($A50,Dates,20,)-VLOOKUP($A50,Jobs,20,)," ") | O50: =IF(VLOOKUP($A50,Dates,21,)>0,"Y"," ") | P50: =IF(VLOOKUP($A50,Dates,21,)>0,VLOOKUP($A50,Dates,21,)-VLOOKUP($A50,Jobs,21,)," ") | Q50: =IF(VLOOKUP($A50,Dates,23,)>0,"Y"," ") | R50: =IF(VLOOKUP($A50,Dates,23,)>0,VLOOKUP($A50,Dates,23,)-VLOOKUP($A50,Jobs,23,)," ") | S50: =IF(VLOOKUP($A50,Dates,24,)>0,"Y"," ") | T50: =IF(VLOOKUP($A50,Dates,24,)>0,VLOOKUP($A50,Dates,24,)-VLOOKUP($A50,Jobs,24,)," ") | U50: =IF(VLOOKUP($A50,Dates,26,)>0,"Y"," ") | V50: =IF(VLOOKUP($A50,Dates,26,)>0,VLOOKUP($A50,Dates,26,)-VLOOKUP($A50,Jobs,26,)," ") | W50: =IF(VLOOKUP($A50,Dates,27,)>0,"Y"," ") | X50: =IF(VLOOKUP($A50,Dates,27,)>0,VLOOKUP($A50,Dates,27,)-VLOOKUP($A50,Jobs,27,)," ") | Y50: =IF(VLOOKUP($A50,Dates,28,)>0,"Y"," ") | Z50: =IF(VLOOKUP($A50,Dates,28,)>0,VLOOKUP($A50,Dates,28,)-VLOOKUP($A50,Jobs,28,)," ") | AA50: =IF(VLOOKUP($A50,Dates,29,)>0,"Y"," ") | AB50: =IF(VLOOKUP($A50,Dates,29,)>0,VLOOKUP($A50,Dates,29,)-VLOOKUP($A50,Jobs,29,)," ") | AC50: =IF(VLOOKUP($A50,Dates,30,)>0,"Y"," ") | AD50: =IF(VLOOKUP($A50,Dates,30,)>0,VLOOKUP($A50,Dates,30,)-VLOOKUP($A50,Jobs,30,)," ") | AE50: =IF(VLOOKUP($A50,Dates,31,)>0,"Y"," ") | AF50: =IF(VLOOKUP($A50,Dates,31,)>0,VLOOKUP($A50,Dates,31,)-VLOOKUP($A50,Jobs,31,)," ") | AG50: =_xlfn.IFNA(VLOOKUP(A50,Dates,22,FALSE),"") -> 46225 | AH50: =_xlfn.IFNA(IF(Y50="Y","DONE",VLOOKUP(A50,'Date Calcs from Ship Date'!A:AE,27,0)),"") -> 46121 | AI50: =IFERROR(AH50-TODAY(),0) -> 48 | AJ50: =_xlfn.IFNA(IF(AC50="Y","DONE",VLOOKUP(A50,'Date Calcs from Ship Date'!A:AE,29,0)),"") -> 46121 | AK50: =IFERROR(AJ50-TODAY(),0) -> 48 | AL50: =_xlfn.IFNA(IF(AA50="Y","DONE",VLOOKUP(A50,'Date Calcs from Ship Date'!A:AI,28,0)),"") -> 46128 | AM50: =IFERROR(AL50-TODAY(),0) -> 55 | AN50: =IF(U50="Y","DONE",VLOOKUP(A50,'Date Calcs from Ship Date'!A:AE,25,0)) -> 46128 | AO50: =IFERROR(AP50-AN50,0) -> 7 | AP50: =IF(AE50="Y","DONE",VLOOKUP(A50,'Date Calcs from Ship Date'!A:AE,30,0)) -> 46135 | AQ50: =IFERROR(AP50-TODAY(),0) -> 62 | AR50: =_xlfn.IFNA(VLOOKUP(A50,'Date Calcs from Ship Date'!A:C,3,0),"") -> 46198 | AS50: =AG50-AR50 -> 27 | AU50: =IF(VLOOKUP(A50,Dates,32,)>0,VLOOKUP(A50,Dates,32,)," ")
A51: 26-018 | B51: =VLOOKUP(A51,Jobs,2,) -> SNF | D51: =IF(VLOOKUP($A51,Jobs,8,)>0,"Y"," ") -> Y | E51: =IF(VLOOKUP($A51,Dates,8,)>0,VLOOKUP($A51,Dates,8,)-VLOOKUP($A51,Jobs,8,)," ") -> 2 | F51: =IF(VLOOKUP($A51,Dates,16,)>0,"Y"," ") -> Y | G51: =IF(VLOOKUP($A51,Dates,16,)>0,VLOOKUP($A51,Dates,16,)-VLOOKUP($A51,Jobs,16,)," ") -> 1 | H51: =_xlfn.IFNA(IF(VLOOKUP($A55,Dates,17,)>0,"Y"," "),"") | I51: =IF(VLOOKUP($A55,Dates,17,)>0,VLOOKUP($A55,Dates,17,)-VLOOKUP($A55,Jobs,17,)," ") -> #N/A | K51: =IF(VLOOKUP($A51,Dates,19,)>0,"Y"," ") | L51: =IF(VLOOKUP($A51,Dates,19,)>0,VLOOKUP($A51,Dates,19,)-VLOOKUP($A51,Jobs,19,)," ") | M51: =IF(VLOOKUP($A51,Dates,20,)>0,"Y"," ") | N51: =IF(VLOOKUP($A51,Dates,20,)>0,VLOOKUP($A51,Dates,20,)-VLOOKUP($A51,Jobs,20,)," ") | O51: =IF(VLOOKUP($A51,Dates,21,)>0,"Y"," ") | P51: =IF(VLOOKUP($A51,Dates,21,)>0,VLOOKUP($A51,Dates,21,)-VLOOKUP($A51,Jobs,21,)," ") | Q51: =IF(VLOOKUP($A51,Dates,23,)>0,"Y"," ") | R51: =IF(VLOOKUP($A51,Dates,23,)>0,VLOOKUP($A51,Dates,23,)-VLOOKUP($A51,Jobs,23,)," ") | S51: =IF(VLOOKUP($A51,Dates,24,)>0,"Y"," ") | T51: =IF(VLOOKUP($A51,Dates,24,)>0,VLOOKUP($A51,Dates,24,)-VLOOKUP($A51,Jobs,24,)," ") | U51: =IF(VLOOKUP($A51,Dates,26,)>0,"Y"," ") | V51: =IF(VLOOKUP($A51,Dates,26,)>0,VLOOKUP($A51,Dates,26,)-VLOOKUP($A51,Jobs,26,)," ") | W51: =IF(VLOOKUP($A51,Dates,27,)>0,"Y"," ") | X51: =IF(VLOOKUP($A51,Dates,27,)>0,VLOOKUP($A51,Dates,27,)-VLOOKUP($A51,Jobs,27,)," ") | Y51: =IF(VLOOKUP($A51,Dates,28,)>0,"Y"," ") | Z51: =IF(VLOOKUP($A51,Dates,28,)>0,VLOOKUP($A51,Dates,28,)-VLOOKUP($A51,Jobs,28,)," ") | AA51: =IF(VLOOKUP($A51,Dates,29,)>0,"Y"," ") | AB51: =IF(VLOOKUP($A51,Dates,29,)>0,VLOOKUP($A51,Dates,29,)-VLOOKUP($A51,Jobs,29,)," ") | AC51: =IF(VLOOKUP($A51,Dates,30,)>0,"Y"," ") | AD51: =IF(VLOOKUP($A51,Dates,30,)>0,VLOOKUP($A51,Dates,30,)-VLOOKUP($A51,Jobs,30,)," ") | AE51: =IF(VLOOKUP($A51,Dates,31,)>0,"Y"," ") | AF51: =IF(VLOOKUP($A51,Dates,31,)>0,VLOOKUP($A51,Dates,31,)-VLOOKUP($A51,Jobs,31,)," ") | AG51: =_xlfn.IFNA(VLOOKUP(A51,Dates,22,FALSE),"") -> 46225 | AH51: =_xlfn.IFNA(IF(Y51="Y","DONE",VLOOKUP(A51,'Date Calcs from Ship Date'!A:AE,27,0)),"") -> 46121 | AI51: =IFERROR(AH51-TODAY(),0) -> 48 | AJ51: =_xlfn.IFNA(IF(AC51="Y","DONE",VLOOKUP(A51,'Date Calcs from Ship Date'!A:AE,29,0)),"") -> 46121 | AK51: =IFERROR(AJ51-TODAY(),0) -> 48 | AL51: =_xlfn.IFNA(IF(AA51="Y","DONE",VLOOKUP(A51,'Date Calcs from Ship Date'!A:AI,28,0)),"") -> 46128 | AM51: =IFERROR(AL51-TODAY(),0) -> 55 | AN51: =IF(U51="Y","DONE",VLOOKUP(A51,'Date Calcs from Ship Date'!A:AE,25,0)) -> 46128 | AO51: =IFERROR(AP51-AN51,0) -> 7 | AP51: =IF(AE51="Y","DONE",VLOOKUP(A51,'Date Calcs from Ship Date'!A:AE,30,0)) -> 46135 | AQ51: =IFERROR(AP51-TODAY(),0) -> 62 | AR51: =_xlfn.IFNA(VLOOKUP(A51,'Date Calcs from Ship Date'!A:C,3,0),"") -> 46198 | AS51: =AG51-AR51 -> 27 | AU51: =IF(VLOOKUP(A51,Dates,32,)>0,VLOOKUP(A51,Dates,32,)," ")

Sheet Actual Dates
H1: Actual Dates
H2: 8 | I2: 9 | J2: 10 | K2: 11 | L2: 12 | M2: 13 | N2: 14 | O2: 15 | P2: 16 | Q2: 17 | R2: 18 | S2: 19 | T2: 20 | U2: 21 | V2: 22 | W2: 23 | X2: 24 | Y2: 25 | Z2: 26 | AA2: 27 | AB2: 28 | AC2: 29 | AD2: 30 | AE2: 31 | AF2: 32
A3: Job | B3: Submitted 0 | C3: Submitted 1 | D3: Submitted 2 | E3: Submitted 3 | F3: Rev | G3: Aproved | H3: App. Prints Submitted | I3: Customer Response | J3: Resubmit | K3: Customer Response | L3: Resubmit | M3: Customer Response | N3: Resubmit | O3: Customer Response | P3: Long lead time | Q3: Prelim BOM | R3: Rev | S3: Final Calcs | T3: A.I. | U3: Cert Dwgs | V3: Customer Drop Dead Date | W3: Update BOM | X3: Stock Check | Y3: Order Balance | Z3: All Purchased Parts Recv'd | AA3: Final BOM | AB3: Build Plan | AC3: Burn File | AD3: QC Checklist | AE3: Release | AF3: Delivery Date | AG3: Due Date | AH3: Date Complete
A4: 24-046 | B4: =IF(H4>0,"Y","N") -> Y | C4: =IF(I4>0,IF(J4>0,"Y","N"),"Y") -> Y | D4: =IF(K4>0,IF(L4>0,"Y","N"),"Y") -> Y | E4: =IF(M4>0,IF(N4>0,"Y","N"),"Y") -> Y | F4: =IF(N4>0,3,IF(L4>0,2,IF(J4>0,1,IF(H4>0,0," ")))) -> 3 | G4: =IF(U4=0," ","y") -> y | H4: 45544 | I4: 45782 | J4: 45801 | K4: 45846 | L4: 45854 | M4: 45868 | N4: 45875 | O4: 45877 | P4: 45531 | Q4: 45530 | R4: =IF(N4>0,4,IF(L4>0,3,IF(J4>0,2,IF(H4>0,1,0)))) -> 4 | S4: =U4 -> 45883 | U4: 45883 | V4: =_xlfn.IFNA(IF(U4="",VLOOKUP(A4,Jobs,23,0),U4+(VLOOKUP(A4,Jobs,7,FALSE)*7)+(VLOOKUP(A4,Jobs,22,FALSE)*7)),"") -> 46163 | W4: 45888 | X4: 45888 | Y4: 45967 | Z4: 45629 | AA4: 45967 | AB4: 45985 | AC4: 45979 | AD4: 45985 | AE4: 45996
A5: 25-010 | B5: =IF(H5>0,"Y","N") -> Y | C5: =IF(I5>0,IF(J5>0,"Y","N"),"Y") -> Y | D5: =IF(K5>0,IF(L5>0,"Y","N"),"Y") -> Y | E5: =IF(M5>0,IF(N5>0,"Y","N"),"Y") -> Y | F5: =IF(N5>0,3,IF(L5>0,2,IF(J5>0,1,IF(H5>0,0," ")))) -> 2 | G5: =IF(U5=0," ","y") -> y | H5: 45805 | I5: 45834 | J5: 45841 | K5: 45890 | L5: 45897 | P5: 45707 | Q5: 45705 | R5: =IF(N5>0,4,IF(L5>0,3,IF(J5>0,2,IF(H5>0,1,0)))) -> 3 | S5: =U5 -> 45897 | U5: 45897 | V5: =_xlfn.IFNA(IF(U5="",VLOOKUP(A5,Jobs,23,0),U5+(VLOOKUP(A5,Jobs,7,FALSE)*7)+(VLOOKUP(A5,Jobs,22,FALSE)*7)),"") -> 45995 | W5: 45863 | X5: 45863 | Y5: 45866 | Z5: 45873 | AA5: 45866 | AB5: 45999 | AC5: 46038 | AD5: 45673 | AE5: 46039
A6: 25-011 | B6: =IF(H6>0,"Y","N") -> Y | C6: =IF(I6>0,IF(J6>0,"Y","N"),"Y") -> Y | D6: =IF(K6>0,IF(L6>0,"Y","N"),"Y") -> Y | E6: =IF(M6>0,IF(N6>0,"Y","N"),"Y") -> Y | F6: =IF(N6>0,3,IF(L6>0,2,IF(J6>0,1,IF(H6>0,0," ")))) -> 2 | G6: =IF(U6=0," ","y") -> y | H6: 45772 | I6: 45806 | J6: 45812 | K6: 45897 | L6: 45904 | P6: 45706 | Q6: 45705 | R6: =IF(N6>0,4,IF(L6>0,3,IF(J6>0,2,IF(H6>0,1,0)))) -> 3 | S6: =U6 -> 45904 | U6: 45904 | V6: =_xlfn.IFNA(IF(U6="",VLOOKUP(A6,Jobs,23,0),U6+(VLOOKUP(A6,Jobs,7,FALSE)*7)+(VLOOKUP(A6,Jobs,22,FALSE)*7)),"") -> 46030 | W6: 45834 | X6: 45834 | Y6: 45835 | AA6: 45835 | AB6: 45961
A7: 25-012 | B7: =IF(H7>0,"Y","N") -> Y | C7: =IF(I7>0,IF(J7>0,"Y","N"),"Y") -> Y | D7: =IF(K7>0,IF(L7>0,"Y","N"),"Y") -> Y | E7: =IF(M7>0,IF(N7>0,"Y","N"),"Y") -> Y | F7: =IF(N7>0,3,IF(L7>0,2,IF(J7>0,1,IF(H7>0,0," ")))) -> 2 | G7: =IF(U7=0," ","y") -> y | H7: 45772 | I7: 45806 | J7: 45812 | K7: 45897 | L7: 45904 | P7: 45706 | Q7: 45705 | R7: =IF(N7>0,4,IF(L7>0,3,IF(J7>0,2,IF(H7>0,1,0)))) -> 3 | S7: =U7 -> 45904 | U7: 45904 | V7: =_xlfn.IFNA(IF(U7="",VLOOKUP(A7,Jobs,23,0),U7+(VLOOKUP(A7,Jobs,7,FALSE)*7)+(VLOOKUP(A7,Jobs,22,FALSE)*7)),"") -> 46030 | W7: 45838 | X7: 45838 | Y7: 45839 | Z7: 46002 | AA7: 45839 | AB7: 45664 | AC7: 46000 | AD7: 46029 | AE7: 46030
A8: 25-013 | B8: =IF(H8>0,"Y","N") -> Y | C8: =IF(I8>0,IF(J8>0,"Y","N"),"Y") -> Y | D8: =IF(K8>0,IF(L8>0,"Y","N"),"Y") -> Y | E8: =IF(M8>0,IF(N8>0,"Y","N"),"Y") -> Y | F8: =IF(N8>0,3,IF(L8>0,2,IF(J8>0,1,IF(H8>0,0," ")))) -> 1 | G8: =IF(U8=0," ","y") -> y | H8: 45741 | I8: 45806 | J8: 45812 | P8: 45706 | Q8: 45705 | R8: =IF(N8>0,4,IF(L8>0,3,IF(J8>0,2,IF(H8>0,1,0)))) -> 2 | S8: =U8 -> 45812 | U8: 45812 | V8: =_xlfn.IFNA(IF(U8="",VLOOKUP(A8,Jobs,23,0),U8+(VLOOKUP(A8,Jobs,7,FALSE)*7)+(VLOOKUP(A8,Jobs,22,FALSE)*7)),"") -> 45938 | W8: 45838 | X8: 45838 | Y8: 45840 | Z8: 45887 | AA8: 45840 | AB8: 45952 | AC8: 45953 | AD8: 45955 | AE8: 45957
A9: 25-014 | B9: =IF(H9>0,"Y","N") -> Y | C9: =IF(I9>0,IF(J9>0,"Y","N"),"Y") -> Y | D9: =IF(K9>0,IF(L9>0,"Y","N"),"Y") -> Y | E9: =IF(M9>0,IF(N9>0,"Y","N"),"Y") -> Y | F9: =IF(N9>0,3,IF(L9>0,2,IF(J9>0,1,IF(H9>0,0," ")))) -> 1 | G9: =IF(U9=0," ","y") -> y | H9: 45749 | I9: 45791 | J9: 45805 | P9: 45706 | Q9: 45705 | R9: =IF(N9>0,4,IF(L9>0,3,IF(J9>0,2,IF(H9>0,1,0)))) -> 2 | S9: =U9 -> 45805 | U9: 45805 | V9: =_xlfn.IFNA(IF(U9="",VLOOKUP(A9,Jobs,23,0),U9+(VLOOKUP(A9,Jobs,7,FALSE)*7)+(VLOOKUP(A9,Jobs,22,FALSE)*7)),"") -> 45931 | W9: 45839 | X9: 45839 | Y9: 45840 | AA9: 45840 | AB9: 45903 | AE9: 45903
A10: 25-015 | B10: =IF(H10>0,"Y","N") -> Y | C10: =IF(I10>0,IF(J10>0,"Y","N"),"Y") -> Y | D10: =IF(K10>0,IF(L10>0,"Y","N"),"Y") -> Y | E10: =IF(M10>0,IF(N10>0,"Y","N"),"Y") -> Y | F10: =IF(N10>0,3,IF(L10>0,2,IF(J10>0,1,IF(H10>0,0," ")))) -> 1 | G10: =IF(U10=0," ","y") -> y | H10: 45749 | I10: 45791 | J10: 45805 | P10: 45706 | Q10: 45705 | R10: =IF(N10>0,4,IF(L10>0,3,IF(J10>0,2,IF(H10>0,1,0)))) -> 2 | S10: =U10 -> 45805 | U10: 45805 | V10: =_xlfn.IFNA(IF(U10="",VLOOKUP(A10,Jobs,23,0),U10+(VLOOKUP(A10,Jobs,7,FALSE)*7)+(VLOOKUP(A10,Jobs,22,FALSE)*7)),"") -> 45959 | W10: 45854 | X10: 45854 | Y10: 45855 | AA10: 45855 | AB10: 45896 | AE10: 45896
A11: 25-016 | B11: =IF(H11>0,"Y","N") -> Y | C11: =IF(I11>0,IF(J11>0,"Y","N"),"Y") -> Y | D11: =IF(K11>0,IF(L11>0,"Y","N"),"Y") -> Y | E11: =IF(M11>0,IF(N11>0,"Y","N"),"Y") -> Y | F11: =IF(N11>0,3,IF(L11>0,2,IF(J11>0,1,IF(H11>0,0," ")))) -> 1 | G11: =IF(U11=0," ","y") -> y | H11: 45749 | I11: 45791 | J11: 45805 | P11: 45706 | Q11: 45705 | R11: =IF(N11>0,4,IF(L11>0,3,IF(J11>0,2,IF(H11>0,1,0)))) -> 2 | S11: =U11 -> 45805 | U11: 45805 | V11: =_xlfn.IFNA(IF(U11="",VLOOKUP(A11,Jobs,23,0),U11+(VLOOKUP(A11,Jobs,7,FALSE)*7)+(VLOOKUP(A11,Jobs,22,FALSE)*7)),"") -> 45959 | W11: 45859 | X11: 45859 | Y11: 45860 | Z11: 45915 | AA11: 45860 | AB11: 45979 | AC11: 45994 | AD11: 45994 | AE11: 45995
A12: 25-017 | B12: =IF(H12>0,"Y","N") -> Y | C12: =IF(I12>0,IF(J12>0,"Y","N"),"Y") -> Y | D12: =IF(K12>0,IF(L12>0,"Y","N"),"Y") -> Y | E12: =IF(M12>0,IF(N12>0,"Y","N"),"Y") -> Y | F12: =IF(N12>0,3,IF(L12>0,2,IF(J12>0,1,IF(H12>0,0," ")))) -> 1 | G12: =IF(U12=0," ","y") -> y | H12: 45726 | I12: 45754 | J12: 45769 | P12: 45706 | Q12: 45705 | R12: =IF(N12>0,4,IF(L12>0,3,IF(J12>0,2,IF(H12>0,1,0)))) -> 2 | S12: =U12 -> 45769 | U12: 45769 | V12: =_xlfn.IFNA(IF(U12="",VLOOKUP(A12,Jobs,23,0),U12+(VLOOKUP(A12,Jobs,7,FALSE)*7)+(VLOOKUP(A12,Jobs,22,FALSE)*7)),"") -> 45923 | W12: 45860 | X12: 45860 | Y12: 45861 | AA12: 45861 | AB12: 45930 | AE12: 45930
A13: 25-018 | B13: =IF(H13>0,"Y","N") -> Y | C13: =IF(I13>0,IF(J13>0,"Y","N"),"Y") -> Y | D13: =IF(K13>0,IF(L13>0,"Y","N"),"Y") -> Y | E13: =IF(M13>0,IF(N13>0,"Y","N"),"Y") -> Y | F13: =IF(N13>0,3,IF(L13>0,2,IF(J13>0,1,IF(H13>0,0," ")))) -> 2 | G13: =IF(U13=0," ","y") -> y | H13: 45798 | I13: 45852 | J13: 45874 | K13: 45890 | L13: 45905 | P13: 45706 | Q13: 45705 | R13: =IF(N13>0,4,IF(L13>0,3,IF(J13>0,2,IF(H13>0,1,0)))) -> 3 | S13: =U13 -> 45905 | U13: 45905 | V13: =_xlfn.IFNA(IF(U13="",VLOOKUP(A13,Jobs,23,0),U13+(VLOOKUP(A13,Jobs,7,FALSE)*7)+(VLOOKUP(A13,Jobs,22,FALSE)*7)),"") -> 46059 | W13: 45915 | X13: 45917 | Y13: 45919 | Z13: 46066 | AA13: 45919 | AB13: 45952 | AC13: 46051 | AD13: 46050 | AE13: 45954
A14: 25-019 | B14: =IF(H14>0,"Y","N") -> Y | C14: =IF(I14>0,IF(J14>0,"Y","N"),"Y") -> Y | D14: =IF(K14>0,IF(L14>0,"Y","N"),"Y") -> Y | E14: =IF(M14>0,IF(N14>0,"Y","N"),"Y") -> Y | F14: =IF(N14>0,3,IF(L14>0,2,IF(J14>0,1,IF(H14>0,0," ")))) -> 2 | G14: =IF(U14=0," ","y") -> y | H14: 45790 | I14: 45826 | J14: 45834 | K14: 45897 | L14: 45905 | P14: 45706 | Q14: 45705 | R14: =IF(N14>0,4,IF(L14>0,3,IF(J14>0,2,IF(H14>0,1,0)))) -> 3 | S14: =U14 -> 45905 | U14: 45905 | V14: =_xlfn.IFNA(IF(U14="",VLOOKUP(A14,Jobs,23,0),U14+(VLOOKUP(A14,Jobs,7,FALSE)*7)+(VLOOKUP(A14,Jobs,22,FALSE)*7)),"") -> 46087 | W14: 45913 | X14: 45915 | Y14: 45917 | Z14: 45923 | AA14: 45917 | AB14: 45979 | AC14: 46002 | AD14: 45999 | AE14: 45995
A15: 25-020 | B15: =IF(H15>0,"Y","N") -> Y | C15: =IF(I15>0,IF(J15>0,"Y","N"),"Y") -> Y | D15: =IF(K15>0,IF(L15>0,"Y","N"),"Y") -> Y | E15: =IF(M15>0,IF(N15>0,"Y","N"),"Y") -> Y | F15: =IF(N15>0,3,IF(L15>0,2,IF(J15>0,1,IF(H15>0,0," ")))) -> 3 | G15: =IF(U15=0," ","y") -> y | H15: 45741 | I15: 45806 | J15: 45812 | K15: 45862 | L15: 45873 | M15: 45890 | N15: 45895 | P15: 45706 | Q15: 45705 | R15: =IF(N15>0,4,IF(L15>0,3,IF(J15>0,2,IF(H15>0,1,0)))) -> 4 | S15: =U15 -> 45895 | U15: 45895 | V15: =_xlfn.IFNA(IF(U15="",VLOOKUP(A15,Jobs,23,0),U15+(VLOOKUP(A15,Jobs,7,FALSE)*7)+(VLOOKUP(A15,Jobs,22,FALSE)*7)),"") -> 46077 | W15: 45855 | X15: 45855 | Y15: 45888 | AA15: 45888 | AB15: 45904 | AE15: 45904
A16: 25-021 | B16: =IF(H16>0,"Y","N") -> Y | C16: =IF(I16>0,IF(J16>0,"Y","N"),"Y") -> Y | D16: =IF(K16>0,IF(L16>0,"Y","N"),"Y") -> Y | E16: =IF(M16>0,IF(N16>0,"Y","N"),"Y") -> Y | F16: =IF(N16>0,3,IF(L16>0,2,IF(J16>0,1,IF(H16>0,0," ")))) -> 2 | G16: =IF(U16=0," ","y") -> y | H16: 45790 | I16: 45826 | J16: 45891 | K16: 45897 | L16: 45902 | P16: 45706 | Q16: 45705 | R16: =IF(N16>0,4,IF(L16>0,3,IF(J16>0,2,IF(H16>0,1,0)))) -> 3 | S16: =U16 -> 45902 | U16: 45902 | V16: =_xlfn.IFNA(IF(U16="",VLOOKUP(A16,Jobs,23,0),U16+(VLOOKUP(A16,Jobs,7,FALSE)*7)+(VLOOKUP(A16,Jobs,22,FALSE)*7)),"") -> 46084 | W16: 45910 | X16: 45910 | Y16: 45911 | Z16: 45915 | AA16: 45911 | AB16: 45916 | AC16: 45950 | AD16: 45918 | AE16: 45918
A17: 25-023 | B17: =IF(H17>0,"Y","N") -> Y | C17: =IF(I17>0,IF(J17>0,"Y","N"),"Y") -> Y | D17: =IF(K17>0,IF(L17>0,"Y","N"),"Y") -> Y | E17: =IF(M17>0,IF(N17>0,"Y","N"),"Y") -> Y | F17: =IF(N17>0,3,IF(L17>0,2,IF(J17>0,1,IF(H17>0,0," ")))) -> 2 | G17: =IF(U17=0," ","y") -> y | H17: 45700 | I17: 45714 | J17: 45721 | K17: 45726 | L17: 45726 | P17: 45699 | Q17: 45699 | R17: =IF(N17>0,4,IF(L17>0,3,IF(J17>0,2,IF(H17>0,1,0)))) -> 3 | S17: =U17 -> 45726 | U17: 45726 | V17: =_xlfn.IFNA(IF(U17="",VLOOKUP(A17,Jobs,23,0),U17+(VLOOKUP(A17,Jobs,7,FALSE)*7)+(VLOOKUP(A17,Jobs,22,FALSE)*7)),"") -> 45810 | W17: 45729 | X17: 45730 | Y17: 45734 | AA17: 45734 | AB17: 45728 | AE17: 45735
A18: 25-024 | B18: =IF(H18>0,"Y","N") -> Y | C18: =IF(I18>0,IF(J18>0,"Y","N"),"Y") -> Y | D18: =IF(K18>0,IF(L18>0,"Y","N"),"Y") -> Y | E18: =IF(M18>0,IF(N18>0,"Y","N"),"Y") -> Y | F18: =IF(N18>0,3,IF(L18>0,2,IF(J18>0,1,IF(H18>0,0," ")))) -> 2 | G18: =IF(U18=0," ","y") -> y | H18: 45700 | I18: 45714 | J18: 45721 | K18: 45726 | L18: 45726 | P18: 45699 | Q18: 45699 | R18: =IF(N18>0,4,IF(L18>0,3,IF(J18>0,2,IF(H18>0,1,0)))) -> 3 | S18: =U18 -> 45726 | U18: 45726 | V18: =_xlfn.IFNA(IF(U18="",VLOOKUP(A18,Jobs,23,0),U18+(VLOOKUP(A18,Jobs,7,FALSE)*7)+(VLOOKUP(A18,Jobs,22,FALSE)*7)),"") -> 45810 | W18: 45729 | X18: 45730 | Y18: 45734 | AA18: 45734 | AB18: 45728 | AE18: 45735
A19: 25-025 | B19: =IF(H19>0,"Y","N") -> Y | C19: =IF(I19>0,IF(J19>0,"Y","N"),"Y") -> Y | D19: =IF(K19>0,IF(L19>0,"Y","N"),"Y") -> Y | E19: =IF(M19>0,IF(N19>0,"Y","N"),"Y") -> Y | F19: =IF(N19>0,3,IF(L19>0,2,IF(J19>0,1,IF(H19>0,0," ")))) -> 2 | G19: =IF(U19=0," ","y") -> y | H19: 45714 | I19: 45754 | J19: 45764 | K19: 45799 | L19: 45805 | P19: 45706 | Q19: 45707 | R19: =IF(N19>0,4,IF(L19>0,3,IF(J19>0,2,IF(H19>0,1,0)))) -> 3 | S19: =U19 -> 45805 | U19: 45805 | V19: =_xlfn.IFNA(IF(U19="",VLOOKUP(A19,Jobs,23,0),U19+(VLOOKUP(A19,Jobs,7,FALSE)*7)+(VLOOKUP(A19,Jobs,22,FALSE)*7)),"") -> 45973 | W19: 45805 | X19: 45805 | Y19: 45805 | AA19: 45805 | AB19: 45811 | AE19: 45821
A20: 25-026 | B20: =IF(H20>0,"Y","N") -> Y | C20: =IF(I20>0,IF(J20>0,"Y","N"),"Y") -> Y | D20: =IF(K20>0,IF(L20>0,"Y","N"),"Y") -> Y | E20: =IF(M20>0,IF(N20>0,"Y","N"),"Y") -> Y | F20: =IF(N20>0,3,IF(L20>0,2,IF(J20>0,1,IF(H20>0,0," ")))) -> 2 | G20: =IF(U20=0," ","y") -> y | H20: 45714 | I20: 45754 | J20: 45764 | K20: 45790 | L20: 45797 | P20: 45706 | Q20: 45707 | R20: =IF(N20>0,4,IF(L20>0,3,IF(J20>0,2,IF(H20>0,1,0)))) -> 3 | S20: =U20 -> 45797 | U20: 45797 | V20: =_xlfn.IFNA(IF(U20="",VLOOKUP(A20,Jobs,23,0),U20+(VLOOKUP(A20,Jobs,7,FALSE)*7)+(VLOOKUP(A20,Jobs,22,FALSE)*7)),"") -> 45965 | W20: 45792 | X20: 45792 | Y20: 45793 | AA20: 45793 | AB20: 45810 | AE20: 45821
A21: 25-027 | B21: =IF(H21>0,"Y","N") -> Y | C21: =IF(I21>0,IF(J21>0,"Y","N"),"Y") -> Y | D21: =IF(K21>0,IF(L21>0,"Y","N"),"Y") -> Y | E21: =IF(M21>0,IF(N21>0,"Y","N"),"Y") -> Y | F21: =IF(N21>0,3,IF(L21>0,2,IF(J21>0,1,IF(H21>0,0," ")))) -> 2 | G21: =IF(U21=0," ","y") -> y | H21: 45714 | I21: 45754 | J21: 45764 | K21: 45790 | L21: 45797 | P21: 45706 | Q21: 45707 | R21: =IF(N21>0,4,IF(L21>0,3,IF(J21>0,2,IF(H21>0,1,0)))) -> 3 | S21: =U21 -> 45797 | U21: 45797 | V21: =_xlfn.IFNA(IF(U21="",VLOOKUP(A21,Jobs,23,0),U21+(VLOOKUP(A21,Jobs,7,FALSE)*7)+(VLOOKUP(A21,Jobs,22,FALSE)*7)),"") -> 45965 | W21: 45796 | X21: 45797 | Y21: 45798 | AA21: 45799 | AB21: 45811 | AE21: 45875
A22: 25-028 | B22: =IF(H22>0,"Y","N") -> Y | C22: =IF(I22>0,IF(J22>0,"Y","N"),"Y") -> Y | D22: =IF(K22>0,IF(L22>0,"Y","N"),"Y") -> Y | E22: =IF(M22>0,IF(N22>0,"Y","N"),"Y") -> Y | F22: =IF(N22>0,3,IF(L22>0,2,IF(J22>0,1,IF(H22>0,0," ")))) -> 2 | G22: =IF(U22=0," ","y") -> y | H22: 45719 | I22: 45754 | J22: 45764 | K22: 45790 | L22: 45797 | P22: 45706 | Q22: 45707 | R22: =IF(N22>0,4,IF(L22>0,3,IF(J22>0,2,IF(H22>0,1,0)))) -> 3 | S22: =U22 -> 45797 | U22: 45797 | V22: =_xlfn.IFNA(IF(U22="",VLOOKUP(A22,Jobs,23,0),U22+(VLOOKUP(A22,Jobs,7,FALSE)*7)+(VLOOKUP(A22,Jobs,22,FALSE)*7)),"") -> 45965 | W22: 45796 | X22: 45797 | Y22: 45798 | AA22: 45799 | AB22: 45811 | AE22: 45875
A23: 25-029 | B23: =IF(H23>0,"Y","N") -> Y | C23: =IF(I23>0,IF(J23>0,"Y","N"),"Y") -> Y | D23: =IF(K23>0,IF(L23>0,"Y","N"),"Y") -> Y | E23: =IF(M23>0,IF(N23>0,"Y","N"),"Y") -> Y | F23: =IF(N23>0,3,IF(L23>0,2,IF(J23>0,1,IF(H23>0,0," ")))) -> 2 | G23: =IF(U23=0," ","y") -> y | H23: 45719 | I23: 45754 | J23: 45764 | K23: 45790 | L23: 45797 | P23: 45706 | Q23: 45707 | R23: =IF(N23>0,4,IF(L23>0,3,IF(J23>0,2,IF(H23>0,1,0)))) -> 3 | S23: =U23 -> 45797 | U23: 45797 | V23: =_xlfn.IFNA(IF(U23="",VLOOKUP(A23,Jobs,23,0),U23+(VLOOKUP(A23,Jobs,7,FALSE)*7)+(VLOOKUP(A23,Jobs,22,FALSE)*7)),"") -> 45965 | W23: 45796 | X23: 45797 | Y23: 45798 | AA23: 45799 | AB23: 45817 | AE23: 45877
A24: 25-030 | B24: =IF(H24>0,"Y","N") -> Y | C24: =IF(I24>0,IF(J24>0,"Y","N"),"Y") -> Y | D24: =IF(K24>0,IF(L24>0,"Y","N"),"Y") -> Y | E24: =IF(M24>0,IF(N24>0,"Y","N"),"Y") -> Y | F24: =IF(N24>0,3,IF(L24>0,2,IF(J24>0,1,IF(H24>0,0," ")))) -> 2 | G24: =IF(U24=0," ","y") -> y | H24: 45721 | I24: 45754 | J24: 45764 | K24: 45790 | L24: 45797 | P24: 45706 | Q24: 45707 | R24: =IF(N24>0,4,IF(L24>0,3,IF(J24>0,2,IF(H24>0,1,0)))) -> 3 | S24: =U24 -> 45797 | U24: 45797 | V24: =_xlfn.IFNA(IF(U24="",VLOOKUP(A24,Jobs,23,0),U24+(VLOOKUP(A24,Jobs,7,FALSE)*7)+(VLOOKUP(A24,Jobs,22,FALSE)*7)),"") -> 45965 | W24: 45799 | X24: 45799 | Y24: 45800 | AA24: 45800 | AB24: 45817 | AE24: 45877
A25: 25-031 | B25: =IF(H25>0,"Y","N") -> Y | C25: =IF(I25>0,IF(J25>0,"Y","N"),"Y") -> Y | D25: =IF(K25>0,IF(L25>0,"Y","N"),"Y") -> Y | E25: =IF(M25>0,IF(N25>0,"Y","N"),"Y") -> Y | F25: =IF(N25>0,3,IF(L25>0,2,IF(J25>0,1,IF(H25>0,0," ")))) -> 2 | G25: =IF(U25=0," ","y") -> y | H25: 45715 | I25: 45754 | J25: 45764 | K25: 45798 | L25: 45805 | P25: 45706 | Q25: 45707 | R25: =IF(N25>0,4,IF(L25>0,3,IF(J25>0,2,IF(H25>0,1,0)))) -> 3 | S25: =U25 -> 45805 | U25: 45805 | V25: =_xlfn.IFNA(IF(U25="",VLOOKUP(A25,Jobs,23,0),U25+(VLOOKUP(A25,Jobs,7,FALSE)*7)+(VLOOKUP(A25,Jobs,22,FALSE)*7)),"") -> 45973 | W25: 45807 | X25: 228428 | Y25: 45810 | AA25: 45810 | AB25: 45820 | AE25: 45882
A26: 25-032 | B26: =IF(H26>0,"Y","N") -> Y | C26: =IF(I26>0,IF(J26>0,"Y","N"),"Y") -> Y | D26: =IF(K26>0,IF(L26>0,"Y","N"),"Y") -> Y | E26: =IF(M26>0,IF(N26>0,"Y","N"),"Y") -> Y | F26: =IF(N26>0,3,IF(L26>0,2,IF(J26>0,1,IF(H26>0,0," ")))) -> 2 | G26: =IF(U26=0," ","y") -> y | H26: 45715 | I26: 45754 | J26: 45764 | K26: 45798 | L26: 45805 | P26: 45706 | Q26: 45707 | R26: =IF(N26>0,4,IF(L26>0,3,IF(J26>0,2,IF(H26>0,1,0)))) -> 3 | S26: =U26 -> 45805 | U26: 45805 | V26: =_xlfn.IFNA(IF(U26="",VLOOKUP(A26,Jobs,23,0),U26+(VLOOKUP(A26,Jobs,7,FALSE)*7)+(VLOOKUP(A26,Jobs,22,FALSE)*7)),"") -> 45973 | W26: 45807 | X26: 228428 | Y26: 45810 | AA26: 45810 | AB26: 45820 | AE26: 45884
A27: 25-033 | B27: =IF(H27>0,"Y","N") -> Y | C27: =IF(I27>0,IF(J27>0,"Y","N"),"Y") -> Y | D27: =IF(K27>0,IF(L27>0,"Y","N"),"Y") -> Y | E27: =IF(M27>0,IF(N27>0,"Y","N"),"Y") -> Y | F27: =IF(N27>0,3,IF(L27>0,2,IF(J27>0,1,IF(H27>0,0," ")))) -> 2 | G27: =IF(U27=0," ","y") -> y | H27: 45721 | I27: 45754 | J27: 45764 | K27: 45798 | L27: 45805 | P27: 45706 | Q27: 45707 | R27: =IF(N27>0,4,IF(L27>0,3,IF(J27>0,2,IF(H27>0,1,0)))) -> 3 | S27: =U27 -> 45805 | U27: 45805 | V27: =_xlfn.IFNA(IF(U27="",VLOOKUP(A27,Jobs,23,0),U27+(VLOOKUP(A27,Jobs,7,FALSE)*7)+(VLOOKUP(A27,Jobs,22,FALSE)*7)),"") -> 45973 | W27: 45812 | X27: 45812 | Y27: 45812 | AA27: 45812 | AB27: 45824 | AE27: 45889
A28: 25-034 | B28: =IF(H28>0,"Y","N") -> Y | C28: =IF(I28>0,IF(J28>0,"Y","N"),"Y") -> Y | D28: =IF(K28>0,IF(L28>0,"Y","N"),"Y") -> Y | E28: =IF(M28>0,IF(N28>0,"Y","N"),"Y") -> Y | F28: =IF(N28>0,3,IF(L28>0,2,IF(J28>0,1,IF(H28>0,0," ")))) -> 2 | G28: =IF(U28=0," ","y") -> y | H28: 45714 | I28: 45754 | J28: 45764 | K28: 45798 | L28: 45805 | P28: 45706 | Q28: 45707 | R28: =IF(N28>0,4,IF(L28>0,3,IF(J28>0,2,IF(H28>0,1,0)))) -> 3 | S28: =U28 -> 45805 | U28: 45805 | V28: =_xlfn.IFNA(IF(U28="",VLOOKUP(A28,Jobs,23,0),U28+(VLOOKUP(A28,Jobs,7,FALSE)*7)+(VLOOKUP(A28,Jobs,22,FALSE)*7)),"") -> 45973 | W28: 45813 | X28: 45813 | Y28: 45814 | AA28: 45814 | AB28: 45824 | AE28: 45840
... A31: 25-037 | B31: =IF(H31>0,"Y","N") -> Y | C31: =IF(I31>0,IF(J31>0,"Y","N"),"Y") -> Y | D31: =IF(K31>0,IF(L31>0,"Y","N"),"Y") -> Y | E31: =IF(M31>0,IF(N31>0,"Y","N"),"Y") -> Y | F31: =IF(N31>0,3,IF(L31>0,2,IF(J31>0,1,IF(H31>0,0," ")))) -> 2 | G31: =IF(U31=0," ","y") -> y | H31: 45716 | I31: 45754 | J31: 45764 | K31: 45798 | L31: 45805 | P31: 45706 | Q31: 45707 | R31: =IF(N31>0,4,IF(L31>0,3,IF(J31>0,2,IF(H31>0,1,0)))) -> 3 | S31: =U31 -> 45805 | U31: 45805 | V31: =_xlfn.IFNA(IF(U31="",VLOOKUP(A31,Jobs,23,0),U31+(VLOOKUP(A31,Jobs,7,FALSE)*7)+(VLOOKUP(A31,Jobs,22,FALSE)*7)),"") -> 45973 | W31: 45805 | X31: 45805 | Y31: 45806 | AA31: 45806 | AB31: 45824 | AE31: 45826
A32: 25-039 | B32: =IF(H32>0,"Y","N") -> Y | C32: =IF(I32>0,IF(J32>0,"Y","N"),"Y") -> Y | D32: =IF(K32>0,IF(L32>0,"Y","N"),"Y") -> Y | E32: =IF(M32>0,IF(N32>0,"Y","N"),"Y") -> Y | F32: =IF(N32>0,3,IF(L32>0,2,IF(J32>0,1,IF(H32>0,0," ")))) -> 1 | G32: =IF(U32=0," ","y") -> y | H32: 45736 | I32: 45778 | J32: 45783 | P32: 45722 | Q32: 45721 | R32: =IF(N32>0,4,IF(L32>0,3,IF(J32>0,2,IF(H32>0,1,0)))) -> 2 | S32: =U32 -> 45783 | U32: 45783 | V32: =_xlfn.IFNA(IF(U32="",VLOOKUP(A32,Jobs,23,0),U32+(VLOOKUP(A32,Jobs,7,FALSE)*7)+(VLOOKUP(A32,Jobs,22,FALSE)*7)),"") -> 45895 | W32: 45786 | X32: 45789 | Y32: 45790 | AA32: 45791 | AB32: 45785 | AE32: 45806
A33: 25-040 | B33: =IF(H33>0,"Y","N") -> Y | C33: =IF(I33>0,IF(J33>0,"Y","N"),"Y") -> Y | D33: =IF(K33>0,IF(L33>0,"Y","N"),"Y") -> Y | E33: =IF(M33>0,IF(N33>0,"Y","N"),"Y") -> Y | F33: =IF(N33>0,3,IF(L33>0,2,IF(J33>0,1,IF(H33>0,0," ")))) -> 1 | G33: =IF(U33=0," ","y") -> y | H33: 45706 | I33: 45713 | J33: 45729 | P33: 45721 | Q33: 45721 | R33: =IF(N33>0,4,IF(L33>0,3,IF(J33>0,2,IF(H33>0,1,0)))) -> 2 | S33: =U33 -> 45729 | U33: 45729 | V33: =_xlfn.IFNA(IF(U33="",VLOOKUP(A33,Jobs,23,0),U33+(VLOOKUP(A33,Jobs,7,FALSE)*7)+(VLOOKUP(A33,Jobs,22,FALSE)*7)),"") -> 45883 | W33: 45743 | X33: 45916 | Y33: 45916 | Z33: 45839 | AA33: 45916 | AB33: 45916 | AC33: 45917 | AD33: 45916 | AE33: 45917
