Workbook
Name Operation: '2020 Data'!$BT$22:$BU$162

Sheet 2026 Dashboard
D1: Savannah Tank Operations Dashboard | S1: - | T1: =TODAY() -> 46098
B3: 2026 Labor Efficiency - Shop Total | Q3: 2026 Rework - % Direct Hours
C30: Last Week | E30: ='2026 Data'!J11 -> 1.05 | G30: 4-Week Avg. | J30: ='2026 Data'!L11 -> 0.965 | L30: 8-Week Avg. | N30: ='2026 Data'!M11 -> 0.95 | R30: YTD Actual | T30: ='2025 Data'!AL57 -> 0.0027659641 | V30: YTD Max. Target | Y30: ='2025 Data'!AO55 -> 0.0125 | AA30: Difference | AC30: =T30-Y30 -> -0.0097340359 | AD30: pts
AM31: Overhead Speedometer Graph
AM34: Chart Parameters
B35: Operations Improvement Action Plan | AM35: Green | AN35: 20 | AP35: value | AQ35: 0.41
AM36: Yellow | AN36: 5 | AP36: pointer | AQ36: 0.01
B37: Action Item | L37: Resp. | N37: Timing | AM37: Red | AN37: 20 | AP37: end | AQ37: =0.99-AQ35-AQ36 -> 0.57
AM38: Invisible | AN38: 45
B39: Start using column & boom sub-arc welding manipulator to weld outside round seams. | L39: Dustin | N39: 45992
B43: Rebuild & install 10-ton crane in Pre-Fab area | L43: Dustin | N43: 46068 | AM43: Direct | AN43: 42699 | AO43: =AN43/AN45 -> 0.71709996
AM44: Indirect | AN44: 16845 | AO44: =AN44/AN45 -> 0.28290004
AM45: Total | AN45: =SUM(AN43:AN44) -> 59544
B47: Install new roof on Buildings 2 & 3 | L47: Dustin | N47: 46068
B51: Prepare dedicated small tank fabrication facility in old Maintenance shop. Be ready to go into production by 1/19/2026 | L51: Dustin / Sammy | N51: 46082
B55: Design & build prototype mini column & boom to weld inside round seams | L55: Dustin / Sammy | N55: 46068

Sheet 2026 Data
AZ1: Safety Data
F2: Weekly Labor Efficiency x Department | L2: Rolling Avg. Labor Efficiency | Q2: Labor Efficiency - Rolling 4 Weeks | W2: Labor Efficiency | AA2: 2026 Overhead Analysis | AF2: 2026 Overhead Analysis - Running Total | AK2: 2026 Rework Analysis | AR2: Rework x Month | BF2: Total | BG2: Rolling 12 Mos. | BL2: On Time Completion
A3: Year | B3: Week of | C3: Month | D3: Week | F3: Finishing | G3: Fit | H3: Pre-Fab | I3: Shipping | J3: Total | L3: 4 Weeks | M3: 8 Weeks | N3: 2025 Avg. | O3: '26 Target | Q3: Finishing | R3: Fit | S3: Pre-Fab | T3: Shipping | U3: Total | W3: Month | X3: Act. | Y3: Target | AA3: Direct | AB3: Overhead | AC3: Total | AD3: OH % Total | AF3: Direct | AG3: Overhead | AH3: Total | AI3: OH % Total | AK3: Rework | AL3: % Direct | AM3: Run Tot. | AN3: % Direct | AO3: '26 Target | AP3: 2025 Act | AR3: Month | AS3: Act. | AT3: Max Target | AU3: YTD Act. | BA3: Month | BB3: OSHA | BC3: First Aid | BD3: Near Miss | BE3: Total | BF3: Hours | BG3: OSHA | BH3: Hours | BI3: TCIR | BJ3: Target | BM3: Month | BN3: On Time | BO3: Late | BP3: Total | BQ3: % On Time | BR3: Goal | BU3: Oper | BV3: Est Hrs | BW3: Adj Est Hrs | BX3: Act Hrs | BY3: Eff % | BZ3: Hrs Lost
A4: 2026 | B4: 46027 | D4: 1 | F4: 0.38 | G4: 0.92 | H4: 1.04 | I4: 0.65 | J4: 0.94 | L4: 0.96 | M4: 0.9825 | N4: 0.96 | O4: 0.95 | W4: Jan | X4: 0.92 | Y4: 0.95 | AA4: 733.25 | AB4: 324.25 | AC4: =AA4+AB4 -> 1057.5 | AD4: =AB4/AC4 -> 0.30661939 | AF4: =AA4 -> 733.25 | AG4: =AB4 -> 324.25 | AH4: =SUM(AF4:AG4) -> 1057.5 | AI4: =AG4/AH4 -> 0.30661939 | AK4: ='QC Data 2026'!N4 -> 0 | AL4: =AK4/AA4 -> 0 | AM4: =AK4 -> 0 | AN4: =AM4/AF4 -> 0 | AO4: 0.0125 | AP4: 0.0187 | AR4: Jan | AS4: =AK4+AK5+AK6+AK7 -> 0 | AT4: 50 | AU4: =AS4 -> 0 | AV4: =AT4 -> 50 | AZ4: 2019 | BA4: Jan | BB4: 0 | BC4: 0 | BD4: 2 | BE4: =SUM(BB4:BD4) -> 2 | BF4: =3316.25+296 -> 3612.25 | BI4: 17.261561 | BL4: 2020 | BM4: Jan | BN4: 8 | BO4: 0 | BP4: =BN4+BO4 -> 8 | BQ4: =BN4/BP4 -> 1 | BR4: 0.95 | BU4: 645 | BV4: =VLOOKUP(BU4,Operation,2) -> Weld all Outside Seams | BW4: 942.98292 | BX4: 1390 | BY4: =BW4/BX4 -> 0.67840498 | BZ4: =BX4-BW4 -> 447.01708
A5: 2026 | B5: 46034 | D5: 2 | F5: 0.87 | G5: 1.1 | H5: 0.93 | I5: 0.52 | J5: 0.97 | L5: 0.975 | M5: 0.9425 | N5: 0.96 | O5: 0.95 | W5: Feb | X5: 0.94 | Y5: 0.95 | AA5: 752 | AB5: 410 | AC5: =AA5+AB5 -> 1162 | AD5: =AB5/AC5 -> 0.35283993 | AF5: =AF4+AA5 -> 1485.25 | AG5: =AG4+AB5 -> 734.25 | AH5: =AH4+AC5 -> 2219.5 | AI5: =AG5/AH5 -> 0.33081775 | AL5: =AK5/AA5 -> 0 | AM5: =AM4+AK5 -> 0 | AN5: =AM5/AF5 -> 0 | AO5: 0.0125 | AP5: 0.0187 | AR5: Feb | AS5: =AK8+AK9+AK10+AK11 -> 0 | AT5: 50 | AU5: =AU4+AS5 -> 0 | AV5: =AV4+AT5 -> 100 | AZ5: 2019 | BA5: Feb | BB5: 0 | BC5: 0 | BD5: 2 | BE5: =SUM(BB5:BD5) -> 2 | BF5: 2897.5 | BI5: 12.967646 | BL5: 2020 | BM5: Feb | BN5: 2 | BO5: 2 | BP5: =BN5+BO5 -> 4 | BQ5: =BN5/BP5 -> 0.5 | BR5: 0.95 | BU5: 605 | BV5: =VLOOKUP(BU5,Operation,2) -> Tack Shell Courses | BW5: 558 | BX5: 994.5 | BY5: =BW5/BX5 -> 0.56108597 | BZ5: =BX5-BW5 -> 436.5
A6: 2026 | B6: 46041 | C6: Jan | D6: 3 | F6: 0.69 | G6: 1.06 | H6: 0.98 | I6: 0.15 | J6: 0.92 | L6: 1.0075 | M6: 0.9425 | N6: 0.96 | O6: 0.95 | W6: Mar | Y6: 0.95 | AA6: 750.25 | AB6: 417.75 | AC6: =AA6+AB6 -> 1168 | AD6: =AB6/AC6 -> 0.35766267 | AF6: =AF5+AA6 -> 2235.5 | AG6: =AG5+AB6 -> 1152 | AH6: =AH5+AC6 -> 3387.5 | AI6: =AG6/AH6 -> 0.3400738 | AL6: =AK6/AA6 -> 0 | AM6: =AM5+AK6 -> 0 | AN6: =AM6/AF6 -> 0 | AO6: 0.0125 | AP6: 0.0187 | AR6: Mar | AS6: =AK12+AK13+AK14+AK15+AK16 -> 0 | AT6: 50 | AU6: =AU5+AS6 -> 0 | AV6: =AV5+AT6 -> 150 | AZ6: 2019 | BA6: Mar | BB6: 0 | BC6: 0 | BD6: 1 | BE6: =SUM(BB6:BD6) -> 1 | BF6: =3051.25+76.75 -> 3128 | BI6: 8.5594911 | BL6: 2020 | BM6: Mar | BN6: 12 | BO6: 2 | BP6: =BN6+BO6 -> 14 | BQ6: =BN6/BP6 -> 0.85714286 | BR6: 0.95 | BU6: 630 | BV6: =VLOOKUP(BU6,Operation,2) -> Install Internal Parts | BW6: 479.33818 | BX6: 808 | BY6: =BW6/BX6 -> 0.59324032 | BZ6: =BX6-BW6 -> 328.66182
A7: 2026 | B7: 46048 | D7: 4 | F7: 0.7 | G7: 0.89 | H7: 1.25 | I7: 0.59 | J7: 0.91 | L7: =AVERAGE(J4:J7) -> 0.935 | M7: 0.955 | N7: 0.96 | O7: 0.95 | W7: Apr | Y7: 0.95 | AA7: 661.5 | AB7: 447.25 | AC7: =AA7+AB7 -> 1108.75 | AD7: =AB7/AC7 -> 0.40338219 | AF7: =AF6+AA7 -> 2897 | AG7: =AG6+AB7 -> 1599.25 | AH7: =AH6+AC7 -> 4496.25 | AI7: =AG7/AH7 -> 0.35568529 | AL7: =AK7/AA7 -> 0 | AM7: =AM6+AK7 -> 0 | AN7: =AM7/AF7 -> 0 | AO7: 0.0125 | AP7: 0.0187 | AR7: Apr | AS7: =AK17+AK18+AK19+AK20 -> 0 | AT7: 50 | AU7: =AU6+AS7 -> 0 | AV7: =AV6+AT7 -> 200 | AZ7: 2019 | BA7: Apr | BB7: 0 | BC7: 0 | BD7: 1 | BE7: =SUM(BB7:BD7) -> 1 | BF7: =3140+641.25 -> 3781.25 | BI7: 8.4889643 | BL7: 2020 | BM7: Apr | BN7: 11 | BO7: 1 | BP7: =BN7+BO7 -> 12 | BQ7: =BN7/BP7 -> 0.91666667 | BR7: 0.95 | BU7: 305 | BV7: =VLOOKUP(BU7,Operation,2) -> BI, SQ, T&C Shells | BW7: 971.16692 | BX7: 1271 | BY7: =BW7/BX7 -> 0.76409671 | BZ7: =BX7-BW7 -> 299.83308
A8: 2026 | B8: 46055 | D8: 5 | F8: 0.65 | G8: 0.95 | H8: 1.23 | I8: 0.59 | J8: 0.93 | L8: =AVERAGE(J5:J8) -> 0.9325 | M8: 0.96 | N8: 0.96 | O8: 0.95 | W8: May | Y8: 0.95 | AA8: 729.5 | AB8: 500.75 | AC8: =AA8+AB8 -> 1230.25 | AD8: =AB8/AC8 -> 0.40703109 | AF8: =AF7+AA8 -> 3626.5 | AG8: =AG7+AB8 -> 2100 | AH8: =AH7+AC8 -> 5726.5 | AI8: =AG8/AH8 -> 0.36671614 | AL8: =AK8/AA8 -> 0 | AM8: =AM7+AK8 -> 0 | AN8: =AM8/AF8 -> 0 | AO8: 0.0125 | AP8: 0.0187 | AR8: May | AS8: =AK21+AK22+AK23+AK24 -> 0 | AT8: 50 | AU8: =AU7+AS8 -> 0 | AV8: =AV7+AT8 -> 250 | AZ8: 2019 | BA8: May | BB8: 0 | BC8: 1 | BD8: 0 | BE8: =SUM(BB8:BD8) -> 1 | BF8: =3438.75+443.5 -> 3882.25 | BI8: 8.5776627 | BL8: 2020 | BM8: May | BN8: 16 | BO8: 5 | BP8: =BN8+BO8 -> 21 | BQ8: =BN8/BP8 -> 0.76190476 | BR8: 0.95 | BU8: 800 | BV8: =VLOOKUP(BU8,Operation,2) -> Move Tank to Detail Rolls | BW8: 164.14545 | BX8: 461.5 | BY8: =BW8/BX8 -> 0.35567812 | BZ8: =BX8-BW8 -> 297.35455
A9: 2026 | B9: 46062 | D9: 6 | F9: 0.73 | G9: 0.97 | H9: 1.07 | I9: 1 | J9: 0.97 | L9: =AVERAGE(J6:J9) -> 0.9325 | M9: 0.975 | N9: 0.96 | O9: 0.95 | W9: Jun | Y9: 0.95 | AA9: 873.5 | AB9: 408 | AC9: =AA9+AB9 -> 1281.5 | AD9: =AB9/AC9 -> 0.3183769 | AF9: =AF8+AA9 -> 4500 | AG9: =AG8+AB9 -> 2508 | AH9: =AH8+AC9 -> 7008 | AI9: =AG9/AH9 -> 0.35787671 | AL9: =AK9/AA9 -> 0 | AM9: =AM8+AK9 -> 0 | AN9: =AM9/AF9 -> 0 | AO9: 0.0125 | AP9: 0.0187 | AR9: Jun | AS9: =AK25+AK26+AK27+AK28+AK29 -> 0 | AT9: 50 | AU9: =AU8+AS9 -> 0 | AV9: =AV8+AT9 -> 300 | AZ9: 2019 | BA9: Jun | BB9: 1 | BC9: 1 | BD9: 0 | BE9: =SUM(BB9:BD9) -> 2 | BF9: =3275+554.5 -> 3829.5 | BI9: 8.7407335 | BL9: 2020 | BM9: Jun | BN9: 10 | BO9: 0 | BP9: =BN9+BO9 -> 10 | BQ9: =BN9/BP9 -> 1 | BR9: 0.95 | BU9: 155 | BV9: =VLOOKUP(BU9,Operation,2) -> B&C parts-lugs, supp, etc | BW9: 769.92174 | BX9: 1061 | BY9: =BW9/BX9 -> 0.72565668 | BZ9: =BX9-BW9 -> 291.07826
A10: 2026 | B10: 46069 | C10: Feb | D10: 7 | F10: 0.61 | G10: 0.92 | H10: 1.01 | I10: 0.42 | J10: 0.91 | L10: =AVERAGE(J7:J10) -> 0.93 | M10: 0.95 | N10: 0.96 | O10: 0.95 | W10: Jul | Y10: 0.95 | AA10: 988 | AB10: 357 | AC10: =AA10+AB10 -> 1345 | AD10: =AB10/AC10 -> 0.26542751 | AF10: =AF9+AA10 -> 5488 | AG10: =AG9+AB10 -> 2865 | AH10: =AH9+AC10 -> 8353 | AI10: =AG10/AH10 -> 0.34299054 | AL10: =AK10/AA10 -> 0 | AM10: =AM9+AK10 -> 0 | AN10: =AM10/AF10 -> 0 | AO10: 0.0125 | AP10: 0.0187 | AR10: Jul | AS10: =AK30+AK31+AK32+AK33 -> 0 | AT10: 50 | AU10: =AU9+AS10 -> 0 | AV10: =AV9+AT10 -> 350 | AZ10: 2019 | BA10: Jul | BB10: 0 | BC10: 0 | BD10: 1 | BE10: =SUM(BB10:BD10) -> 1 | BF10: =3731.5+544 -> 4275.5 | BI10: 8.8880988 | BL10: 2020 | BM10: Jul | BN10: 9 | BO10: 2 | BP10: =BN10+BO10 -> 11 | BQ10: =BN10/BP10 -> 0.81818182 | BR10: 0.95 | BU10: 600 | BV10: =VLOOKUP(BU10,Operation,2) -> Fit Bottom Head to Shell | BW10: 732.67698 | BX10: 1012 | BY10: =BW10/BX10 -> 0.72398911 | BZ10: =BX10-BW10 -> 279.32302
A11: 2026 | B11: 46076 | D11: 8 | F11: 0.67 | G11: 0.96 | H11: 1.21 | I11: 0.93 | J11: 1.05 | L11: =AVERAGE(J8:J11) -> 0.965 | M11: =AVERAGE(J4:J11) -> 0.95 | N11: 0.96 | O11: 0.95 | W11: Aug | Y11: 0.95 | AA11: 1005.5 | AB11: 431 | AC11: =AA11+AB11 -> 1436.5 | AD11: =AB11/AC11 -> 0.30003481 | AF11: =AF10+AA11 -> 6493.5 | AG11: =AG10+AB11 -> 3296 | AH11: =AH10+AC11 -> 9789.5 | AI11: =AG11/AH11 -> 0.33668727 | AL11: =AK11/AA11 -> 0 | AM11: =AM10+AK11 -> 0 | AN11: =AM11/AF11 -> 0 | AO11: 0.0125 | AP11: 0.0187 | AR11: Aug | AS11: =AK34+AK35+AK36+AK37 -> 0 | AT11: 50 | AU11: =AU10+AS11 -> 0 | AV11: =AV10+AT11 -> 400 | AZ11: 2019 | BA11: Aug | BB11: 0 | BC11: 0 | BD11: 0 | BE11: =SUM(BB11:BD11) -> 0 | BF11: =3976.75+580 -> 4556.75 | BI11: 9.0443512 | BL11: 2020 | BM11: Aug | BN11: 6 | BO11: 4 | BP11: =BN11+BO11 -> 10 | BQ11: =BN11/BP11 -> 0.6 | BR11: 0.95 | BU11: 726 | BV11: =VLOOKUP(BU11,Operation,2) -> Weld Shell Nozz & M/Ws | BW11: 974.8 | BX11: 1225.25 | BY11: =BW11/BX11 -> 0.79559274 | BZ11: =BX11-BW11 -> 250.45
A12: 2026 | B12: 46083 | D12: 9 | F12: 0.55 | G12: 1.04 | H12: 0.97 | I12: 1 | J12: 0.95 | L12: =AVERAGE(J9:J12) -> 0.97 | M12: =AVERAGE(J5:J12) -> 0.95125 | N12: 0.96 | O12: 0.95 | W12: Sep | Y12: 0.95 | AA12: 947.25 | AB12: 453.25 | AC12: =AA12+AB12 -> 1400.5 | AD12: =AB12/AC12 -> 0.32363442 | AF12: =AF11+AA12 -> 7440.75 | AG12: =AG11+AB12 -> 3749.25 | AH12: =AH11+AC12 -> 11190 | AI12: =AG12/AH12 -> 0.33505362 | AL12: =AK12/AA12 -> 0 | AM12: =AM11+AK12 -> 0 | AN12: =AM12/AF12 -> 0 | AO12: 0.0125 | AP12: 0.0187 | AR12: Sep | AS12: =AK38+AK39+AK40+AK41+AK42 -> 0 | AT12: 50 | AU12: =AU11+AS12 -> 0 | AV12: =AV11+AT12 -> 450 | AZ12: 2019 | BA12: Sep | BB12: 0 | BC12: 0 | BD12: 0 | BE12: =SUM(BB12:BD12) -> 0 | BF12: =3393.75+819.75 -> 4213.5 | BI12: 4.6222469 | BL12: 2020 | BM12: Sep | BN12: 5 | BO12: 0 | BP12: =BN12+BO12 -> 5 | BQ12: =BN12/BP12 -> 1 | BR12: 0.95 | BU12: 105 | BV12: =VLOOKUP(BU12,Operation,2) -> Build Nozzles-Weld | BW12: 958.03206 | BX12: 1184.75 | BY12: =BW12/BX12 -> 0.80863647 | BZ12: =BX12-BW12 -> 226.71794
A13: 2026 | B13: 46090 | D13: 10 | L13: =AVERAGE(J10:J13) -> 0.97 | M13: =AVERAGE(J6:J13) -> 0.94857143 | N13: 0.96 | O13: 0.95 | W13: Oct | Y13: 0.95 | AA13: 921.75 | AB13: 426.5 | AC13: =AA13+AB13 -> 1348.25 | AD13: =AB13/AC13 -> 0.31633599 | AF13: =AF12+AA13 -> 8362.5 | AG13: =AG12+AB13 -> 4175.75 | AH13: =AH12+AC13 -> 12538.25 | AI13: =AG13/AH13 -> 0.33304089 | AL13: =AK13/AA13 -> 0 | AM13: =AM12+AK13 -> 0 | AN13: =AM13/AF13 -> 0 | AO13: 0.0125 | AP13: 0.0187 | AR13: Oct | AS13: =AK43+AK44+AK45+AK46 -> 0 | AT13: 50 | AU13: =AU12+AS13 -> 0 | AV13: =AV12+AT13 -> 500 | AZ13: 2019 | BA13: Oct | BB13: 1 | BC13: 0 | BD13: 2 | BE13: =SUM(BB13:BD13) -> 3 | BF13: =4652.5+1060.5 -> 5713 | BI13: 4.7229963 | BL13: 2020 | BM13: Oct | BN13: 6 | BO13: 0 | BP13: =BN13+BO13 -> 6 | BQ13: =BN13/BP13 -> 1 | BR13: 0.95 | BU13: 640 | BV13: =VLOOKUP(BU13,Operation,2) -> Fit Top to Shell-Weld | BW13: 539.9 | BX13: 753.75 | BY13: =BW13/BX13 -> 0.71628524 | BZ13: =BX13-BW13 -> 213.85
A14: 2026 | B14: 46097 | C14: Mar | D14: 11 | L14: =AVERAGE(J11:J14) -> 1 | M14: =AVERAGE(J7:J14) -> 0.95333333 | N14: 0.96 | O14: 0.95 | W14: Nov | Y14: 0.95 | AC14: =AA14+AB14 -> 0 | AD14: =AB14/AC14 -> #DIV/0! | AF14: =AF13+AA14 -> 8362.5 | AG14: =AG13+AB14 -> 4175.75 | AH14: =AH13+AC14 -> 12538.25 | AI14: =AG14/AH14 -> 0.33304089 | AL14: =AK14/AA14 -> #DIV/0! | AM14: =AM13+AK14 -> 0 | AN14: =AM14/AF14 -> 0 | AO14: 0.0125 | AP14: 0.0187 | AR14: Nov | AS14: =AK47+AK48+AK49+AK50 -> 0 | AT14: 50 | AU14: =AU13+AS14 -> 0 | AV14: =AV13+AT14 -> 550 | AZ14: 2019 | BA14: Nov | BB14: 0 | BC14: 0 | BD14: 0 | BE14: =SUM(BB14:BD14) -> 0 | BF14: 3740.75 | BI14: 9.797498 | BL14: 2020 | BM14: Nov | BN14: 9 | BO14: 0 | BP14: =BN14+BO14 -> 9 | BQ14: =BN14/BP14 -> 1 | BR14: 0.95
A15: 2026 | B15: 46104 | D15: 12 | L15: =AVERAGE(J12:J15) -> 0.95 | M15: =AVERAGE(J8:J15) -> 0.962 | N15: 0.96 | O15: 0.95 | W15: Dec | Y15: 0.95 | AC15: =AA15+AB15 -> 0 | AD15: =AB15/AC15 -> #DIV/0! | AF15: =AF14+AA15 -> 8362.5 | AG15: =AG14+AB15 -> 4175.75 | AH15: =AH14+AC15 -> 12538.25 | AI15: =AG15/AH15 -> 0.33304089 | AL15: =AK15/AA15 -> #DIV/0! | AM15: =AM14+AK15 -> 0 | AN15: =AM15/AF15 -> 0 | AO15: 0.0125 | AP15: 0.0187 | AR15: Dec | AS15: =AK51+AK52+AK53+AK54+AK55 -> 0 | AT15: 50 | AU15: =AU14+AS15 -> 0 | AV15: =AV14+AT15 -> 600 | AZ15: 2019 | BA15: Dec | BB15: 0 | BC15: 0 | BD15: 0 | BE15: =SUM(BB15:BD15) -> 0 | BF15: =3063.25+238 -> 3301.25 | BG15: =SUM(BB4:BB15) -> 2 | BH15: =SUM(BF4:BF15) -> 46931.5 | BI15: =BG15*200000/(BH15+1280) -> 8.2967757 | BJ15: 4 | BL15: 2020 | BM15: Dec | BN15: 14 | BO15: 6 | BP15: =BN15+BO15 -> 20 | BQ15: =BN15/BP15 -> 0.7 | BR15: 0.95
A16: 2026 | B16: 46111 | D16: 13 | L16: =AVERAGE(J13:J16) -> #DIV/0! | M16: =AVERAGE(J9:J16) -> 0.97 | N16: 0.96 | O16: 0.95 | AC16: =AA16+AB16 -> 0 | AD16: =AB16/AC16 -> #DIV/0! | AF16: =AF15+AA16 -> 8362.5 | AG16: =AG15+AB16 -> 4175.75 | AH16: =AH15+AC16 -> 12538.25 | AI16: =AG16/AH16 -> 0.33304089 | AL16: =AK16/AA16 -> #DIV/0! | AM16: =AM15+AK16 -> 0 | AN16: =AM16/AF16 -> 0 | AO16: 0.0125 | AP16: 0.0187 | AZ16: 2020 | BA16: Jan | BB16: 0 | BC16: 1 | BD16: 0 | BE16: =SUM(BB16:BD16) -> 1 | BF16: =3060.5+785.25 -> 3845.75 | BG16: =SUM(BB5:BB16) -> 2 | BH16: =SUM(BF5:BF16) -> 47165 | BI16: =BG16*200000/(BH16+1280) -> 8.256786 | BJ16: 4 | BL16: 2021 | BM16: Jan | BN16: 10 | BO16: 3 | BP16: =BN16+BO16 -> 13 | BQ16: =BN16/BP16 -> 0.76923077 | BR16: 0.95
A17: 2026 | B17: 46118 | D17: 14 | L17: =AVERAGE(J14:J17) -> #DIV/0! | M17: =AVERAGE(J10:J17) -> 0.97 | N17: 0.96 | O17: 0.95 | AC17: =AA17+AB17 -> 0 | AD17: =AB17/AC17 -> #DIV/0! | AF17: =AF16+AA17 -> 8362.5 | AG17: =AG16+AB17 -> 4175.75 | AH17: =AH16+AC17 -> 12538.25 | AI17: =AG17/AH17 -> 0.33304089 | AL17: =AK17/AA17 -> #DIV/0! | AM17: =AM16+AK17 -> 0 | AN17: =AM17/AF17 -> 0 | AO17: 0.0125 | AP17: 0.0187 | AR17: YTD | AS17: =SUM(AS4:AS16) -> 0 | AT17: =SUM(AT4:AT16) -> 600 | AZ17: 2020 | BA17: Feb | BB17: 0 | BC17: 0 | BD17: 1 | BE17: =SUM(BB17:BD17) -> 1 | BF17: =3042.5+613.75 -> 3656.25 | BG17: =SUM(BB6:BB17) -> 2 | BH17: =SUM(BF6:BF17) -> 47923.75 | BI17: =BG17*200000/(BH17+1280) -> 8.1294617 | BJ17: 4 | BL17: 2021 | BM17: Feb | BN17: 2 | BO17: 2 | BP17: =BN17+BO17 -> 4 | BQ17: =BN17/BP17 -> 0.5 | BR17: 0.95
A18: 2026 | B18: 46125 | D18: 15 | L18: =AVERAGE(J15:J18) -> #DIV/0! | M18: =AVERAGE(J11:J18) -> 1 | N18: 0.96 | O18: 0.95 | AC18: =AA18+AB18 -> 0 | AD18: =AB18/AC18 -> #DIV/0! | AF18: =AF17+AA18 -> 8362.5 | AG18: =AG17+AB18 -> 4175.75 | AH18: =AH17+AC18 -> 12538.25 | AI18: =AG18/AH18 -> 0.33304089 | AL18: =AK18/AA18 -> #DIV/0! | AM18: =AM17+AK18 -> 0 | AN18: =AM18/AF18 -> 0 | AO18: 0.0125 | AP18: 0.0187 | AZ18: 2020 | BA18: Mar | BB18: 0 | BC18: 0 | BD18: 1 | BE18: =SUM(BB18:BD18) -> 1 | BF18: =3452.5+791.25 -> 4243.75 | BG18: =SUM(BB7:BB18) -> 2 | BH18: =SUM(BF7:BF18) -> 49039.5 | BI18: =BG18*200000/(BH18+1280) -> 7.9492046 | BJ18: 4 | BL18: 2021 | BM18: Mar | BN18: 0 | BO18: 2 | BP18: 2 | BQ18: =BN18/BP18 -> 0 | BR18: 0.95
A19: 2026 | B19: 46132 | C19: Apr | D19: 16 | L19: =AVERAGE(J16:J19) -> #DIV/0! | M19: =AVERAGE(J12:J19) -> 0.95 | N19: 0.96 | O19: 0.95 | AC19: =AA19+AB19 -> 0 | AD19: =AB19/AC19 -> #DIV/0! | AF19: =AF18+AA19 -> 8362.5 | AG19: =AG18+AB19 -> 4175.75 | AH19: =AH18+AC19 -> 12538.25 | AI19: =AG19/AH19 -> 0.33304089 | AL19: =AK19/AA19 -> #DIV/0! | AM19: =AM18+AK19 -> 0 | AN19: =AM19/AF19 -> 0 | AO19: 0.0125 | AP19: 0.0187 | AZ19: 2020 | BA19: Apr | BB19: 0 | BC19: 1 | BD19: 1 | BE19: =SUM(BB19:BD19) -> 2 | BF19: =3935.5+777 -> 4712.5 | BG19: =SUM(BB8:BB19) -> 2 | BH19: =SUM(BF8:BF19) -> 49970.75 | BI19: =BG19*200000/(BH19+1280) -> 7.8047638 | BJ19: 4 | BL19: 2021 | BM19: Apr | BN19: 0 | BO19: 4 | BP19: 4 | BQ19: =BN19/BP19 -> 0 | BR19: 0.95
A20: 2026 | B20: 46139 | D20: 17 | L20: =AVERAGE(J17:J20) -> #DIV/0! | M20: =AVERAGE(J13:J20) -> #DIV/0! | N20: 0.96 | O20: 0.95 | AC20: =AA20+AB20 -> 0 | AD20: =AB20/AC20 -> #DIV/0! | AF20: =AF19+AA20 -> 8362.5 | AG20: =AG19+AB20 -> 4175.75 | AH20: =AH19+AC20 -> 12538.25 | AI20: =AG20/AH20 -> 0.33304089 | AL20: =AK20/AA20 -> #DIV/0! | AM20: =AM19+AK20 -> 0 | AN20: =AM20/AF20 -> 0 | AO20: 0.0125 | AP20: 0.0187 | AZ20: 2020 | BA20: May | BB20: 0 | BC20: 0 | BD20: 0 | BE20: =SUM(BB20:BD20) -> 0 | BF20: =3541+676 -> 4217 | BG20: =SUM(BB9:BB20) -> 2 | BH20: =SUM(BF9:BF20) -> 50305.5 | BI20: =BG20*200000/(BH20+1280) -> 7.754117 | BJ20: 4 | BL20: 2021 | BM20: May | BN20: 3 | BO20: 0 | BP20: 3 | BQ20: =BN20/BP20 -> 1 | BR20: 0.95
A21: 2026 | B21: 46146 | D21: 18 | L21: =AVERAGE(J18:J21) -> #DIV/0! | M21: =AVERAGE(J14:J21) -> #DIV/0! | N21: 0.96 | O21: 0.95 | AC21: =AA21+AB21 -> 0 | AD21: =AB21/AC21 -> #DIV/0! | AF21: =AF20+AA21 -> 8362.5 | AG21: =AG20+AB21 -> 4175.75 | AH21: =AH20+AC21 -> 12538.25 | AI21: =AG21/AH21 -> 0.33304089 | AL21: =AK21/AA21 -> #DIV/0! | AM21: =AM20+AK21 -> 0 | AN21: =AM21/AF21 -> 0 | AO21: 0.0125 | AP21: 0.0187 | AZ21: 2020 | BA21: Jun | BB21: 0 | BC21: 1 | BD21: 3 | BE21: =SUM(BB21:BD21) -> 4 | BF21: 4153 | BG21: =SUM(BB10:BB21) -> 1 | BH21: =SUM(BF10:BF21) -> 50629 | BI21: =BG21*200000/(BH21+1280) -> 3.8528964 | BJ21: 4 | BL21: 2021 | BM21: Jun | BR21: 0.95
A22: 2026 | B22: 46153 | D22: 19 | L22: =AVERAGE(J19:J22) -> #DIV/0! | M22: =AVERAGE(J15:J22) -> #DIV/0! | N22: 0.96 | O22: 0.95 | AC22: =AA22+AB22 -> 0 | AD22: =AB22/AC22 -> #DIV/0! | AF22: =AF21+AA22 -> 8362.5 | AG22: =AG21+AB22 -> 4175.75 | AH22: =AH21+AC22 -> 12538.25 | AI22: =AG22/AH22 -> 0.33304089 | AL22: =AK22/AA22 -> #DIV/0! | AM22: =AM21+AK22 -> 0 | AN22: =AM22/AF22 -> 0 | AO22: 0.0125 | AP22: 0.0187 | AZ22: 2020 | BA22: Jul | BB22: 0 | BC22: 1 | BD22: 3 | BE22: =SUM(BB22:BD22) -> 4 | BF22: 3759.75 | BG22: =SUM(BB11:BB22) -> 1 | BH22: =SUM(BF11:BF22) -> 50113.25 | BI22: =BG22*200000/(BH22+1280) -> 3.8915616 | BJ22: 4 | BL22: 2021 | BM22: Jul | BR22: 0.95
A23: 2026 | B23: 46160 | C23: May | D23: 20 | L23: =AVERAGE(J20:J23) -> #DIV/0! | M23: =AVERAGE(J16:J23) -> #DIV/0! | N23: 0.96 | O23: 0.95 | AC23: =AA23+AB23 -> 0 | AD23: =AB23/AC23 -> #DIV/0! | AF23: =AF22+AA23 -> 8362.5 | AG23: =AG22+AB23 -> 4175.75 | AH23: =AH22+AC23 -> 12538.25 | AI23: =AG23/AH23 -> 0.33304089 | AL23: =AK23/AA23 -> #DIV/0! | AM23: =AM22+AK23 -> 0 | AN23: =AM23/AF23 -> 0 | AO23: 0.0125 | AP23: 0.0187 | AZ23: 2020 | BA23: Aug | BB23: 0 | BC23: 2 | BD23: 0 | BE23: =SUM(BB23:BD23) -> 2 | BF23: 4286 | BG23: =SUM(BB12:BB23) -> 1 | BH23: =SUM(BF12:BF23) -> 49842.5 | BI23: =BG23*200000/(BH23+1280) -> 3.9121717 | BJ23: 4 | BL23: 2021 | BM23: Aug | BR23: 0.95
A24: 2026 | B24: 46167 | D24: 21 | L24: =AVERAGE(J21:J24) -> #DIV/0! | M24: =AVERAGE(J17:J24) -> #DIV/0! | N24: 0.96 | O24: 0.95 | AC24: =AA24+AB24 -> 0 | AD24: =AB24/AC24 -> #DIV/0! | AF24: =AF23+AA24 -> 8362.5 | AG24: =AG23+AB24 -> 4175.75 | AH24: =AH23+AC24 -> 12538.25 | AI24: =AG24/AH24 -> 0.33304089 | AL24: =AK24/AA24 -> #DIV/0! | AM24: =AM23+AK24 -> 0 | AN24: =AM24/AF24 -> 0 | AO24: 0.0125 | AP24: 0.0187 | AZ24: 2020 | BA24: Sep | BB24: 0 | BC24: 2 | BD24: 0 | BE24: =SUM(BB24:BD24) -> 2 | BF24: 4497 | BG24: =SUM(BB13:BB24) -> 1 | BH24: =SUM(BF13:BF24) -> 50126 | BI24: =BG24*200000/(BH24+1280) -> 3.8905964 | BJ24: 4 | BL24: 2021 | BM24: Sep | BR24: 0.95
A25: 2026 | B25: 46174 | D25: 22 | L25: =AVERAGE(J22:J25) -> #DIV/0! | M25: =AVERAGE(J18:J25) -> #DIV/0! | N25: 0.96 | O25: 0.95 | AC25: =AA25+AB25 -> 0 | AD25: =AB25/AC25 -> #DIV/0! | AF25: =AF24+AA25 -> 8362.5 | AG25: =AG24+AB25 -> 4175.75 | AH25: =AH24+AC25 -> 12538.25 | AI25: =AG25/AH25 -> 0.33304089 | AL25: =AK25/AA25 -> #DIV/0! | AM25: =AM24+AK25 -> 0 | AN25: =AM25/AF25 -> 0 | AO25: 0.0125 | AP25: 0.0187 | AZ25: 2020 | BA25: Oct | BB25: 0 | BC25: 0 | BD25: 1 | BE25: =SUM(BB25:BD25) -> 1 | BF25: 4461.75 | BG25: =SUM(BB14:BB25) -> 0 | BH25: =SUM(BF14:BF25) -> 48874.75 | BI25: =BG25*200000/(BH25+1280) -> 0 | BJ25: 4 | BL25: 2021 | BM25: Oct | BR25: 0.95
A26: 2026 | B26: 46181 | D26: 23 | L26: =AVERAGE(J23:J26) -> #DIV/0! | M26: =AVERAGE(J19:J26) -> #DIV/0! | N26: 0.96 | O26: 0.95 | AC26: =AA26+AB26 -> 0 | AD26: =AB26/AC26 -> #DIV/0! | AF26: =AF25+AA26 -> 8362.5 | AG26: =AG25+AB26 -> 4175.75 | AH26: =AH25+AC26 -> 12538.25 | AI26: =AG26/AH26 -> 0.33304089 | AL26: =AK26/AA26 -> #DIV/0! | AM26: =AM25+AK26 -> 0 | AN26: =AM26/AF26 -> 0 | AO26: 0.0125 | AP26: 0.0187 | AZ26: 2020 | BA26: Nov | BB26: 0 | BC26: 2 | BD26: 0 | BE26: =SUM(BB26:BD26) -> 2 | BF26: 3802.25 | BG26: =SUM(BB15:BB26) -> 0 | BH26: =SUM(BF15:BF26) -> 48936.25 | BI26: =BG26*200000/(BH26+1280) -> 0 | BJ26: 4 | BL26: 2021 | BM26: Nov | BR26: 0.95
A27: 2026 | B27: 46188 | C27: Jun | D27: 24 | L27: =AVERAGE(J24:J27) -> #DIV/0! | M27: =AVERAGE(J20:J27) -> #DIV/0! | N27: 0.96 | O27: 0.95 | AC27: =AA27+AB27 -> 0 | AD27: =AB27/AC27 -> #DIV/0! | AF27: =AF26+AA27 -> 8362.5 | AG27: =AG26+AB27 -> 4175.75 | AH27: =AH26+AC27 -> 12538.25 | AI27: =AG27/AH27 -> 0.33304089 | AL27: =AK27/AA27 -> #DIV/0! | AM27: =AM26+AK27 -> 0 | AN27: =AM27/AF27 -> 0 | AO27: 0.0125 | AP27: 0.0187 | AZ27: 2020 | BA27: Dec | BB27: 0 | BC27: 1 | BD27: 0 | BE27: =SUM(BB27:BD27) -> 1 | BF27: 3848.25 | BG27: =SUM(BB16:BB27) -> 0 | BH27: =SUM(BF16:BF27) -> 49483.25 | BI27: =BG27*200000/(BH27+1280) -> 0 | BJ27: 4 | BL27: 2021 | BM27: Dec | BR27: 0.95
A28: 2026 | B28: 46195 | D28: 25 | L28: =AVERAGE(J25:J28) -> #DIV/0! | M28: =AVERAGE(J21:J28) -> #DIV/0! | N28: 0.96 | O28: 0.95 | AC28: =AA28+AB28 -> 0 | AD28: =AB28/AC28 -> #DIV/0! | AF28: =AF27+AA28 -> 8362.5 | AG28: =AG27+AB28 -> 4175.75 | AH28: =AH27+AC28 -> 12538.25 | AI28: =AG28/AH28 -> 0.33304089 | AL28: =AK28/AA28 -> #DIV/0! | AM28: =AM27+AK28 -> 0 | AN28: =AM28/AF28 -> 0 | AO28: 0.0125 | AP28: 0.0187 | AZ28: 2021 | BA28: Jan | BB28: 0 | BC28: 0 | BD28: 1 | BE28: =SUM(BB28:BD28) -> 1 | BF28: 2984.25 | BG28: =SUM(BB17:BB28) -> 0 | BH28: =SUM(BF17:BF28) -> 48621.75 | BI28: =BG28*200000/(BH28+1280) -> 0 | BJ28: 2 | BL28: 2022 | BM28: Jan | BO28: 3
A29: 2026 | B29: 46202 | D29: 26 | L29: =AVERAGE(J26:J29) -> #DIV/0! | M29: =AVERAGE(J22:J29) -> #DIV/0! | N29: 0.96 | O29: 0.95 | AC29: =AA29+AB29 -> 0 | AD29: =AB29/AC29 -> #DIV/0! | AF29: =AF28+AA29 -> 8362.5 | AG29: =AG28+AB29 -> 4175.75 | AH29: =AH28+AC29 -> 12538.25 | AI29: =AG29/AH29 -> 0.33304089 | AL29: =AK29/AA29 -> #DIV/0! | AM29: =AM28+AK29 -> 0 | AN29: =AM29/AF29 -> 0 | AO29: 0.0125 | AP29: 0.0187 | AZ29: 2021 | BA29: Feb | BB29: 0 | BC29: 0 | BD29: 0 | BE29: =SUM(BB29:BD29) -> 0 | BF29: 3347.5 | BG29: =SUM(BB18:BB29) -> 0 | BH29: =SUM(BF18:BF29) -> 48313 | BI29: =BG29*200000/(BH29+1280) -> 0 | BJ29: 2 | BL29: 2022 | BM29: Feb
A30: 2026 | B30: 46209 | D30: 27 | L30: =AVERAGE(J27:J30) -> #DIV/0! | M30: =AVERAGE(J23:J30) -> #DIV/0! | N30: 0.96 | O30: 0.95 | AC30: =AA30+AB30 -> 0 | AD30: =AB30/AC30 -> #DIV/0! | AF30: =AF29+AA30 -> 8362.5 | AG30: =AG29+AB30 -> 4175.75 | AH30: =AH29+AC30 -> 12538.25 | AI30: =AG30/AH30 -> 0.33304089 | AL30: =AK30/AA30 -> #DIV/0! | AM30: =AM29+AK30 -> 0 | AN30: =AM30/AF30 -> 0 | AO30: 0.0125 | AP30: 0.0187 | AZ30: 2021 | BA30: Mar | BB30: 0 | BC30: 0 | BD30: 3 | BE30: =SUM(BB30:BD30) -> 3 | BF30: 3695.25 | BG30: =SUM(BB19:BB30) -> 0 | BH30: =SUM(BF19:BF30) -> 47764.5 | BI30: =BG30*200000/(BH30+1280) -> 0 | BJ30: 2 | BL30: 2022 | BM30: Mar
A31: 2026 | B31: 46216 | D31: 28 | L31: =AVERAGE(J28:J31) -> #DIV/0! | M31: =AVERAGE(J24:J31) -> #DIV/0! | N31: 0.96 | O31: 0.95 | AC31: =AA31+AB31 -> 0 | AD31: =AB31/AC31 -> #DIV/0! | AF31: =AF30+AA31 -> 8362.5 | AG31: =AG30+AB31 -> 4175.75 | AH31: =AH30+AC31 -> 12538.25 | AI31: =AG31/AH31 -> 0.33304089 | AL31: =AK31/AA31 -> #DIV/0! | AM31: =AM30+AK31 -> 0 | AN31: =AM31/AF31 -> 0 | AO31: 0.0125 | AP31: 0.0187 | AZ31: 2021 | BA31: Apr | BB31: 0 | BC31: 1 | BD31: 0 | BE31: =SUM(BB31:BD31) -> 1 | BF31: 2841.5 | BG31: =SUM(BB20:BB31) -> 0 | BH31: =SUM(BF20:BF31) -> 45893.5 | BI31: =BG31*200000/(BH31+1280) -> 0 | BJ31: 2 | BL31: 2022 | BM31: Apr
A32: 2026 | B32: 46223 | C32: Jul | D32: 29 | L32: =AVERAGE(J29:J32) -> #DIV/0! | M32: =AVERAGE(J25:J32) -> #DIV/0! | N32: 0.96 | O32: 0.95 | AC32: =AA32+AB32 -> 0 | AD32: =AB32/AC32 -> #DIV/0! | AF32: =AF31+AA32 -> 8362.5 | AG32: =AG31+AB32 -> 4175.75 | AH32: =AH31+AC32 -> 12538.25 | AI32: =AG32/AH32 -> 0.33304089 | AL32: =AK32/AA32 -> #DIV/0! | AM32: =AM31+AK32 -> 0 | AN32: =AM32/AF32 -> 0 | AO32: 0.0125 | AP32: 0.0187 | AZ32: 2021 | BA32: May | BB32: 0 | BC32: 0 | BD32: 0 | BE32: =SUM(BB32:BD32) -> 0 | BF32: 2637.75 | BG32: =SUM(BB21:BB32) -> 0 | BH32: =SUM(BF21:BF32) -> 44314.25 | BI32: =BG32*200000/(BH32+1280) -> 0 | BJ32: 2 | BL32: 2022 | BM32: May
A33: 2026 | B33: 46230 | D33: 30 | L33: =AVERAGE(J30:J33) -> #DIV/0! | M33: =AVERAGE(J26:J33) -> #DIV/0! | N33: 0.96 | O33: 0.95 | AC33: =AA33+AB33 -> 0 | AD33: =AB33/AC33 -> #DIV/0! | AF33: =AF32+AA47 -> 8362.5 | AG33: =AG32+AB47 -> 4175.75 | AH33: =AH32+AC33 -> 12538.25 | AI33: =AG33/AH33 -> 0.33304089 | AL33: =AK33/AA33 -> #DIV/0! | AM33: =AM32+AK33 -> 0 | AN33: =AM33/AF33 -> 0 | AO33: 0.0125 | AP33: 0.0187 | AZ33: 2021 | BA33: Jun | BB33: 0 | BC33: 2 | BD33: 0 | BE33: =SUM(BB33:BD33) -> 2 | BF33: 4042.75 | BG33: =SUM(BB22:BB33) -> 0 | BH33: =SUM(BF22:BF33) -> 44204 | BI33: =BG33*200000/(BH33+1280) -> 0 | BJ33: 2 | BL33: 2022 | BM33: Jun
A34: 2026 | B34: 46237 | D34: 31 | L34: =AVERAGE(J31:J34) -> #DIV/0! | M34: =AVERAGE(J27:J34) -> #DIV/0! | N34: 0.96 | O34: 0.95 | AC34: =AA34+AB34 -> 0 | AD34: =AB34/AC34 -> #DIV/0! | AF34: =AF33+AA48 -> 8362.5 | AG34: =AG33+AB48 -> 4175.75 | AH34: =AH33+AC34 -> 12538.25 | AI34: =AG34/AH34 -> 0.33304089 | AL34: =AK34/AA34 -> #DIV/0! | AM34: =AM33+AK34 -> 0 | AN34: =AM34/AF34 -> 0 | AO34: 0.0125 | AP34: 0.0187 | AZ34: 2021 | BA34: Jul | BB34: 0 | BC34: 1 | BD34: 0 | BE34: =SUM(BB34:BD34) -> 1 | BF34: 3331 | BG34: =SUM(BB23:BB34) -> 0 | BH34: =SUM(BF23:BF34) -> 43775.25 | BI34: =BG34*200000/(BH34+1280) -> 0 | BJ34: 2 | BL34: 2022 | BM34: Jul
A35: 2026 | B35: 46244 | D35: 32 | L35: =AVERAGE(J32:J35) -> #DIV/0! | M35: =AVERAGE(J28:J35) -> #DIV/0! | N35: 0.96 | O35: 0.95 | AC35: =AA35+AB35 -> 0 | AD35: =AB35/AC35 -> #DIV/0! | AF35: =AF34+AA49 -> 8362.5 | AG35: =AG34+AB49 -> 4175.75 | AH35: =AH34+AC35 -> 12538.25 | AI35: =AG35/AH35 -> 0.33304089 | AL35: =AK35/AA35 -> #DIV/0! | AM35: =AM34+AK35 -> 0 | AN35: =AM35/AF35 -> 0 | AO35: 0.0125 | AP35: 0.0187 | AZ35: 2021 | BA35: Aug | BB35: 0 | BC35: 1 | BD35: 0 | BE35: =SUM(BB35:BD35) -> 1 | BF35: 3369 | BG35: =SUM(BB24:BB35) -> 0 | BH35: =SUM(BF24:BF35) -> 42858.25 | BI35: =BG35*200000/(BH35+1280) -> 0 | BJ35: 2 | BL35: 2022 | BM35: Aug | BU35: Operation | BV35: Description
A36: 2026 | B36: 46251 | C36: Aug | D36: 33 | L36: =AVERAGE(J33:J38) -> #DIV/0! | M36: =AVERAGE(J29:J38) -> #DIV/0! | N36: 0.96 | O36: 0.95 | AC36: =AA36+AB36 -> 0 | AD36: =AB36/AC36 -> #DIV/0! | AF36: =AF35+AA50 -> 8362.5 | AG36: =AG35+AB50 -> 4175.75 | AH36: =AH35+AC36 -> 12538.25 | AI36: =AG36/AH36 -> 0.33304089 | AL36: =AK36/AA36 -> #DIV/0! | AM36: =AM35+AK36 -> 0 | AN36: =AM36/AF36 -> 0 | AO36: 0.0125 | AP36: 0.0187 | AZ36: 2021 | BA36: Sep | BB36: 0 | BC36: 1 | BD36: 0 | BE36: =SUM(BB36:BD36) -> 1 | BF36: 3255 | BG36: =SUM(BB25:BB36) -> 0 | BH36: =SUM(BF25:BF36) -> 41616.25 | BI36: =BG36*200000/(BH36+1280) -> 0 | BJ36: 2 | BL36: 2022 | BM36: Sep | BU36: 100 | BV36: Cut Nozzle Pipe and Clean
A37: 2026 | B37: 46258 | D37: 34 | L37: =AVERAGE(J34:J37) -> #DIV/0! | M37: =AVERAGE(J30:J37) -> #DIV/0! | N37: 0.96 | O37: 0.95 | AC37: =AA37+AB37 -> 0 | AD37: =AB37/AC37 -> #DIV/0! | AF37: =AF36+AA51 -> 8362.5 | AG37: =AG36+AB51 -> 4175.75 | AH37: =AH36+AC37 -> 12538.25 | AI37: =AG37/AH37 -> 0.33304089 | AL37: =AK37/AA37 -> #DIV/0! | AM37: =AM36+AK37 -> 0 | AN37: =AM37/AF37 -> 0 | AO37: 0.0125 | AP37: 0.0187 | AZ37: 2021 | BA37: Oct | BB37: 0 | BC37: 1 | BD37: 2 | BE37: =SUM(BB37:BD37) -> 3 | BF37: 5129 | BG37: =SUM(BB26:BB37) -> 0 | BH37: =SUM(BF26:BF37) -> 42283.5 | BI37: =BG37*200000/(BH37+1280) -> 0 | BJ37: 2 | BL37: 2022 | BM37: Oct | BU37: 105 | BV37: Build Nozzles-Weld
A38: 2026 | B38: 46265 | D38: 35 | L38: =AVERAGE(J35:J38) -> #DIV/0! | M38: =AVERAGE(J31:J38) -> #DIV/0! | N38: 0.96 | O38: 0.95 | AC38: =AA38+AB38 -> 0 | AD38: =AB38/AC38 -> #DIV/0! | AF38: =AF37+AA52 -> 8362.5 | AG38: =AG37+AB52 -> 4175.75 | AH38: =AH37+AC38 -> 12538.25 | AI38: =AG38/AH38 -> 0.33304089 | AL38: =AK38/AA38 -> #DIV/0! | AM38: =AM37+AK38 -> 0 | AN38: =AM38/AF38 -> 0 | AO38: 0.0125 | AP38: 0.0187 | AZ38: 2021 | BA38: Nov | BB38: 0 | BC38: 1 | BD38: 2 | BE38: =SUM(BB38:BD38) -> 3 | BF38: 5102 | BG38: =SUM(BB27:BB38) -> 0 | BH38: =SUM(BF27:BF38) -> 43583.25 | BI38: =BG38*200000/(BH38+1280) -> 0 | BJ38: 2 | BL38: 2022 | BM38: Nov | BU38: 107 | BV38: Build Repads for Nozzles
A39: 2026 | B39: 46272 | D39: 36 | L39: =AVERAGE(J37:J39) -> #DIV/0! | M39: =AVERAGE(J32:J39) -> #DIV/0! | N39: 0.96 | O39: 0.95 | AC39: =AA39+AB39 -> 0 | AD39: =AB39/AC39 -> #DIV/0! | AF39: =AF38+AA53 -> 8362.5 | AG39: =AG38+AB53 -> 4175.75 | AH39: =AH38+AC39 -> 12538.25 | AI39: =AG39/AH39 -> 0.33304089 | AL39: =AK39/AA39 -> #DIV/0! | AM39: =AM38+AK39 -> 0 | AN39: =AM39/AF39 -> 0 | AO39: 0.0125 | AP39: 0.0187 | AZ39: 2021 | BA39: Dec | BB39: 0 | BC39: 1 | BD39: 0 | BE39: =SUM(BB39:BD39) -> 1 | BF39: 5019 | BG39: =SUM(BB28:BB39) -> 0 | BH39: =SUM(BF28:BF39) -> 44754 | BI39: =BG39*200000/(BH39+1280) -> 0 | BJ39: 2 | BL39: 2022 | BM39: Dec | BU39: 110 | BV39: Build Dip Tubes-Weld
A40: 2026 | B40: 46279 | C40: Sep | D40: 37 | L40: =AVERAGE(J37:J40) -> #DIV/0! | M40: =AVERAGE(J33:J40) -> #DIV/0! | N40: 0.96 | O40: 0.95 | AC40: =AA40+AB40 -> 0 | AD40: =AB40/AC40 -> #DIV/0! | AF40: =AF39+AA54 -> 8362.5 | AG40: =AG39+AB54 -> 4175.75 | AH40: =AH39+AC40 -> 12538.25 | AI40: =AG40/AH40 -> 0.33304089 | AL40: =AK40/AA40 -> #DIV/0! | AM40: =AM39+AK40 -> 0 | AN40: =AM40/AF40 -> 0 | AO40: 0.0125 | AP40: 0.0187 | AZ40: 2022 | BA40: Jan | BB40: 0 | BC40: 1 | BD40: 1 | BE40: =SUM(BB40:BD40) -> 2 | BF40: 4683 | BG40: =SUM(BB29:BB40) -> 0 | BH40: =SUM(BF29:BF40) -> 46452.75 | BI40: =BG40*200000/(BH40+1280) -> 0 | BJ40: 2 | BL40: 2022 | BM40: YTD | BN40: =SUM(BN16:BN27) -> 15 | BO40: =SUM(BO16:BO27) -> 11 | BP40: =BN40+BO40 -> 26 | BQ40: =BN40/BP40 -> 0.57692308 | BR40: 0.95 | BU40: 115 | BV40: Make Manway Parts
A41: 2026 | B41: 46286 | D41: 38 | L41: =AVERAGE(J38:J41) -> #DIV/0! | M41: =AVERAGE(J34:J41) -> #DIV/0! | N41: 0.96 | O41: 0.95 | AC41: =AA41+AB41 -> 0 | AD41: =AB41/AC41 -> #DIV/0! | AF41: =AF40+AA55 -> 8362.5 | AG41: =AG40+AB55 -> 4175.75 | AH41: =AH40+AC41 -> 12538.25 | AI41: =AG41/AH41 -> 0.33304089 | AL41: =AK41/AA41 -> #DIV/0! | AM41: =AM40+AK41 -> 0 | AN41: =AM41/AF41 -> 0 | AO41: 0.0125 | AP41: 0.0187 | AZ41: 2022 | BA41: Feb | BB41: 0 | BC41: 0 | BD41: 1 | BE41: =SUM(BB41:BD41) -> 1 | BF41: 5033 | BG41: =SUM(BB30:BB41) -> 0 | BH41: =SUM(BF30:BF41) -> 48138.25 | BI41: =BG41*200000/(BH41+1280) -> 0 | BJ41: 2 | BL41: Rolling 12 Months | BN41: =SUM(BN5:BN16) -> 110 | BO41: =SUM(BO5:BO16) -> 25 | BP41: =BN41+BO41 -> 135 | BQ41: =BN41/BP41 -> 0.81481481 | BR41: 0.95 | BU41: 120 | BV41: Brn MW Neck, Clean, Bevel
A42: 2026 | B42: 46293 | D42: 39 | L42: =AVERAGE(J39:J42) -> #DIV/0! | M42: =AVERAGE(J35:J42) -> #DIV/0! | N42: 0.96 | O42: 0.95 | AC42: =AA42+AB42 -> 0 | AD42: =AB42/AC42 -> #DIV/0! | AF42: =AF41+AA56 -> 8362.5 | AG42: =AG41+AB56 -> 4175.75 | AH42: =AH41+AC42 -> 12538.25 | AI42: =AG42/AH42 -> 0.33304089 | AL42: =AK42/AA42 -> #DIV/0! | AM42: =AM41+AK42 -> 0 | AN42: =AM42/AF42 -> 0 | AO42: 0.0125 | AP42: 0.0187 | AZ42: 2022 | BA42: Mar | BB42: 0 | BC42: 1 | BD42: 1 | BE42: =SUM(BB42:BD42) -> 2 | BF42: 4646 | BG42: =SUM(BB31:BB42) -> 0 | BH42: =SUM(BF31:BF42) -> 49089 | BI42: =BG42*200000/(BH42+1280) -> 0 | BJ42: 2 | BU42: 125 | BV42: Roll Manway Neck
A43: 2026 | B43: 46300 | D43: 40 | L43: =AVERAGE(J40:J43) -> #DIV/0! | M43: =AVERAGE(J37:J43) -> #DIV/0! | N43: 0.96 | O43: 0.95 | AC43: =AA43+AB43 -> 0 | AD43: =AB43/AC43 -> #DIV/0! | AF43: =AF42+AA57 -> 16725 | AG43: =AG42+AB57 -> 8351.5 | AH43: =AH42+AC43 -> 12538.25 | AI43: =AG43/AH43 -> 0.66608179 | AL43: =AK43/AA43 -> #DIV/0! | AM43: =AM42+AK43 -> 0 | AN43: =AM43/AF43 -> 0 | AO43: 0.0125 | AP43: 0.0187 | AZ43: 2022 | BA43: Apr | BB43: 0 | BC43: 0 | BD43: 0 | BE43: =SUM(BB43:BD43) -> 0 | BF43: 3362 | BG43: =SUM(BB32:BB43) -> 0 | BH43: =SUM(BF32:BF43) -> 49609.5 | BI43: =BG43*200000/(BH43+1280) -> 0 | BJ43: 2 | BM43: Red | BN43: 80 | BU43: 130 | BV43: S/U Weld MW Flg, Neck Sem
A44: 2026 | B44: 46307 | D44: 41 | L44: =AVERAGE(J41:J44) -> #DIV/0! | M44: =AVERAGE(J37:J44) -> #DIV/0! | N44: 0.96 | O44: 0.95 | AC44: =AA44+AB44 -> 0 | AD44: =AB44/AC44 -> #DIV/0! | AF44: =AF43+AA58 -> 16725 | AG44: =AG43+AB58 -> 8351.5 | AH44: =AH43+AC44 -> 12538.25 | AI44: =AG44/AH44 -> 0.66608179 | AL44: =AK44/AA44 -> #DIV/0! | AM44: =AM43+AK44 -> 0 | AN44: =AM44/AF44 -> 0 | AO44: 0.0125 | AP44: 0.0187 | AZ44: 2022 | BA44: May | BB44: 0 | BC44: 2 | BD44: 0 | BE44: =SUM(BB44:BD44) -> 2 | BF44: 3525 | BG44: =SUM(BB33:BB44) -> 0 | BH44: =SUM(BF33:BF44) -> 50496.75 | BI44: =BG44*200000/(BH44+1280) -> 0 | BJ44: 2 | BM44: Amber | BN44: 15 | BU44: 135 | BV44: Bld Davit Arm Aby Cover
A45: 2026 | B45: 46314 | C45: Oct | D45: 42 | L45: =AVERAGE(J42:J45) -> #DIV/0! | M45: =AVERAGE(J38:J45) -> #DIV/0! | N45: 0.96 | O45: 0.95 | AC45: =AA45+AB45 -> 0 | AD45: =AB45/AC45 -> #DIV/0! | AF45: =AF44+AA59 -> 16725 | AG45: =AG44+AB59 -> 8351.5 | AH45: =AH44+AC45 -> 12538.25 | AI45: =AG45/AH45 -> 0.66608179 | AL45: =AK45/AA45 -> #DIV/0! | AM45: =AM44+AK45 -> 0 | AN45: =AM45/AF45 -> 0 | AO45: 0.0125 | AP45: 0.0187 | AZ45: 2022 | BA45: Jun | BB45: 0 | BC45: 2 | BD45: 1 | BE45: =SUM(BB45:BD45) -> 3 | BF45: 3898 | BG45: =SUM(BB34:BB45) -> 0 | BH45: =SUM(BF34:BF45) -> 50352 | BI45: =BG45*200000/(BH45+1280) -> 0 | BJ45: 2 | BM45: Goal | BN45: 5 | BU45: 140 | BV45: Build Hatch/Door
A46: 2026 | B46: 46321 | D46: 43 | L46: =AVERAGE(J43:J46) -> #DIV/0! | M46: =AVERAGE(J39:J46) -> #DIV/0! | N46: 0.96 | O46: 0.95 | AC46: =AA46+AB46 -> 0 | AD46: =AB46/AC46 -> #DIV/0! | AF46: =AF45+AA60 -> 16725 | AG46: =AG45+AB60 -> 8351.5 | AH46: =AH45+AC46 -> 12538.25 | AI46: =AG46/AH46 -> 0.66608179 | AL46: =AK46/AA46 -> #DIV/0! | AM46: =AM45+AK46 -> 0 | AN46: =AM46/AF46 -> 0 | AO46: 0.0125 | AP46: 0.0187 | AZ46: 2022 | BA46: Jul | BB46: 0 | BC46: 0 | BD46: 0 | BE46: =SUM(BB46:BD46) -> 0 | BF46: 4030 | BG46: =SUM(BB35:BB46) -> 0 | BH46: =SUM(BF35:BF46) -> 51051 | BI46: =BG46*200000/(BH46+1280) -> 0 | BJ46: 2 | BM46: Invisible | BN46: 100 | BU46: 145 | BV46: Install Cladding on Flng
A47: 2026 | B47: 46328 | D47: 44 | L47: =AVERAGE(J44:J47) -> #DIV/0! | M47: =AVERAGE(J40:J47) -> #DIV/0! | N47: 0.96 | O47: 0.95 | AC47: =AA47+AB47 -> 0 | AD47: =AB47/AC47 -> #DIV/0! | AF47: =AF46+AA61 -> 16725 | AG47: =AG46+AB61 -> 8351.5 | AH47: =AH46+AC47 -> 12538.25 | AI47: =AG47/AH47 -> 0.66608179 | AL47: =AK47/AA47 -> #DIV/0! | AM47: =AM46+AK47 -> 0 | AN47: =AM47/AF47 -> 0 | AO47: 0.0125 | AP47: 0.0187 | AZ47: 2022 | BA47: Aug | BB47: 0 | BC47: 1 | BD47: 3 | BE47: =SUM(BB47:BD47) -> 4 | BF47: 5039.5 | BG47: =SUM(BB36:BB47) -> 0 | BH47: =SUM(BF36:BF47) -> 52721.5 | BI47: =BG47*200000/(BH47+1280) -> 0 | BJ47: 2 | BU47: 147 | BV47: Install Clad on Blind/Cov
A48: 2026 | B48: 46335 | D48: 45 | L48: =AVERAGE(J45:J48) -> #DIV/0! | M48: =AVERAGE(J41:J48) -> #DIV/0! | N48: 0.96 | O48: 0.95 | AC48: =AA48+AB48 -> 0 | AD48: =AB48/AC48 -> #DIV/0! | AF48: =AF47+AA62 -> 16725 | AG48: =AG47+AB62 -> 8351.5 | AH48: =AH47+AC48 -> 12538.25 | AI48: =AG48/AH48 -> 0.66608179 | AL48: =AK48/AA48 -> #DIV/0! | AM48: =AM47+AK48 -> 0 | AN48: =AM48/AF48 -> 0 | AO48: 0.0125 | AP48: 0.0187 | AZ48: 2022 | BA48: Sep | BB48: 0 | BC48: 0 | BD48: 0 | BE48: =SUM(BB48:BD48) -> 0 | BF48: 4765 | BG48: =SUM(BB37:BB48) -> 0 | BH48: =SUM(BF37:BF48) -> 54231.5 | BI48: =BG48*200000/(BH48+1280) -> 0 | BJ48: 2 | BM48: YTD | BN48: =BQ40 -> 0.57692308 | BU48: 150 | BV48: B&C Top, Bottom Plates
A49: 2026 | B49: 46342 | C49: Nov | D49: 46 | L49: =AVERAGE(J46:J49) -> #DIV/0! | M49: =AVERAGE(J42:J49) -> #DIV/0! | N49: 0.96 | O49: 0.95 | AC49: =AA49+AB49 -> 0 | AD49: =AB49/AC49 -> #DIV/0! | AF49: =AF48+AA63 -> 16725 | AG49: =AG48+AB63 -> 8351.5 | AH49: =AH48+AC49 -> 12538.25 | AI49: =AG49/AH49 -> 0.66608179 | AL49: =AK49/AA49 -> #DIV/0! | AM49: =AM48+AK49 -> 0 | AN49: =AM49/AF49 -> 0 | AO49: 0.0125 | AP49: 0.0187 | AZ49: 2022 | BA49: Oct | BB49: 1 | BC49: 0 | BD49: 1 | BE49: =SUM(BB49:BD49) -> 2 | BF49: 4974 | BG49: =SUM(BB38:BB49) -> 1 | BH49: =SUM(BF38:BF49) -> 54076.5 | BI49: =BG49*200000/(BH49+1280) -> 3.6129452 | BJ49: 2 | BM49: Pointer | BN49: 0.02 | BU49: 155 | BV49: B&C parts-lugs, supp, etc
A50: 2026 | B50: 46349 | D50: 47 | L50: =AVERAGE(J47:J50) -> #DIV/0! | M50: =AVERAGE(J43:J50) -> #DIV/0! | N50: 0.96 | O50: 0.95 | AC50: =AA50+AB50 -> 0 | AD50: =AB50/AC50 -> #DIV/0! | AF50: =AF49+AA64 -> 16725 | AG50: =AG49+AB64 -> 8351.5 | AH50: =AH49+AC50 -> 12538.25 | AI50: =AG50/AH50 -> 0.66608179 | AL50: =AK50/AA50 -> #DIV/0! | AM50: =AM49+AK50 -> 0 | AN50: =AM50/AF50 -> 0 | AO50: 0.0125 | AP50: 0.0187 | AZ50: 2022 | BA50: Nov | BB50: 0 | BC50: 1 | BD50: 0 | BE50: =SUM(BB50:BD50) -> 1 | BF50: 4607 | BG50: =SUM(BB39:BB50) -> 1 | BH50: =SUM(BF39:BF50) -> 53581.5 | BI50: =BG50*200000/(BH50+1280) -> 3.6455438 | BJ50: 2 | BM50: End | BN50: =2-BN48-BN49 -> 1.4030769 | BU50: 160 | BV50: B&C parts-stiff, vr, etc
A51: 2026 | B51: 46356 | D51: 48 | L51: =AVERAGE(J48:J51) -> #DIV/0! | M51: =AVERAGE(J44:J51) -> #DIV/0! | N51: 0.96 | O51: 0.95 | AC51: =AA51+AB51 -> 0 | AD51: =AB51/AC51 -> #DIV/0! | AF51: =AF50+AA65 -> 16725 | AG51: =AG50+AB65 -> 8351.5 | AH51: =AH50+AC51 -> 12538.25 | AI51: =AG51/AH51 -> 0.66608179 | AL51: =AK51/AA51 -> #DIV/0! | AM51: =AM50+AK51 -> 0 | AN51: =AM51/AF51 -> 0 | AO51: 0.0125 | AP51: 0.0187 | AZ51: 2022 | BA51: Dec | BB51: 0 | BC51: 1 | BD51: 0 | BE51: =SUM(BB51:BD51) -> 1 | BF51: 4314 | BG51: =SUM(BB40:BB51) -> 1 | BH51: =SUM(BF40:BF51) -> 52876.5 | BI51: =BG51*200000/(BH51+1280) -> 3.6930008 | BJ51: 2 | BU51: 165 | BV51: Build Supports
A52: 2026 | B52: 46363 | D52: 49 | L52: =AVERAGE(J49:J52) -> #DIV/0! | M52: =AVERAGE(J45:J52) -> #DIV/0! | N52: 0.96 | O52: 0.95 | AC52: =AA52+AB52 -> 0 | AD52: =AB52/AC52 -> #DIV/0! | AF52: =AF51+AA66 -> 16725 | AG52: =AG51+AB66 -> 8351.5 | AH52: =AH51+AC52 -> 12538.25 | AI52: =AG52/AH52 -> 0.66608179 | AL52: =AK52/AA52 -> #DIV/0! | AM52: =AM51+AK52 -> 0 | AN52: =AM52/AF52 -> 0 | AO52: 0.0125 | AP52: 0.0187 | AZ52: 2023 | BA52: Jan | BB52: 0 | BC52: 1 | BD52: 1 | BE52: =SUM(BB52:BD52) -> 2 | BF52: 5390 | BG52: =SUM(BB41:BB52) -> 1 | BH52: =SUM(BF41:BF52) -> 53583.5 | BI52: =BG52*200000/(BH52+1280) -> 3.6454109 | BJ52: 1 | BU52: 170 | BV52: Roll Repads-Drill & Tap
A53: 2026 | B53: 46370 | C53: Dec | D53: 50 | L53: =AVERAGE(J50:J53) -> #DIV/0! | M53: =AVERAGE(J46:J53) -> #DIV/0! | N53: 0.96 | O53: 0.95 | AC53: =AA53+AB53 -> 0 | AD53: =AB53/AC53 -> #DIV/0! | AF53: =AF52+AA67 -> 16725 | AG53: =AG52+AB67 -> 8351.5 | AH53: =AH52+AC53 -> 12538.25 | AI53: =AG53/AH53 -> 0.66608179 | AL53: =AK53/AA53 -> #DIV/0! | AM53: =AM52+AK53 -> 0 | AN53: =AM53/AF53 -> 0 | AO53: 0.0125 | AP53: 0.0187 | AZ53: 2023 | BA53: Feb | BB53: 1 | BC53: 3 | BD53: 0 | BE53: =SUM(BB53:BD53) -> 4 | BF53: 5469.25 | BG53: =SUM(BB42:BB53) -> 2 | BH53: =SUM(BF42:BF53) -> 54019.75 | BI53: =BG53*200000/(BH53+1280) -> 7.2333058 | BJ53: 1 | BU53: 175 | BV53: B&W Base Ring, Skirt
A54: 2026 | B54: 46377 | D54: 51 | L54: =AVERAGE(J51:J54) -> #DIV/0! | M54: =AVERAGE(J47:J54) -> #DIV/0! | N54: 0.96 | O54: 0.95 | AC54: =AA54+AB54 -> 0 | AD54: =AB54/AC54 -> #DIV/0! | AF54: =AF53+AA68 -> 16725 | AG54: =AG53+AB68 -> 8351.5 | AH54: =AH53+AC54 -> 12538.25 | AI54: =AG54/AH54 -> 0.66608179 | AL54: =AK54/AA54 -> #DIV/0! | AM54: =AM53+AK54 -> 0 | AN54: =AM54/AF54 -> 0 | AO54: 0.0125 | AP54: 0.0187 | AZ54: 2023 | BA54: Mar | BB54: 0 | BC54: 0 | BD54: 1 | BE54: =SUM(BB54:BD54) -> 1 | BF54: 6230.75 | BG54: =SUM(BB43:BB54) -> 2 | BH54: =SUM(BF43:BF54) -> 55604.5 | BI54: =BG54*200000/(BH54+1280) -> 7.0317925 | BJ54: 1 | BU54: 180 | BV54: Skirt-BI, SQ, T&C
A55: 2026 | B55: 46384 | D55: 52 | L55: =AVERAGE(J52:J55) -> #DIV/0! | M55: =AVERAGE(J48:J55) -> #DIV/0! | N55: 0.96 | O55: 0.95 | AC55: =AA55+AB55 -> 0 | AD55: =AB55/AC55 -> #DIV/0! | AF55: =AF54+AA69 -> 16725 | AG55: =AG54+AB69 -> 8351.5 | AH55: =AH54+AC55 -> 12538.25 | AI55: =AG55/AH55 -> 0.66608179 | AL55: =AK55/AA55 -> #DIV/0! | AM55: =AM54+AK55 -> 0 | AN55: =AM55/AF55 -> 0 | AO55: 0.0125 | AP55: 0.0187 | AZ55: 2023 | BA55: Apr | BB55: 0 | BC55: 0 | BD55: 1 | BE55: =SUM(BB55:BD55) -> 1 | BF55: 4990.75 | BG55: =SUM(BB44:BB55) -> 2 | BH55: =SUM(BF44:BF55) -> 57233.25 | BI55: =BG55*200000/(BH55+1280) -> 6.8360585 | BJ55: 1 | BU55: 185 | BV55: Roll Skirt Shells
E56: Full Year | L56: =AVERAGE(J53:J56) -> #DIV/0! | M56: =AVERAGE(J49:J56) -> #DIV/0! | N56: 0.96 | O56: 0.95 | AC56: =AA56+AB56 -> 0 | AD56: =AB56/AC56 -> #DIV/0! | AF56: =AF55+AA70 -> 16725 | AG56: =AG55+AB70 -> 8351.5 | AH56: =AH55+AC56 -> 12538.25 | AI56: =AG56/AH56 -> 0.66608179 | AZ56: 2023 | BA56: May | BB56: 0 | BC56: 0 | BD56: 0 | BE56: =SUM(BB56:BD56) -> 0 | BF56: 5013.25 | BG56: =SUM(BB45:BB56) -> 2 | BH56: =SUM(BF45:BF56) -> 58721.5 | BI56: =BG56*200000/(BH56+1280) -> 6.6665 | BJ56: 1 | BU56: 200 | BV56: Bld Lift Lugs, Grd Lugs
Y57: Run Total | AA57: =SUM(AA4:AA56) -> 8362.5 | AB57: =SUM(AB4:AB56) -> 4175.75 | AC57: =AA57+AB57 -> 12538.25 | AD57: =AB57/AC57 -> 0.33304089 | AJ57: Run Total | AK57: =SUM(AK4:AK56) -> 0 | AL57: =AK57/AA57 -> 0 | AZ57: 2023 | BA57: Jun | BB57: 0 | BC57: 1 | BD57: 0 | BE57: =SUM(BB57:BD57) -> 1 | BF57: 4337.75 | BG57: =SUM(BB46:BB57) -> 2 | BH57: =SUM(BF46:BF57) -> 59161.25 | BI57: =BG57*200000/(BH57+1280) -> 6.6179968 | BJ57: 1 | BU57: 205 | BV57: Roll Rim Angle
F58: 4032 | G58: 19262 | H58: 16570 | I58: 565 | J58: =SUM(F58:I58) -> 40429 | AZ58: 2023 | BA58: Jul | BB58: 1 | BC58: 0 | BD58: 0 | BE58: =SUM(BB58:BD58) -> 1 | BF58: 3849.75 | BG58: =SUM(BB47:BB58) -> 3 | BH58: =SUM(BF47:BF58) -> 58981 | BI58: =BG58*200000/(BH58+1280) -> 9.9566884 | BJ58: 1 | BU58: 210 | BV58: Roll Insulation Rings
AZ59: 2023 | BA59: Aug | BB59: 1 | BC59: 1 | BD59: 0 | BE59: =SUM(BB59:BD59) -> 2 | BF59: 5185.5 | BG59: =SUM(BB48:BB59) -> 4 | BH59: =SUM(BF48:BF59) -> 59127 | BI59: =BG59*200000/(BH59+1280) -> 13.243498 | BJ59: 1 | BU59: 215 | BV59: B&C Baffles
AZ60: 2023 | BA60: Sep | BB60: 0 | BC60: 0 | BD60: 0 | BE60: =SUM(BB60:BD60) -> 0 | BF60: 4122.75 | BG60: =SUM(BB49:BB60) -> 4 | BH60: =SUM(BF49:BF60) -> 58484.75 | BI60: =BG60*200000/(BH60+1280) -> 13.385817 | BJ60: 1 | BU60: 220 | BV60: Form Baffles
AZ61: 2023 | BA61: Oct | BB61: 0 | BC61: 0 | BD61: 0 | BE61: =SUM(BB61:BD61) -> 0 | BF61: 5403.75 | BG61: =SUM(BB50:BB61) -> 3 | BH61: =SUM(BF50:BF61) -> 58914.5 | BI61: =BG61*200000/(BH61+1280) -> 9.9676881 | BJ61: 1 | BU61: 225 | BV61: Cut, Make Baffle Supports
AZ62: 2023 | BA62: Nov | BB62: 0 | BC62: 0 | BD62: 1 | BE62: =SUM(BB62:BD62) -> 1 | BF62: 5218.25 | BG62: =SUM(BB51:BB62) -> 3 | BH62: =SUM(BF51:BF62) -> 59525.75 | BI62: =BG62*200000/(BH62+1280) -> 9.8674879 | BJ62: 1 | BU62: 230 | BV62: Build Baffles-Weld
AZ63: 2023 | BA63: Dec | BB63: 0 | BC63: 0 | BD63: 0 | BE63: =SUM(BB63:BD63) -> 0 | BF63: 4308.25 | BG63: =SUM(BB52:BB63) -> 3 | BH63: =SUM(BF52:BF63) -> 59520 | BI63: =BG63*200000/(BH63+1280) -> 9.8684211 | BJ63: 1 | BU63: 235 | BV63: Bld T-B Stiffeners
AZ64: 2024 | BA64: Jan | BB64: 0 | BC64: 0 | BD64: 0 | BE64: =SUM(BB64:BD64) -> 0 | BF64: =3663.5+1909.25 -> 5572.75 | BG64: =SUM(BB53:BB64) -> 3 | BH64: =SUM(BF53:BF64) -> 59702.75 | BI64: =BG64*200000/(BH64+1280) -> 9.8388479 | BJ64: 1 | BU64: 240 | BV64: Roll/Burn vacuum rings
AZ65: 2024 | BA65: Feb | BB65: 0 | BC65: 0 | BD65: 1 | BE65: =SUM(BB65:BD65) -> 1 | BF65: =3704.75+1733.75 -> 5438.5 | BG65: =SUM(BB54:BB65) -> 2 | BH65: =SUM(BF54:BF65) -> 59672 | BI65: =BG65*200000/(BH65+1280) -> 6.562541 | BJ65: 1 | BU65: 245 | BV65: Cut Parts-Mixer Bridge
AZ66: 2024 | BA66: Mar | BB66: 0 | BC66: 0 | BD66: 0 | BE66: =SUM(BB66:BD66) -> 0 | BF66: =4107+1452.5 -> 5559.5 | BG66: =SUM(BB55:BB66) -> 2 | BH66: =SUM(BF55:BF66) -> 59000.75 | BI66: =BG66*200000/(BH66+1280) -> 6.6356175 | BJ66: 1 | BM66: YTD Performance | BU66: 250 | BV66: Roll Pipe-Internal Coil
AZ67: 2024 | BA67: Apr | BB67: 0 | BC67: 0 | BD67: 1 | BE67: =SUM(BB67:BD67) -> 1 | BF67: =4273.25+1237.75 -> 5511 | BG67: =SUM(BB56:BB67) -> 2 | BH67: =SUM(BF56:BF67) -> 59521 | BI67: =BG67*200000/(BH67+1280) -> 6.5788392 | BJ67: 1 | BU67: 252 | BV67: Fab Miscellaneous Parts
AZ68: 2024 | BA68: May | BB68: 0 | BC68: 0 | BD68: 1 | BE68: =SUM(BB68:BD68) -> 1 | BF68: =3747+993 -> 4740 | BG68: =SUM(BB57:BB68) -> 2 | BH68: =SUM(BF57:BF68) -> 59247.75 | BI68: =BG68*200000/(BH68+1280) -> 6.6085391 | BJ68: 1 | BM68: Total | BN68: On Time | BO68: Late | BP68: OTC % | BU68: 255 | BV68: Drill/Punch holes
AZ69: 2024 | BA69: Jun | BB69: 0 | BC69: 0 | BD69: 0 | BE69: =SUM(BB69:BD69) -> 0 | BF69: =3713.25+1098 -> 4811.25 | BG69: =SUM(BB58:BB69) -> 2 | BH69: =SUM(BF58:BF69) -> 59721.25 | BI69: =BG69*200000/(BH69+1280) -> 6.5572427 | BJ69: 1 | BM69: =BP40 -> 26 | BN69: =BN40 -> 15 | BO69: =BO40 -> 11 | BP69: =BQ40 -> 0.57692308 | BU69: 257 | BV69: Build Flanges
AZ70: 2024 | BA70: Jul | BB70: 0 | BC70: 0 | BD70: 1 | BE70: =SUM(BB70:BD70) -> 1 | BF70: =3319.75+1250.75 -> 4570.5 | BG70: =SUM(BB59:BB70) -> 1 | BH70: =SUM(BF59:BF70) -> 60442 | BI70: =BG70*200000/(BH70+1280) -> 3.2403357 | BJ70: 1 | BU70: 260 | BV70: Sandblast Parts/Plates
AZ71: 2024 | BA71: Aug | BB71: 0 | BC71: 0 | BD71: 0 | BE71: =SUM(BB71:BD71) -> 0 | BF71: =2316.75+1070.5 -> 3387.25 | BG71: =SUM(BB60:BB71)+0.005 -> 0.005 | BH71: =SUM(BF60:BF71) -> 58643.75 | BI71: =BG71*200000/(BH71+1280)+0.075 -> 0.091687874 | BJ71: 1 | BU71: 261 | BV71: Misc Fabrication
AZ72: 2024 | BA72: Sep | BB72: 0 | BC72: 1 | BD72: 0 | BE72: =SUM(BB72:BD72) -> 1 | BF72: =1908.75+1084.5 -> 2993.25 | BG72: =SUM(BB61:BB72)+0.005 -> 0.005 | BH72: =SUM(BF61:BF72) -> 57514.25 | BI72: =BG72*200000/(BH72+1280)+0.075 -> 0.092008466 | BJ72: 1 | BU72: 262 | BV72: Cut, Build Ladder Parts
AZ73: 2024 | BA73: Oct | BB73: 0 | BC73: 1 | BD73: 0 | BE73: =SUM(BB73:BD73) -> 1 | BF73: =2727.75+1453.75 -> 4181.5 | BG73: =SUM(BB62:BB73)+0.005 -> 0.005 | BH73: =SUM(BF62:BF73) -> 56292 | BI73: =BG73*200000/(BH73+1280)+0.075 -> 0.092369555 | BJ73: 1 | BU73: 265 | BV73: Form and Roll Ladder Hoop
AZ74: 2024 | BA74: Nov | BB74: 0 | BC74: 0 | BD74: 1 | BE74: =SUM(BB74:BD74) -> 1 | BF74: =2000+845.75 -> 2845.75 | BG74: =SUM(BB63:BB74)+0.005 -> 0.005 | BH74: =SUM(BF63:BF74) -> 53919.5 | BI74: =BG74*200000/(BH74+1280)+0.075 -> 0.093116106 | BJ74: 1 | BU74: 270 | BV74: Build Ladder-Weld
AZ75: 2024 | BA75: Dec | BB75: 0 | BC75: 0 | BD75: 1 | BE75: =SUM(BB75:BD75) -> 1 | BF75: =1461.5+1096 -> 2557.5 | BG75: =SUM(BB64:BB75)+0.005 -> 0.005 | BH75: =SUM(BF64:BF75) -> 52168.75 | BI75: =BG75*200000/(BH75+1280)+0.07 -> 0.088709511 | BJ75: 1 | BU75: 272 | BV75: Cut, Build Handrail Parts
AZ76: 2025 | BA76: Jan | BB76: 0 | BC76: 0 | BD76: 0 | BE76: =SUM(BB76:BD76) -> 0 | BF76: =1469.25+1451.5 -> 2920.75 | BG76: =SUM(BB65:BB76)+0.005 -> 0.005 | BH76: =SUM(BF65:BF76) -> 49516.75 | BI76: =BG76*200000/(BH76+1280)+0.07 -> 0.089686299 | BJ76: 1 | BU76: 275 | BV76: Roll Handrail Pipe
E77: 2023 Total Direct Hours | I77: 42677 | AZ77: 2025 | BA77: Feb | BB77: 0 | BC77: 0 | BD77: 0 | BE77: =SUM(BB77:BD77) -> 0 | BF77: =834.5+1860.75 -> 2695.25 | BG77: =SUM(BB66:BB77)+0.005 -> 0.005 | BH77: =SUM(BF66:BF77) -> 46773.5 | BI77: =BG77*200000/(BH77+1280)+0.07 -> 0.090810139 | BJ77: 1 | BU77: 280 | BV77: Roll Handrail Toe Plate
E78: 2023 Labor Efficiency - Full Year | I78: 0.73 | AZ78: 2025 | BA78: Mar | BB78: 0 | BC78: 0 | BD78: 0 | BE78: =SUM(BB78:BD78) -> 0 | BF78: =718.5+1881 -> 2599.5 | BG78: =SUM(BB67:BB78)+0.005 -> 0.005 | BH78: =SUM(BF67:BF78) -> 43813.5 | BI78: =BG78*200000/(BH78+1280)+0.07 -> 0.092176145 | BJ78: 1 | BU78: 282 | BV78: Build Handrail-Weld
E79: 2023 Productive Hours | I79: =I77*I78 -> 31154.21 | AZ79: 2025 | BA79: Apr | BB79: 0 | BC79: 0 | BD79: 0 | BE79: =SUM(BB79:BD79) -> 0 | BF79: =518.75+1919.25 -> 2438 | BG79: =SUM(BB68:BB79)+0.005 -> 0.005 | BH79: =SUM(BF68:BF79) -> 40740.5 | BI79: =BG79*200000/(BH79+1280)+0.05 -> 0.073797908 | BJ79: 1 | BU79: 285 | BV79: Cut, Build Platform Parts
AZ80: 2025 | BA80: May | BB80: 0 | BC80: 0 | BD80: 0 | BE80: =SUM(BB80:BD80) -> 0 | BF80: =1451.25+1154.25 -> 2605.5 | BG80: =SUM(BB69:BB80)+0.005 -> 0.005 | BH80: =SUM(BF69:BF80) -> 38606 | BI80: =BG80*200000/(BH80+1280)+0.05 -> 0.075071454 | BJ80: 1 | BU80: 290 | BV80: Burn Platform Grating
E81: Avg. Labor Efficiency - 2020 - 2022 | I81: 0.85 | AZ81: 2025 | BA81: Jun | BB81: 0 | BC81: 0 | BD81: 0 | BE81: =SUM(BB81:BD81) -> 0 | BU81: 292 | BV81: Build Platform-Weld
E82: 2023 Labor Hours @ 85% Efficiency | I82: =I79/I81 -> 36652.012 | AZ82: 2025 | BA82: Jul | BB82: 0 | BC82: 0 | BD82: 0 | BE82: =SUM(BB82:BD82) -> 0 | BU82: 295 | BV82: Mount Platform Handrail
AZ83: 2025 | BA83: Aug | BB83: 0 | BC83: 0 | BD83: 0 | BE83: =SUM(BB83:BD83) -> 0 | BU83: 300 | BV83: Wrap Top & Bottom Heads
E84: Hours Lost 73% vs. 85% Efficiency | I84: =I77-I82 -> 6024.9882 | AZ84: 2025 | BA84: Sep | BB84: 0 | BC84: 0 | BD84: 0 | BE84: =SUM(BB84:BD84) -> 0 | BU84: 305 | BV84: BI, SQ, T&C Shells
AZ85: 2025 | BA85: Oct | BB85: 0 | BC85: 0 | BD85: 0 | BE85: =SUM(BB85:BD85) -> 0 | BU85: 310 | BV85: Bevel Shell Plates
E86: Profit Lost 73% vs. 85% (@ $30 / Hr.) | I86: =I84*30 -> 180749.65 | AZ86: 2025 | BA86: Nov | BB86: 0 | BC86: 0 | BD86: 0 | BE86: =SUM(BB86:BD86) -> 0 | BU86: 315 | BV86: Roll Shell, Tack-Weld I/S
AZ87: 2025 | BA87: Dec | BB87: 0 | BC87: 0 | BD87: 0 | BE87: =SUM(BB87:BD87) -> 0 | BU87: 320 | BV87: S/U and Weld Sides
BU88: 325 | BV88: Install Body Flg-Shl W/C
BU89: 326 | BV89: Weld Body Flg Shell
BU90: 350 | BV90: Build Top Head/Cone
BU91: 355 | BV91: L/O Top, B&C Holes
BU92: 360 | BV92: Bevel Top Head
BU93: 365 | BV93: Set Nozzles in Top-Weld
BU94: 366 | BV94: Weld Nozzles - Top Head
BU95: 370 | BV95: I&W Repads -Top
AZ96: 2025 | BA96: YTD | BB96: =SUM(BB76:BB87)+0.05 -> 0.05 | BC96: =SUM(BC76:BC87)+0.05 -> 0.05 | BD96: =SUM(BD76:BD87)+0.05 -> 0.05 | BE96: =SUM(BE76:BE87)+0.05 -> 0.05 | BF96: =SUM(BF76:BF87) -> 13259 | BU96: 375 | BV96: Install Top Stiffeners
AZ97: 2024 | BA97: YTD | BB97: =SUM(BB64:BB69)+0.05 -> 0.05 | BC97: =SUM(BC64:BC69)+0.05 -> 0.05 | BD97: =SUM(BD64:BD69) -> 3 | BE97: =SUM(BE64:BE69) -> 3 | BF97: =SUM(BF64:BF66) -> 16570.75 | BG97: Update Formulas Monthly | BU97: 380 | BV97: Build Mixer Bridge
AZ98: 2023 | BA98: YTD | BB98: =SUM(BB52:BB56) -> 1 | BC98: =SUM(BC52:BC56) -> 4 | BD98: =SUM(BD52:BD56) -> 3 | BE98: =SUM(BE52:BE56) -> 8 | BF98: =SUM(BF52:BF56) -> 27094 | BU98: 382 | BV98: Install Body Flg-Top W/C
AZ99: 2022 | BA99: YTD | BB99: =SUM(BB40:BB41) -> 0 | BC99: =SUM(BC40:BC41) -> 1 | BD99: =SUM(BD40:BD41) -> 2 | BE99: =SUM(BE40:BE41) -> 3 | BF99: =SUM(BF40:BF41) -> 9716 | BU99: 383 | BV99: Weld Body Flg - Top W/C
AZ100: 2021 | BA100: YTD | BB100: =SUM(BB28:BB29) -> 0 | BC100: =SUM(BC28:BC29) -> 0 | BD100: =SUM(BD28:BD29) -> 1 | BE100: =SUM(BE28:BE29) -> 1 | BF100: =SUM(BF28:BF29) -> 6331.75 | BU100: 385 | BV100: Dye Pen Top
...

Sheet 2025 Dashboard
D1: Savannah Tank Operations Dashboard | S1: - | T1: =TODAY() -> 46098
B3: 2025 Labor Efficiency - Shop Total | Q3: 2025 Rework - % Direct Hours
C30: Last Week | E30: ='2025 Data'!J53 -> 1.01 | G30: 4-Week Avg. | J30: ='2025 Data'!L53 -> 1.0075 | L30: 8-Week Avg. | N30: ='2025 Data'!M53 -> 0.975 | R30: YTD Actual | T30: ='2025 Data'!AL57 -> 0.0027659641 | V30: YTD Max. Target | Y30: ='2025 Data'!AO55 -> 0.0125 | AA30: Difference | AC30: =T30-Y30 -> -0.0097340359 | AD30: pts
AM31: Overhead Speedometer Graph
AM34: Chart Parameters
B35: Operations Improvement Action Plan | AM35: Green | AN35: 20 | AP35: value | AQ35: 0.41
AM36: Yellow | AN36: 5 | AP36: pointer | AQ36: 0.01
B37: Action Item | L37: Resp. | N37: Timing | AM37: Red | AN37: 20 | AP37: end | AQ37: =0.99-AQ35-AQ36 -> 0.57
AM38: Invisible | AN38: 45
B39: Start using column & boom sub-arc welding manipulator to weld outside round seams. | L39: Dustin | N39: 45992
B43: Rebuild & install 10-ton crane in Pre-Fab area | L43: Dustin | N43: 46053 | AM43: Direct | AN43: 42699 | AO43: =AN43/AN45 -> 0.71709996
AM44: Indirect | AN44: 16845 | AO44: =AN44/AN45 -> 0.28290004
AM45: Total | AN45: =SUM(AN43:AN44) -> 59544
B47: Relocate Maintenance shop to back building | L47: Dustin | N47: 46022
B51: Prepare dedicated small tank fabrication facility in old Maintenance shop. Be ready to go into production by 1/19/2026 | L51: Dustin / Sammy | N51: 46041
B55: Design & build prototype mini column & boom to weld inside round seams | L55: Dustin / Sammy | N55: 46068

Sheet 2025 Data
AZ1: Safety Data
F2: Weekly Labor Efficiency x Department | L2: Rolling Avg. Labor Efficiency | Q2: Labor Efficiency - Rolling 4 Weeks | W2: Labor Efficiency | AA2: Overhead Analysis | AF2: Overhead Analysis - Running Total | AK2: Rework Analysis | AR2: Rework x Month | BF2: Total | BG2: Rolling 12 Mos. | BL2: On Time Completion
A3: Year | B3: Week of | C3: Month | D3: Week | F3: Finishing | G3: Fit | H3: Pre-Fab | I3: Shipping | J3: Total | L3: 4 Weeks | M3: 8 Weeks | N3: 2024 Avg. | O3: Target | Q3: Finishing | R3: Fit | S3: Pre-Fab | T3: Shipping | U3: Total | W3: Month | X3: Act. | Y3: Target | AA3: Direct | AB3: Overhead | AC3: Total | AD3: OH % Total | AF3: Direct | AG3: Overhead | AH3: Total | AI3: OH % Total | AK3: Rework | AL3: % Direct | AM3: Run Tot. | AN3: % Direct | AO3: Max | AP3: 2024 Act | AR3: Month | AS3: Act. | AT3: Max Target | AU3: YTD Act. | BA3: Month | BB3: OSHA | BC3: First Aid | BD3: Near Miss | BE3: Total | BF3: Hours | BG3: OSHA | BH3: Hours | BI3: TCIR | BJ3: Target | BM3: Month | BN3: On Time | BO3: Late | BP3: Total | BQ3: % On Time | BR3: Goal | BU3: Oper | BV3: Est Hrs | BW3: Adj Est Hrs | BX3: Act Hrs | BY3: Eff % | BZ3: Hrs Lost
A4: 2025 | B4: 45656 | D4: 1 | F4: 0.56 | G4: 0.69 | H4: 0.82 | I4: 1 | J4: 0.72 | L4: NA | M4: NA | N4: 0.83 | O4: 0.88 | W4: Jan | Y4: 0.95 | AA4: 322.5 | AB4: 162.5 | AC4: =AA4+AB4 -> 485 | AD4: =AB4/AC4 -> 0.33505155 | AF4: =AA4 -> 322.5 | AG4: =AB4 -> 162.5 | AH4: =SUM(AF4:AG4) -> 485 | AI4: =AG4/AH4 -> 0.33505155 | AK4: ='QC Data 2026'!N4 -> 0 | AL4: =AK4/AA4 -> 0 | AM4: =AK4 -> 0 | AN4: =AM4/AF4 -> 0 | AO4: 0.0125 | AP4: 0.019 | AR4: Jan | AS4: =AK4+AK5+AK6+AK7 -> 35 | AT4: 50 | AU4: =AS4 -> 35 | AV4: =AT4 -> 50 | AZ4: 2019 | BA4: Jan | BB4: 0 | BC4: 0 | BD4: 2 | BE4: =SUM(BB4:BD4) -> 2 | BF4: =3316.25+296 -> 3612.25 | BI4: 17.261561 | BL4: 2020 | BM4: Jan | BN4: 8 | BO4: 0 | BP4: =BN4+BO4 -> 8 | BQ4: =BN4/BP4 -> 1 | BR4: 0.95 | BU4: 645 | BV4: =VLOOKUP(BU4,Operation,2) -> Weld all Outside Seams | BW4: 942.98292 | BX4: 1390 | BY4: =BW4/BX4 -> 0.67840498 | BZ4: =BX4-BW4 -> 447.01708
A5: 2025 | B5: 45663 | D5: 2 | F5: 0.46 | G5: 0.66 | H5: 0.87 | I5: 0.43 | J5: 0.73 | L5: NA | M5: NA | N5: 0.83 | O5: 0.88 | W5: Feb | Y5: 0.95 | AA5: 493 | AB5: 332.5 | AC5: =AA5+AB5 -> 825.5 | AD5: =AB5/AC5 -> 0.40278619 | AF5: =AF4+AA5 -> 815.5 | AG5: =AG4+AB5 -> 495 | AH5: =AH4+AC5 -> 1310.5 | AI5: =AG5/AH5 -> 0.37771843 | AK5: ='QC Data 2026'!N5 -> 14 | AL5: =AK5/AA5 -> 0.028397566 | AM5: =AM4+AK5 -> 14 | AN5: =AM5/AF5 -> 0.017167382 | AO5: 0.0125 | AP5: 0.019 | AR5: Feb | AS5: =AK8+AK9+AK10+AK11 -> 18.5 | AT5: 50 | AU5: =AU4+AS5 -> 53.5 | AV5: =AV4+AT5 -> 100 | AZ5: 2019 | BA5: Feb | BB5: 0 | BC5: 0 | BD5: 2 | BE5: =SUM(BB5:BD5) -> 2 | BF5: 2897.5 | BI5: 12.967646 | BL5: 2020 | BM5: Feb | BN5: 2 | BO5: 2 | BP5: =BN5+BO5 -> 4 | BQ5: =BN5/BP5 -> 0.5 | BR5: 0.95 | BU5: 605 | BV5: =VLOOKUP(BU5,Operation,2) -> Tack Shell Courses | BW5: 558 | BX5: 994.5 | BY5: =BW5/BX5 -> 0.56108597 | BZ5: =BX5-BW5 -> 436.5
A6: 2025 | B6: 45670 | C6: Jan | D6: 3 | F6: 1.25 | G6: 0.99 | H6: 0.98 | I6: 0.44 | J6: 0.96 | L6: NA | M6: NA | N6: 0.83 | O6: 0.88 | W6: Mar | Y6: 0.95 | AA6: 403 | AB6: 348.25 | AC6: =AA6+AB6 -> 751.25 | AD6: =AB6/AC6 -> 0.46356073 | AF6: =AF5+AA6 -> 1218.5 | AG6: =AG5+AB6 -> 843.25 | AH6: =AH5+AC6 -> 2061.75 | AI6: =AG6/AH6 -> 0.40899721 | AK6: ='QC Data 2026'!N6 -> 0 | AL6: =AK6/AA6 -> 0 | AM6: =AM5+AK6 -> 14 | AN6: =AM6/AF6 -> 0.011489536 | AO6: 0.0125 | AP6: 0.019 | AR6: Mar | AS6: =AK12+AK13+AK14+AK15+AK16 -> 13 | AT6: 50 | AU6: =AU5+AS6 -> 66.5 | AV6: =AV5+AT6 -> 150 | AZ6: 2019 | BA6: Mar | BB6: 0 | BC6: 0 | BD6: 1 | BE6: =SUM(BB6:BD6) -> 1 | BF6: =3051.25+76.75 -> 3128 | BI6: 8.5594911 | BL6: 2020 | BM6: Mar | BN6: 12 | BO6: 2 | BP6: =BN6+BO6 -> 14 | BQ6: =BN6/BP6 -> 0.85714286 | BR6: 0.95 | BU6: 630 | BV6: =VLOOKUP(BU6,Operation,2) -> Install Internal Parts | BW6: 479.33818 | BX6: 808 | BY6: =BW6/BX6 -> 0.59324032 | BZ6: =BX6-BW6 -> 328.66182
A7: 2025 | B7: 45677 | D7: 4 | F7: 1 | G7: 1.08 | H7: 1.15 | I7: 0.92 | J7: 1.1 | L7: =AVERAGE(J4:J7) -> 0.8775 | M7: NA | N7: 0.83 | O7: 0.88 | W7: Apr | Y7: 0.95 | AA7: 138.25 | AB7: 221.5 | AC7: =AA7+AB7 -> 359.75 | AD7: =AB7/AC7 -> 0.61570535 | AF7: =AF6+AA7 -> 1356.75 | AG7: =AG6+AB7 -> 1064.75 | AH7: =AH6+AC7 -> 2421.5 | AI7: =AG7/AH7 -> 0.43970679 | AK7: 21 | AL7: =AK7/AA7 -> 0.15189873 | AM7: =AM6+AK7 -> 35 | AN7: =AM7/AF7 -> 0.025796941 | AO7: 0.0125 | AP7: 0.019 | AR7: Apr | AS7: =AK17+AK18+AK19+AK20 -> 0 | AT7: 50 | AU7: =AU6+AS7 -> 66.5 | AV7: =AV6+AT7 -> 200 | AZ7: 2019 | BA7: Apr | BB7: 0 | BC7: 0 | BD7: 1 | BE7: =SUM(BB7:BD7) -> 1 | BF7: =3140+641.25 -> 3781.25 | BI7: 8.4889643 | BL7: 2020 | BM7: Apr | BN7: 11 | BO7: 1 | BP7: =BN7+BO7 -> 12 | BQ7: =BN7/BP7 -> 0.91666667 | BR7: 0.95 | BU7: 305 | BV7: =VLOOKUP(BU7,Operation,2) -> BI, SQ, T&C Shells | BW7: 971.16692 | BX7: 1271 | BY7: =BW7/BX7 -> 0.76409671 | BZ7: =BX7-BW7 -> 299.83308
A8: 2025 | B8: 45684 | D8: 5 | F8: 1 | G8: 0.82 | H8: 1.07 | I8: 0.43 | J8: 0.9 | L8: =AVERAGE(J5:J8) -> 0.9225 | M8: NA | N8: 0.83 | O8: 0.88 | W8: May | Y8: 0.95 | AA8: 313.5 | AB8: 487.25 | AC8: =AA8+AB8 -> 800.75 | AD8: =AB8/AC8 -> 0.60849204 | AF8: =AF7+AA8 -> 1670.25 | AG8: =AG7+AB8 -> 1552 | AH8: =AH7+AC8 -> 3222.25 | AI8: =AG8/AH8 -> 0.48165102 | AK8: ='QC Data 2026'!N8 -> 9.5 | AL8: =AK8/AA8 -> 0.03030303 | AM8: =AM7+AK8 -> 44.5 | AN8: =AM8/AF8 -> 0.026642718 | AO8: 0.0125 | AP8: 0.019 | AR8: May | AS8: =AK21+AK22+AK23+AK24 -> 0 | AT8: 50 | AU8: =AU7+AS8 -> 66.5 | AV8: =AV7+AT8 -> 250 | AZ8: 2019 | BA8: May | BB8: 0 | BC8: 1 | BD8: 0 | BE8: =SUM(BB8:BD8) -> 1 | BF8: =3438.75+443.5 -> 3882.25 | BI8: 8.5776627 | BL8: 2020 | BM8: May | BN8: 16 | BO8: 5 | BP8: =BN8+BO8 -> 21 | BQ8: =BN8/BP8 -> 0.76190476 | BR8: 0.95 | BU8: 800 | BV8: =VLOOKUP(BU8,Operation,2) -> Move Tank to Detail Rolls | BW8: 164.14545 | BX8: 461.5 | BY8: =BW8/BX8 -> 0.35567812 | BZ8: =BX8-BW8 -> 297.35455
A9: 2025 | B9: 45691 | D9: 6 | F9: 1 | G9: 1.01 | H9: 1.01 | I9: 1.03 | J9: 1.01 | L9: =AVERAGE(J6:J9) -> 0.9925 | M9: NA | N9: 0.83 | O9: 0.88 | W9: Jun | Y9: 0.95 | AA9: 285.75 | AB9: 412 | AC9: =AA9+AB9 -> 697.75 | AD9: =AB9/AC9 -> 0.59046937 | AF9: =AF8+AA9 -> 1956 | AG9: =AG8+AB9 -> 1964 | AH9: =AH8+AC9 -> 3920 | AI9: =AG9/AH9 -> 0.50102041 | AK9: ='QC Data 2026'!N9 -> 0 | AL9: =AK9/AA9 -> 0 | AM9: =AM8+AK9 -> 44.5 | AN9: =AM9/AF9 -> 0.022750511 | AO9: 0.0125 | AP9: 0.019 | AR9: Jun | AS9: =AK25+AK26+AK27+AK28+AK29 -> 0 | AT9: 50 | AU9: =AU8+AS9 -> 66.5 | AV9: =AV8+AT9 -> 300 | AZ9: 2019 | BA9: Jun | BB9: 1 | BC9: 1 | BD9: 0 | BE9: =SUM(BB9:BD9) -> 2 | BF9: =3275+554.5 -> 3829.5 | BI9: 8.7407335 | BL9: 2020 | BM9: Jun | BN9: 10 | BO9: 0 | BP9: =BN9+BO9 -> 10 | BQ9: =BN9/BP9 -> 1 | BR9: 0.95 | BU9: 155 | BV9: =VLOOKUP(BU9,Operation,2) -> B&C parts-lugs, supp, etc | BW9: 769.92174 | BX9: 1061 | BY9: =BW9/BX9 -> 0.72565668 | BZ9: =BX9-BW9 -> 291.07826
A10: 2025 | B10: 45698 | C10: Feb | D10: 7 | F10: 1.67 | G10: 1.01 | H10: 1.31 | I10: 1 | J10: 1.08 | L10: =AVERAGE(J7:J10) -> 1.0225 | M10: NA | N10: 0.83 | O10: 0.88 | W10: Jul | Y10: 0.95 | AA10: 226 | AB10: 423 | AC10: =AA10+AB10 -> 649 | AD10: =AB10/AC10 -> 0.65177196 | AF10: =AF9+AA10 -> 2182 | AG10: =AG9+AB10 -> 2387 | AH10: =AH9+AC10 -> 4569 | AI10: =AG10/AH10 -> 0.52243379 | AK10: ='QC Data 2026'!N10 -> 9 | AL10: =AK10/AA10 -> 0.039823009 | AM10: =AM9+AK10 -> 53.5 | AN10: =AM10/AF10 -> 0.02451879 | AO10: 0.0125 | AP10: 0.019 | AR10: Jul | AS10: =AK30+AK31+AK32+AK33 -> 0 | AT10: 50 | AU10: =AU9+AS10 -> 66.5 | AV10: =AV9+AT10 -> 350 | AZ10: 2019 | BA10: Jul | BB10: 0 | BC10: 0 | BD10: 1 | BE10: =SUM(BB10:BD10) -> 1 | BF10: =3731.5+544 -> 4275.5 | BI10: 8.8880988 | BL10: 2020 | BM10: Jul | BN10: 9 | BO10: 2 | BP10: =BN10+BO10 -> 11 | BQ10: =BN10/BP10 -> 0.81818182 | BR10: 0.95 | BU10: 600 | BV10: =VLOOKUP(BU10,Operation,2) -> Fit Bottom Head to Shell | BW10: 732.67698 | BX10: 1012 | BY10: =BW10/BX10 -> 0.72398911 | BZ10: =BX10-BW10 -> 279.32302
A11: 2025 | B11: 45705 | D11: 8 | F11: 0.89 | G11: 0.98 | H11: 0.49 | I11: 1 | J11: 0.88 | L11: =AVERAGE(J8:J11) -> 0.9675 | M11: =AVERAGE(J4:J11) -> 0.9225 | N11: 0.83 | O11: 0.88 | W11: Aug | Y11: 0.95 | AA11: 169.5 | AB11: 481 | AC11: =AA11+AB11 -> 650.5 | AD11: =AB11/AC11 -> 0.73943121 | AF11: =AF10+AA11 -> 2351.5 | AG11: =AG10+AB11 -> 2868 | AH11: =AH10+AC11 -> 5219.5 | AI11: =AG11/AH11 -> 0.54947792 | AK11: ='QC Data 2026'!N11 -> 0 | AL11: =AK11/AA11 -> 0 | AM11: =AM10+AK11 -> 53.5 | AN11: =AM11/AF11 -> 0.022751435 | AO11: 0.0125 | AP11: 0.019 | AR11: Aug | AS11: =AK34+AK35+AK36+AK37 -> 0 | AT11: 50 | AU11: =AU10+AS11 -> 66.5 | AV11: =AV10+AT11 -> 400 | AZ11: 2019 | BA11: Aug | BB11: 0 | BC11: 0 | BD11: 0 | BE11: =SUM(BB11:BD11) -> 0 | BF11: =3976.75+580 -> 4556.75 | BI11: 9.0443512 | BL11: 2020 | BM11: Aug | BN11: 6 | BO11: 4 | BP11: =BN11+BO11 -> 10 | BQ11: =BN11/BP11 -> 0.6 | BR11: 0.95 | BU11: 726 | BV11: =VLOOKUP(BU11,Operation,2) -> Weld Shell Nozz & M/Ws | BW11: 974.8 | BX11: 1225.25 | BY11: =BW11/BX11 -> 0.79559274 | BZ11: =BX11-BW11 -> 250.45
A12: 2025 | B12: 45712 | D12: 9 | F12: 0.96 | G12: 1.21 | H12: 0.92 | I12: 1 | J12: 1.03 | L12: =AVERAGE(J9:J12) -> 1 | M12: =AVERAGE(J5:J12) -> 0.96125 | N12: 0.83 | O12: 0.88 | W12: Sep | Y12: 0.95 | AA12: 153.25 | AB12: 534.75 | AC12: =AA12+AB12 -> 688 | AD12: =AB12/AC12 -> 0.77725291 | AF12: =AF11+AA12 -> 2504.75 | AG12: =AG11+AB12 -> 3402.75 | AH12: =AH11+AC12 -> 5907.5 | AI12: =AG12/AH12 -> 0.57600508 | AK12: ='QC Data 2026'!N12 -> 10 | AL12: =AK12/AA12 -> 0.065252855 | AM12: =AM11+AK12 -> 63.5 | AN12: =AM12/AF12 -> 0.025351832 | AO12: 0.0125 | AP12: 0.019 | AR12: Sep | AS12: =AK38+AK39+AK40+AK41+AK42 -> 0 | AT12: 50 | AU12: =AU11+AS12 -> 66.5 | AV12: =AV11+AT12 -> 450 | AZ12: 2019 | BA12: Sep | BB12: 0 | BC12: 0 | BD12: 0 | BE12: =SUM(BB12:BD12) -> 0 | BF12: =3393.75+819.75 -> 4213.5 | BI12: 4.6222469 | BL12: 2020 | BM12: Sep | BN12: 5 | BO12: 0 | BP12: =BN12+BO12 -> 5 | BQ12: =BN12/BP12 -> 1 | BR12: 0.95 | BU12: 105 | BV12: =VLOOKUP(BU12,Operation,2) -> Build Nozzles-Weld | BW12: 958.03206 | BX12: 1184.75 | BY12: =BW12/BX12 -> 0.80863647 | BZ12: =BX12-BW12 -> 226.71794
A13: 2025 | B13: 45719 | D13: 10 | F13: 1.15 | G13: 0.75 | H13: 0.94 | I13: 1 | J13: 0.87 | L13: =AVERAGE(J10:J13) -> 0.965 | M13: =AVERAGE(J6:J13) -> 0.97875 | N13: 0.83 | O13: 0.88 | W13: Oct | Y13: 0.95 | AA13: 186.5 | AB13: 505 | AC13: =AA13+AB13 -> 691.5 | AD13: =AB13/AC13 -> 0.73029646 | AF13: =AF12+AA13 -> 2691.25 | AG13: =AG12+AB13 -> 3907.75 | AH13: =AH12+AC13 -> 6599 | AI13: =AG13/AH13 -> 0.59217306 | AK13: ='QC Data 2026'!N13 -> 0 | AL13: =AK13/AA13 -> 0 | AM13: =AM12+AK13 -> 63.5 | AN13: =AM13/AF13 -> 0.023594984 | AO13: 0.0125 | AP13: 0.019 | AR13: Oct | AS13: =AK43+AK44+AK45+AK46 -> 0 | AT13: 50 | AU13: =AU12+AS13 -> 66.5 | AV13: =AV12+AT13 -> 500 | AZ13: 2019 | BA13: Oct | BB13: 1 | BC13: 0 | BD13: 2 | BE13: =SUM(BB13:BD13) -> 3 | BF13: =4652.5+1060.5 -> 5713 | BI13: 4.7229963 | BL13: 2020 | BM13: Oct | BN13: 6 | BO13: 0 | BP13: =BN13+BO13 -> 6 | BQ13: =BN13/BP13 -> 1 | BR13: 0.95 | BU13: 640 | BV13: =VLOOKUP(BU13,Operation,2) -> Fit Top to Shell-Weld | BW13: 539.9 | BX13: 753.75 | BY13: =BW13/BX13 -> 0.71628524 | BZ13: =BX13-BW13 -> 213.85
A14: 2025 | B14: 45726 | C14: Mar | D14: 11 | F14: 1 | G14: 0.67 | H14: 0.95 | I14: 1.07 | J14: 0.84 | L14: =AVERAGE(J11:J14) -> 0.905 | M14: =AVERAGE(J7:J14) -> 0.96375 | N14: 0.83 | O14: 0.88 | W14: Nov | Y14: 0.95 | AA14: 157 | AB14: 506 | AC14: =AA14+AB14 -> 663 | AD14: =AB14/AC14 -> 0.76319759 | AF14: =AF13+AA14 -> 2848.25 | AG14: =AG13+AB14 -> 4413.75 | AH14: =AH13+AC14 -> 7262 | AI14: =AG14/AH14 -> 0.60778711 | AK14: ='QC Data 2026'!N14 -> 3 | AL14: =AK14/AA14 -> 0.01910828 | AM14: =AM13+AK14 -> 66.5 | AN14: =AM14/AF14 -> 0.02334767 | AO14: 0.0125 | AP14: 0.019 | AR14: Nov | AS14: =AK47+AK48+AK49+AK50 -> 0 | AT14: 50 | AU14: =AU13+AS14 -> 66.5 | AV14: =AV13+AT14 -> 550 | AZ14: 2019 | BA14: Nov | BB14: 0 | BC14: 0 | BD14: 0 | BE14: =SUM(BB14:BD14) -> 0 | BF14: 3740.75 | BI14: 9.797498 | BL14: 2020 | BM14: Nov | BN14: 9 | BO14: 0 | BP14: =BN14+BO14 -> 9 | BQ14: =BN14/BP14 -> 1 | BR14: 0.95
A15: 2025 | B15: 45733 | D15: 12 | F15: 1 | G15: 1.14 | H15: 0.97 | I15: 1.36 | J15: 0.95 | L15: =AVERAGE(J12:J15) -> 0.9225 | M15: =AVERAGE(J8:J15) -> 0.945 | N15: 0.83 | O15: 0.88 | W15: Dec | Y15: 0.95 | AA15: 114 | AB15: 459.5 | AC15: =AA15+AB15 -> 573.5 | AD15: =AB15/AC15 -> 0.80122058 | AF15: =AF14+AA15 -> 2962.25 | AG15: =AG14+AB15 -> 4873.25 | AH15: =AH14+AC15 -> 7835.5 | AI15: =AG15/AH15 -> 0.62194499 | AK15: ='QC Data 2026'!N15 -> 0 | AL15: =AK15/AA15 -> 0 | AM15: =AM14+AK15 -> 66.5 | AN15: =AM15/AF15 -> 0.022449152 | AO15: 0.0125 | AP15: 0.019 | AR15: Dec | AS15: =AK51+AK52+AK53+AK54+AK55 -> 0 | AT15: 50 | AU15: =AU14+AS15 -> 66.5 | AV15: =AV14+AT15 -> 600 | AZ15: 2019 | BA15: Dec | BB15: 0 | BC15: 0 | BD15: 0 | BE15: =SUM(BB15:BD15) -> 0 | BF15: =3063.25+238 -> 3301.25 | BG15: =SUM(BB4:BB15) -> 2 | BH15: =SUM(BF4:BF15) -> 46931.5 | BI15: =BG15*200000/(BH15+1280) -> 8.2967757 | BJ15: 4 | BL15: 2020 | BM15: Dec | BN15: 14 | BO15: 6 | BP15: =BN15+BO15 -> 20 | BQ15: =BN15/BP15 -> 0.7 | BR15: 0.95
A16: 2025 | B16: 45740 | D16: 13 | F16: 0.97 | G16: 1.05 | H16: 0.97 | I16: 1 | J16: 0.98 | L16: =AVERAGE(J13:J16) -> 0.91 | M16: =AVERAGE(J9:J16) -> 0.955 | N16: 0.83 | O16: 0.88 | AA16: 231 | AB16: 310 | AC16: =AA16+AB16 -> 541 | AD16: =AB16/AC16 -> 0.57301294 | AF16: =AF15+AA16 -> 3193.25 | AG16: =AG15+AB16 -> 5183.25 | AH16: =AH15+AC16 -> 8376.5 | AI16: =AG16/AH16 -> 0.6187847 | AK16: ='QC Data 2026'!N16 -> 0 | AL16: =AK16/AA16 -> 0 | AM16: =AM15+AK16 -> 66.5 | AN16: =AM16/AF16 -> 0.020825178 | AO16: 0.0125 | AP16: 0.019 | AZ16: 2020 | BA16: Jan | BB16: 0 | BC16: 1 | BD16: 0 | BE16: =SUM(BB16:BD16) -> 1 | BF16: =3060.5+785.25 -> 3845.75 | BG16: =SUM(BB5:BB16) -> 2 | BH16: =SUM(BF5:BF16) -> 47165 | BI16: =BG16*200000/(BH16+1280) -> 8.256786 | BJ16: 4 | BL16: 2021 | BM16: Jan | BN16: 10 | BO16: 3 | BP16: =BN16+BO16 -> 13 | BQ16: =BN16/BP16 -> 0.76923077 | BR16: 0.95
A17: 2025 | B17: 45747 | D17: 14 | F17: 1.14 | G17: 0.98 | H17: 0.97 | I17: 1 | J17: 0.99 | L17: =AVERAGE(J14:J17) -> 0.94 | M17: =AVERAGE(J10:J17) -> 0.9525 | N17: 0.83 | O17: 0.88 | AA17: 127.5 | AB17: 458 | AC17: =AA17+AB17 -> 585.5 | AD17: =AB17/AC17 -> 0.7822374 | AF17: =AF16+AA17 -> 3320.75 | AG17: =AG16+AB17 -> 5641.25 | AH17: =AH16+AC17 -> 8962 | AI17: =AG17/AH17 -> 0.62946329 | AK17: ='QC Data 2026'!N17 -> 0 | AL17: =AK17/AA17 -> 0 | AM17: =AM16+AK17 -> 66.5 | AN17: =AM17/AF17 -> 0.020025597 | AO17: 0.0125 | AP17: 0.019 | AR17: YTD | AS17: =SUM(AS4:AS16) -> 66.5 | AT17: =SUM(AT4:AT16) -> 600 | AZ17: 2020 | BA17: Feb | BB17: 0 | BC17: 0 | BD17: 1 | BE17: =SUM(BB17:BD17) -> 1 | BF17: =3042.5+613.75 -> 3656.25 | BG17: =SUM(BB6:BB17) -> 2 | BH17: =SUM(BF6:BF17) -> 47923.75 | BI17: =BG17*200000/(BH17+1280) -> 8.1294617 | BJ17: 4 | BL17: 2021 | BM17: Feb | BN17: 2 | BO17: 2 | BP17: =BN17+BO17 -> 4 | BQ17: =BN17/BP17 -> 0.5 | BR17: 0.95
A18: 2025 | B18: 45754 | D18: 15 | F18: 2 | G18: 0.82 | H18: 1.11 | I18: 1.17 | J18: 0.85 | L18: =AVERAGE(J15:J18) -> 0.9425 | M18: =AVERAGE(J11:J18) -> 0.92375 | N18: 0.83 | O18: 0.88 | AA18: 116.5 | AB18: 374.5 | AC18: =AA18+AB18 -> 491 | AD18: =AB18/AC18 -> 0.76272912 | AF18: =AF17+AA18 -> 3437.25 | AG18: =AG17+AB18 -> 6015.75 | AH18: =AH17+AC18 -> 9453 | AI18: =AG18/AH18 -> 0.63638527 | AK18: ='QC Data 2026'!N18 -> 0 | AL18: =AK18/AA18 -> 0 | AM18: =AM17+AK18 -> 66.5 | AN18: =AM18/AF18 -> 0.019346862 | AO18: 0.0125 | AP18: 0.019 | AZ18: 2020 | BA18: Mar | BB18: 0 | BC18: 0 | BD18: 1 | BE18: =SUM(BB18:BD18) -> 1 | BF18: =3452.5+791.25 -> 4243.75 | BG18: =SUM(BB7:BB18) -> 2 | BH18: =SUM(BF7:BF18) -> 49039.5 | BI18: =BG18*200000/(BH18+1280) -> 7.9492046 | BJ18: 4 | BL18: 2021 | BM18: Mar | BN18: 0 | BO18: 2 | BP18: 2 | BQ18: =BN18/BP18 -> 0 | BR18: 0.95
A19: 2025 | B19: 45761 | C19: Apr | D19: 16 | F19: 1.07 | G19: 0.93 | H19: 0.84 | I19: 1 | J19: 0.9 | L19: =AVERAGE(J16:J19) -> 0.93 | M19: =AVERAGE(J12:J19) -> 0.92625 | N19: 0.83 | O19: 0.88 | AA19: 117 | AB19: 452.5 | AC19: =AA19+AB19 -> 569.5 | AD19: =AB19/AC19 -> 0.79455663 | AF19: =AF18+AA19 -> 3554.25 | AG19: =AG18+AB19 -> 6468.25 | AH19: =AH18+AC19 -> 10022.5 | AI19: =AG19/AH19 -> 0.64537291 | AK19: ='QC Data 2026'!N19 -> 0 | AL19: =AK19/AA19 -> 0 | AM19: =AM18+AK19 -> 66.5 | AN19: =AM19/AF19 -> 0.018709995 | AO19: 0.0125 | AP19: 0.019 | AZ19: 2020 | BA19: Apr | BB19: 0 | BC19: 1 | BD19: 1 | BE19: =SUM(BB19:BD19) -> 2 | BF19: =3935.5+777 -> 4712.5 | BG19: =SUM(BB8:BB19) -> 2 | BH19: =SUM(BF8:BF19) -> 49970.75 | BI19: =BG19*200000/(BH19+1280) -> 7.8047638 | BJ19: 4 | BL19: 2021 | BM19: Apr | BN19: 0 | BO19: 4 | BP19: 4 | BQ19: =BN19/BP19 -> 0 | BR19: 0.95
A20: 2025 | B20: 45768 | D20: 17 | F20: 1.5 | G20: 0.96 | H20: 1 | I20: 1 | J20: 1.19 | L20: =AVERAGE(J17:J20) -> 0.9825 | M20: =AVERAGE(J13:J20) -> 0.94625 | N20: 0.83 | O20: 0.88 | AA20: 97 | AB20: 402.75 | AC20: =AA20+AB20 -> 499.75 | AD20: =AB20/AC20 -> 0.80590295 | AF20: =AF19+AA20 -> 3651.25 | AG20: =AG19+AB20 -> 6871 | AH20: =AH19+AC20 -> 10522.25 | AI20: =AG20/AH20 -> 0.65299722 | AK20: ='QC Data 2026'!N20 -> 0 | AL20: =AK20/AA20 -> 0 | AM20: =AM19+AK20 -> 66.5 | AN20: =AM20/AF20 -> 0.018212941 | AO20: 0.0125 | AP20: 0.019 | AZ20: 2020 | BA20: May | BB20: 0 | BC20: 0 | BD20: 0 | BE20: =SUM(BB20:BD20) -> 0 | BF20: =3541+676 -> 4217 | BG20: =SUM(BB9:BB20) -> 2 | BH20: =SUM(BF9:BF20) -> 50305.5 | BI20: =BG20*200000/(BH20+1280) -> 7.754117 | BJ20: 4 | BL20: 2021 | BM20: May | BN20: 3 | BO20: 0 | BP20: 3 | BQ20: =BN20/BP20 -> 1 | BR20: 0.95
A21: 2025 | B21: 45775 | D21: 18 | F21: 0.5 | G21: 0.92 | H21: 1.06 | I21: 1 | J21: 0.98 | L21: =AVERAGE(J18:J21) -> 0.98 | M21: =AVERAGE(J14:J21) -> 0.96 | N21: 0.83 | O21: 0.88 | AA21: 131.75 | AB21: 469 | AC21: =AA21+AB21 -> 600.75 | AD21: =AB21/AC21 -> 0.7806908 | AF21: =AF20+AA21 -> 3783 | AG21: =AG20+AB21 -> 7340 | AH21: =AH20+AC21 -> 11123 | AI21: =AG21/AH21 -> 0.65989391 | AK21: ='QC Data 2026'!N21 -> 0 | AL21: =AK21/AA21 -> 0 | AM21: =AM20+AK21 -> 66.5 | AN21: =AM21/AF21 -> 0.017578641 | AO21: 0.0125 | AP21: 0.019 | AZ21: 2020 | BA21: Jun | BB21: 0 | BC21: 1 | BD21: 3 | BE21: =SUM(BB21:BD21) -> 4 | BF21: 4153 | BG21: =SUM(BB10:BB21) -> 1 | BH21: =SUM(BF10:BF21) -> 50629 | BI21: =BG21*200000/(BH21+1280) -> 3.8528964 | BJ21: 4 | BL21: 2021 | BM21: Jun | BR21: 0.95
A22: 2025 | B22: 45782 | D22: 19 | F22: 0.6 | G22: 0.63 | H22: 1.19 | I22: 1 | J22: 1.03 | L22: =AVERAGE(J19:J22) -> 1.025 | M22: =AVERAGE(J15:J22) -> 0.98375 | N22: 0.83 | O22: 0.88 | AA22: 227 | AB22: 338 | AC22: =AA22+AB22 -> 565 | AD22: =AB22/AC22 -> 0.59823009 | AF22: =AF21+AA22 -> 4010 | AG22: =AG21+AB22 -> 7678 | AH22: =AH21+AC22 -> 11688 | AI22: =AG22/AH22 -> 0.65691307 | AK22: ='QC Data 2026'!N22 -> 0 | AL22: =AK22/AA22 -> 0 | AM22: =AM21+AK22 -> 66.5 | AN22: =AM22/AF22 -> 0.016583541 | AO22: 0.0125 | AP22: 0.019 | AZ22: 2020 | BA22: Jul | BB22: 0 | BC22: 1 | BD22: 3 | BE22: =SUM(BB22:BD22) -> 4 | BF22: 3759.75 | BG22: =SUM(BB11:BB22) -> 1 | BH22: =SUM(BF11:BF22) -> 50113.25 | BI22: =BG22*200000/(BH22+1280) -> 3.8915616 | BJ22: 4 | BL22: 2021 | BM22: Jul | BR22: 0.95
A23: 2025 | B23: 45789 | C23: May | D23: 20 | F23: 0.84 | G23: 1.07 | H23: 1.19 | I23: 1 | J23: 1.15 | L23: =AVERAGE(J20:J23) -> 1.0875 | M23: =AVERAGE(J16:J23) -> 1.00875 | N23: 0.83 | O23: 0.88 | AA23: 372.5 | AB23: 255.25 | AC23: =AA23+AB23 -> 627.75 | AD23: =AB23/AC23 -> 0.40661091 | AF23: =AF22+AA23 -> 4382.5 | AG23: =AG22+AB23 -> 7933.25 | AH23: =AH22+AC23 -> 12315.75 | AI23: =AG23/AH23 -> 0.64415484 | AK23: ='QC Data 2026'!N23 -> 0 | AL23: =AK23/AA23 -> 0 | AM23: =AM22+AK23 -> 66.5 | AN23: =AM23/AF23 -> 0.015173987 | AO23: 0.0125 | AP23: 0.019 | AZ23: 2020 | BA23: Aug | BB23: 0 | BC23: 2 | BD23: 0 | BE23: =SUM(BB23:BD23) -> 2 | BF23: 4286 | BG23: =SUM(BB12:BB23) -> 1 | BH23: =SUM(BF12:BF23) -> 49842.5 | BI23: =BG23*200000/(BH23+1280) -> 3.9121717 | BJ23: 4 | BL23: 2021 | BM23: Aug | BR23: 0.95
A24: 2025 | B24: 45796 | D24: 21 | F24: 1.65 | G24: 1.15 | H24: 1.2 | I24: 0.8 | J24: 1.2 | L24: =AVERAGE(J21:J24) -> 1.09 | M24: =AVERAGE(J17:J24) -> 1.03625 | N24: 0.83 | O24: 0.88 | AA24: 464.5 | AB24: 242.75 | AC24: =AA24+AB24 -> 707.25 | AD24: =AB24/AC24 -> 0.34323082 | AF24: =AF23+AA24 -> 4847 | AG24: =AG23+AB24 -> 8176 | AH24: =AH23+AC24 -> 13023 | AI24: =AG24/AH24 -> 0.62781233 | AK24: ='QC Data 2026'!N24 -> 0 | AL24: =AK24/AA24 -> 0 | AM24: =AM23+AK24 -> 66.5 | AN24: =AM24/AF24 -> 0.013719827 | AO24: 0.0125 | AP24: 0.019 | AZ24: 2020 | BA24: Sep | BB24: 0 | BC24: 2 | BD24: 0 | BE24: =SUM(BB24:BD24) -> 2 | BF24: 4497 | BG24: =SUM(BB13:BB24) -> 1 | BH24: =SUM(BF13:BF24) -> 50126 | BI24: =BG24*200000/(BH24+1280) -> 3.8905964 | BJ24: 4 | BL24: 2021 | BM24: Sep | BR24: 0.95
A25: 2025 | B25: 45803 | D25: 22 | F25: 1 | G25: 1.07 | H25: 1.35 | I25: 1.33 | J25: 1.25 | L25: =AVERAGE(J22:J25) -> 1.1575 | M25: =AVERAGE(J18:J25) -> 1.06875 | N25: 0.83 | O25: 0.88 | AA25: 346.25 | AB25: 180.75 | AC25: =AA25+AB25 -> 527 | AD25: =AB25/AC25 -> 0.34297913 | AF25: =AF24+AA25 -> 5193.25 | AG25: =AG24+AB25 -> 8356.75 | AH25: =AH24+AC25 -> 13550 | AI25: =AG25/AH25 -> 0.61673432 | AK25: ='QC Data 2026'!N25 -> 0 | AL25: =AK25/AA25 -> 0 | AM25: =AM24+AK25 -> 66.5 | AN25: =AM25/AF25 -> 0.012805084 | AO25: 0.0125 | AP25: 0.019 | AZ25: 2020 | BA25: Oct | BB25: 0 | BC25: 0 | BD25: 1 | BE25: =SUM(BB25:BD25) -> 1 | BF25: 4461.75 | BG25: =SUM(BB14:BB25) -> 0 | BH25: =SUM(BF14:BF25) -> 48874.75 | BI25: =BG25*200000/(BH25+1280) -> 0 | BJ25: 4 | BL25: 2021 | BM25: Oct | BR25: 0.95
A26: 2025 | B26: 45810 | D26: 23 | F26: 1 | G26: 1.08 | H26: 1.34 | I26: 0.75 | J26: 1.24 | L26: =AVERAGE(J23:J26) -> 1.21 | M26: =AVERAGE(J19:J26) -> 1.1175 | N26: 0.83 | O26: 0.88 | AA26: 449 | AB26: 294.5 | AC26: =AA26+AB26 -> 743.5 | AD26: =AB26/AC26 -> 0.39609953 | AF26: =AF25+AA26 -> 5642.25 | AG26: =AG25+AB26 -> 8651.25 | AH26: =AH25+AC26 -> 14293.5 | AI26: =AG26/AH26 -> 0.60525763 | AK26: ='QC Data 2026'!N26 -> 0 | AL26: =AK26/AA26 -> 0 | AM26: =AM25+AK26 -> 66.5 | AN26: =AM26/AF26 -> 0.011786078 | AO26: 0.0125 | AP26: 0.019 | AZ26: 2020 | BA26: Nov | BB26: 0 | BC26: 2 | BD26: 0 | BE26: =SUM(BB26:BD26) -> 2 | BF26: 3802.25 | BG26: =SUM(BB15:BB26) -> 0 | BH26: =SUM(BF15:BF26) -> 48936.25 | BI26: =BG26*200000/(BH26+1280) -> 0 | BJ26: 4 | BL26: 2021 | BM26: Nov | BR26: 0.95
A27: 2025 | B27: 45817 | C27: Jun | D27: 24 | F27: 1 | G27: 0.79 | H27: 1.06 | I27: 1 | J27: 0.92 | L27: =AVERAGE(J24:J27) -> 1.1525 | M27: =AVERAGE(J20:J27) -> 1.12 | N27: 0.83 | O27: 0.88 | AA27: 323 | AB27: 327 | AC27: =AA27+AB27 -> 650 | AD27: =AB27/AC27 -> 0.50307692 | AF27: =AF26+AA27 -> 5965.25 | AG27: =AG26+AB27 -> 8978.25 | AH27: =AH26+AC27 -> 14943.5 | AI27: =AG27/AH27 -> 0.60081306 | AK27: ='QC Data 2026'!N27 -> 0 | AL27: =AK27/AA27 -> 0 | AM27: =AM26+AK27 -> 66.5 | AN27: =AM27/AF27 -> 0.011147898 | AO27: 0.0125 | AP27: 0.019 | AZ27: 2020 | BA27: Dec | BB27: 0 | BC27: 1 | BD27: 0 | BE27: =SUM(BB27:BD27) -> 1 | BF27: 3848.25 | BG27: =SUM(BB16:BB27) -> 0 | BH27: =SUM(BF16:BF27) -> 49483.25 | BI27: =BG27*200000/(BH27+1280) -> 0 | BJ27: 4 | BL27: 2021 | BM27: Dec | BR27: 0.95
A28: 2025 | B28: 45824 | D28: 25 | F28: 1.55 | G28: 0.84 | H28: 1.12 | I28: 1 | J28: 1.04 | L28: =AVERAGE(J25:J28) -> 1.1125 | M28: =AVERAGE(J21:J28) -> 1.10125 | N28: 0.83 | O28: 0.88 | AA28: 585.5 | AB28: 201.5 | AC28: =AA28+AB28 -> 787 | AD28: =AB28/AC28 -> 0.25603558 | AF28: =AF27+AA28 -> 6550.75 | AG28: =AG27+AB28 -> 9179.75 | AH28: =AH27+AC28 -> 15730.5 | AI28: =AG28/AH28 -> 0.58356378 | AK28: ='QC Data 2026'!N28 -> 0 | AL28: =AK28/AA28 -> 0 | AM28: =AM27+AK28 -> 66.5 | AN28: =AM28/AF28 -> 0.010151509 | AO28: 0.0125 | AP28: 0.019 | AZ28: 2021 | BA28: Jan | BB28: 0 | BC28: 0 | BD28: 1 | BE28: =SUM(BB28:BD28) -> 1 | BF28: 2984.25 | BG28: =SUM(BB17:BB28) -> 0 | BH28: =SUM(BF17:BF28) -> 48621.75 | BI28: =BG28*200000/(BH28+1280) -> 0 | BJ28: 2 | BL28: 2022 | BM28: Jan | BO28: 3
A29: 2025 | B29: 45831 | D29: 26 | F29: 0.87 | G29: 1.02 | H29: 1.03 | I29: 1.03 | J29: 1 | L29: =AVERAGE(J26:J29) -> 1.05 | M29: =AVERAGE(J22:J29) -> 1.10375 | N29: 0.83 | O29: 0.88 | AA29: 548 | AB29: 229.25 | AC29: =AA29+AB29 -> 777.25 | AD29: =AB29/AC29 -> 0.29495014 | AF29: =AF28+AA29 -> 7098.75 | AG29: =AG28+AB29 -> 9409 | AH29: =AH28+AC29 -> 16507.75 | AI29: =AG29/AH29 -> 0.56997471 | AK29: ='QC Data 2026'!N29 -> 0 | AL29: =AK29/AA29 -> 0 | AM29: =AM28+AK29 -> 66.5 | AN29: =AM29/AF29 -> 0.0093678465 | AO29: 0.0125 | AP29: 0.019 | AZ29: 2021 | BA29: Feb | BB29: 0 | BC29: 0 | BD29: 0 | BE29: =SUM(BB29:BD29) -> 0 | BF29: 3347.5 | BG29: =SUM(BB18:BB29) -> 0 | BH29: =SUM(BF18:BF29) -> 48313 | BI29: =BG29*200000/(BH29+1280) -> 0 | BJ29: 2 | BL29: 2022 | BM29: Feb
A30: 2025 | B30: 45838 | D30: 27 | F30: 1.36 | G30: 0.99 | H30: 0.9 | I30: 1 | J30: 0.94 | L30: =AVERAGE(J27:J30) -> 0.975 | M30: =AVERAGE(J23:J30) -> 1.0925 | N30: 0.83 | O30: 0.88 | AA30: 473.75 | AB30: 232 | AC30: =AA30+AB30 -> 705.75 | AD30: =AB30/AC30 -> 0.3287283 | AF30: =AF29+AA30 -> 7572.5 | AG30: =AG29+AB30 -> 9641 | AH30: =AH29+AC30 -> 17213.5 | AI30: =AG30/AH30 -> 0.56008366 | AK30: ='QC Data 2026'!N30 -> 0 | AL30: =AK30/AA30 -> 0 | AM30: =AM29+AK30 -> 66.5 | AN30: =AM30/AF30 -> 0.0087817762 | AO30: 0.0125 | AP30: 0.019 | AZ30: 2021 | BA30: Mar | BB30: 0 | BC30: 0 | BD30: 3 | BE30: =SUM(BB30:BD30) -> 3 | BF30: 3695.25 | BG30: =SUM(BB19:BB30) -> 0 | BH30: =SUM(BF19:BF30) -> 47764.5 | BI30: =BG30*200000/(BH30+1280) -> 0 | BJ30: 2 | BL30: 2022 | BM30: Mar
A31: 2025 | B31: 45845 | D31: 28 | F31: 0.91 | G31: 1.01 | H31: 0.98 | I31: 1 | J31: 0.99 | L31: =AVERAGE(J28:J31) -> 0.9925 | M31: =AVERAGE(J24:J31) -> 1.0725 | N31: 0.83 | O31: 0.88 | AA31: 590 | AB31: 314.75 | AC31: =AA31+AB31 -> 904.75 | AD31: =AB31/AC31 -> 0.34788616 | AF31: =AF30+AA31 -> 8162.5 | AG31: =AG30+AB31 -> 9955.75 | AH31: =AH30+AC31 -> 18118.25 | AI31: =AG31/AH31 -> 0.5494874 | AK31: ='QC Data 2026'!N31 -> 0 | AL31: =AK31/AA31 -> 0 | AM31: =AM30+AK31 -> 66.5 | AN31: =AM31/AF31 -> 0.0081470138 | AO31: 0.0125 | AP31: 0.019 | AZ31: 2021 | BA31: Apr | BB31: 0 | BC31: 1 | BD31: 0 | BE31: =SUM(BB31:BD31) -> 1 | BF31: 2841.5 | BG31: =SUM(BB20:BB31) -> 0 | BH31: =SUM(BF20:BF31) -> 45893.5 | BI31: =BG31*200000/(BH31+1280) -> 0 | BJ31: 2 | BL31: 2022 | BM31: Apr
A32: 2025 | B32: 45852 | C32: Jul | D32: 29 | F32: 0.85 | G32: 0.81 | H32: 0.9 | I32: 1 | J32: 0.85 | L32: =AVERAGE(J29:J32) -> 0.945 | M32: =AVERAGE(J25:J32) -> 1.02875 | N32: 0.83 | O32: 0.88 | AA32: 614.5 | AB32: 342 | AC32: =AA32+AB32 -> 956.5 | AD32: =AB32/AC32 -> 0.35755358 | AF32: =AF31+AA32 -> 8777 | AG32: =AG31+AB32 -> 10297.75 | AH32: =AH31+AC32 -> 19074.75 | AI32: =AG32/AH32 -> 0.53986291 | AK32: ='QC Data 2026'!N32 -> 0 | AL32: =AK32/AA32 -> 0 | AM32: =AM31+AK32 -> 66.5 | AN32: =AM32/AF32 -> 0.0075766207 | AO32: 0.0125 | AP32: 0.019 | AZ32: 2021 | BA32: May | BB32: 0 | BC32: 0 | BD32: 0 | BE32: =SUM(BB32:BD32) -> 0 | BF32: 2637.75 | BG32: =SUM(BB21:BB32) -> 0 | BH32: =SUM(BF21:BF32) -> 44314.25 | BI32: =BG32*200000/(BH32+1280) -> 0 | BJ32: 2 | BL32: 2022 | BM32: May
A33: 2025 | B33: 45859 | D33: 30 | F33: 0.72 | G33: 0.85 | H33: 0.9 | I33: 1 | J33: 0.85 | L33: =AVERAGE(J30:J33) -> 0.9075 | M33: =AVERAGE(J26:J33) -> 0.97875 | N33: 0.83 | O33: 0.88 | AA33: 627 | AB33: 275.5 | AC33: =AA33+AB33 -> 902.5 | AD33: =AB33/AC33 -> 0.30526316 | AF33: =AF32+AA47 -> 9604.25 | AG33: =AG32+AB47 -> 10573 | AH33: =AH32+AC33 -> 19977.25 | AI33: =AG33/AH33 -> 0.52925202 | AK33: ='QC Data 2026'!N33 -> 0 | AL33: =AK33/AA33 -> 0 | AM33: =AM32+AK33 -> 66.5 | AN33: =AM33/AF33 -> 0.006924018 | AO33: 0.0125 | AP33: 0.019 | AZ33: 2021 | BA33: Jun | BB33: 0 | BC33: 2 | BD33: 0 | BE33: =SUM(BB33:BD33) -> 2 | BF33: 4042.75 | BG33: =SUM(BB22:BB33) -> 0 | BH33: =SUM(BF22:BF33) -> 44204 | BI33: =BG33*200000/(BH33+1280) -> 0 | BJ33: 2 | BL33: 2022 | BM33: Jun
A34: 2025 | B34: 45866 | D34: 31 | F34: 0.78 | G34: 1.13 | H34: 1.08 | I34: 1 | J34: 1.04 | L34: =AVERAGE(J31:J34) -> 0.9325 | M34: =AVERAGE(J27:J34) -> 0.95375 | N34: 0.83 | O34: 0.88 | AA34: 603 | AB34: 226.75 | AC34: =AA34+AB34 -> 829.75 | AD34: =AB34/AC34 -> 0.27327508 | AF34: =AF33+AA48 -> 10337.5 | AG34: =AG33+AB48 -> 10903.5 | AH34: =AH33+AC34 -> 20807 | AI34: =AG34/AH34 -> 0.52403037 | AK34: ='QC Data 2026'!N34 -> 0 | AL34: =AK34/AA34 -> 0 | AM34: =AM33+AK34 -> 66.5 | AN34: =AM34/AF34 -> 0.00643289 | AO34: 0.0125 | AP34: 0.019 | AZ34: 2021 | BA34: Jul | BB34: 0 | BC34: 1 | BD34: 0 | BE34: =SUM(BB34:BD34) -> 1 | BF34: 3331 | BG34: =SUM(BB23:BB34) -> 0 | BH34: =SUM(BF23:BF34) -> 43775.25 | BI34: =BG34*200000/(BH34+1280) -> 0 | BJ34: 2 | BL34: 2022 | BM34: Jul
A35: 2025 | B35: 45873 | D35: 32 | F35: 0.9 | G35: 0.81 | H35: 1.17 | I35: 0.33 | J35: 0.97 | L35: =AVERAGE(J32:J35) -> 0.9275 | M35: =AVERAGE(J28:J35) -> 0.96 | N35: 0.83 | O35: 0.88 | AA35: 639 | AB35: 214.5 | AC35: =AA35+AB35 -> 853.5 | AD35: =AB35/AC35 -> 0.2513181 | AF35: =AF34+AA49 -> 11162.75 | AG35: =AG34+AB49 -> 11239 | AH35: =AH34+AC35 -> 21660.5 | AI35: =AG35/AH35 -> 0.51887076 | AK35: ='QC Data 2026'!N35 -> 0 | AL35: =AK35/AA35 -> 0 | AM35: =AM34+AK35 -> 66.5 | AN35: =AM35/AF35 -> 0.0059573134 | AO35: 0.0125 | AP35: 0.019 | AZ35: 2021 | BA35: Aug | BB35: 0 | BC35: 1 | BD35: 0 | BE35: =SUM(BB35:BD35) -> 1 | BF35: 3369 | BG35: =SUM(BB24:BB35) -> 0 | BH35: =SUM(BF24:BF35) -> 42858.25 | BI35: =BG35*200000/(BH35+1280) -> 0 | BJ35: 2 | BL35: 2022 | BM35: Aug | BU35: Operation | BV35: Description
A36: 2025 | B36: 45880 | C36: Aug | D36: 33 | F36: 0.77 | G36: 0.87 | H36: 1.15 | I36: 0.5 | J36: 0.99 | L36: =AVERAGE(J33:J38) -> 0.965 | M36: =AVERAGE(J29:J38) -> 0.957 | N36: 0.83 | O36: 0.88 | AA36: 662.75 | AB36: 259.5 | AC36: =AA36+AB36 -> 922.25 | AD36: =AB36/AC36 -> 0.28137707 | AF36: =AF35+AA50 -> 11858.75 | AG36: =AG35+AB50 -> 11587.5 | AH36: =AH35+AC36 -> 22582.75 | AI36: =AG36/AH36 -> 0.51311288 | AK36: ='QC Data 2026'!N36 -> 0 | AL36: =AK36/AA36 -> 0 | AM36: =AM35+AK36 -> 66.5 | AN36: =AM36/AF36 -> 0.0056076737 | AO36: 0.0125 | AP36: 0.019 | AZ36: 2021 | BA36: Sep | BB36: 0 | BC36: 1 | BD36: 0 | BE36: =SUM(BB36:BD36) -> 1 | BF36: 3255 | BG36: =SUM(BB25:BB36) -> 0 | BH36: =SUM(BF25:BF36) -> 41616.25 | BI36: =BG36*200000/(BH36+1280) -> 0 | BJ36: 2 | BL36: 2022 | BM36: Sep | BU36: 100 | BV36: Cut Nozzle Pipe and Clean
A37: 2025 | B37: 45887 | D37: 34 | F37: 0.7 | G37: 1.08 | H37: 1.01 | I37: 1 | J37: 0.98 | L37: =AVERAGE(J34:J37) -> 0.995 | M37: =AVERAGE(J30:J37) -> 0.95125 | N37: 0.83 | O37: 0.88 | AA37: 624.5 | AB37: 226.5 | AC37: =AA37+AB37 -> 851 | AD37: =AB37/AC37 -> 0.26615746 | AF37: =AF36+AA51 -> 12214.5 | AG37: =AG36+AB51 -> 11723.75 | AH37: =AH36+AC37 -> 23433.75 | AI37: =AG37/AH37 -> 0.50029338 | AK37: ='QC Data 2026'!N37 -> 0 | AL37: =AK37/AA37 -> 0 | AM37: =AM36+AK37 -> 66.5 | AN37: =AM37/AF37 -> 0.0054443489 | AO37: 0.0125 | AP37: 0.019 | AZ37: 2021 | BA37: Oct | BB37: 0 | BC37: 1 | BD37: 2 | BE37: =SUM(BB37:BD37) -> 3 | BF37: 5129 | BG37: =SUM(BB26:BB37) -> 0 | BH37: =SUM(BF26:BF37) -> 42283.5 | BI37: =BG37*200000/(BH37+1280) -> 0 | BJ37: 2 | BL37: 2022 | BM37: Oct | BU37: 105 | BV37: Build Nozzles-Weld
A38: 2025 | B38: 45894 | D38: 35 | F38: 0.91 | G38: 0.86 | H38: 1.11 | I38: 0.75 | J38: 0.96 | L38: =AVERAGE(J35:J38) -> 0.975 | M38: =AVERAGE(J31:J38) -> 0.95375 | N38: 0.83 | O38: 0.88 | AA38: 534.75 | AB38: 212.25 | AC38: =AA38+AB38 -> 747 | AD38: =AB38/AC38 -> 0.28413655 | AF38: =AF37+AA52 -> 12895.5 | AG38: =AG37+AB52 -> 12030 | AH38: =AH37+AC38 -> 24180.75 | AI38: =AG38/AH38 -> 0.49750318 | AK38: ='QC Data 2026'!N38 -> 0 | AL38: =AK38/AA38 -> 0 | AM38: =AM37+AK38 -> 66.5 | AN38: =AM38/AF38 -> 0.0051568377 | AO38: 0.0125 | AP38: 0.019 | AZ38: 2021 | BA38: Nov | BB38: 0 | BC38: 1 | BD38: 2 | BE38: =SUM(BB38:BD38) -> 3 | BF38: 5102 | BG38: =SUM(BB27:BB38) -> 0 | BH38: =SUM(BF27:BF38) -> 43583.25 | BI38: =BG38*200000/(BH38+1280) -> 0 | BJ38: 2 | BL38: 2022 | BM38: Nov | BU38: 107 | BV38: Build Repads for Nozzles
A39: 2025 | B39: 45901 | D39: 36 | F39: 0.96 | G39: 0.84 | H39: 1.15 | I39: 0.77 | J39: 0.98 | L39: =AVERAGE(J37:J39) -> 0.97333333 | M39: =AVERAGE(J32:J39) -> 0.9525 | N39: 0.83 | O39: 0.88 | AA39: 525.25 | AB39: 191.5 | AC39: =AA39+AB39 -> 716.75 | AD39: =AB39/AC39 -> 0.26717824 | AF39: =AF38+AA53 -> 13618.75 | AG39: =AG38+AB53 -> 12287.75 | AH39: =AH38+AC39 -> 24897.5 | AI39: =AG39/AH39 -> 0.49353349 | AK39: ='QC Data 2026'!N39 -> 0 | AL39: =AK39/AA39 -> 0 | AM39: =AM38+AK39 -> 66.5 | AN39: =AM39/AF39 -> 0.0048829738 | AO39: 0.0125 | AP39: 0.019 | AZ39: 2021 | BA39: Dec | BB39: 0 | BC39: 1 | BD39: 0 | BE39: =SUM(BB39:BD39) -> 1 | BF39: 5019 | BG39: =SUM(BB28:BB39) -> 0 | BH39: =SUM(BF28:BF39) -> 44754 | BI39: =BG39*200000/(BH39+1280) -> 0 | BJ39: 2 | BL39: 2022 | BM39: Dec | BU39: 110 | BV39: Build Dip Tubes-Weld
A40: 2025 | B40: 45908 | C40: Sep | D40: 37 | F40: 0.9 | G40: 0.95 | H40: 1.14 | I40: 1 | J40: 1.01 | L40: =AVERAGE(J37:J40) -> 0.9825 | M40: =AVERAGE(J33:J40) -> 0.9725 | N40: 0.83 | O40: 0.88 | AA40: 730.25 | AB40: 323.5 | AC40: =AA40+AB40 -> 1053.75 | AD40: =AB40/AC40 -> 0.30699881 | AF40: =AF39+AA54 -> 14157.75 | AG40: =AG39+AB54 -> 12535.25 | AH40: =AH39+AC40 -> 25951.25 | AI40: =AG40/AH40 -> 0.48303068 | AK40: ='QC Data 2026'!N40 -> 0 | AL40: =AK40/AA40 -> 0 | AM40: =AM39+AK40 -> 66.5 | AN40: =AM40/AF40 -> 0.004697074 | AO40: 0.0125 | AP40: 0.019 | AZ40: 2022 | BA40: Jan | BB40: 0 | BC40: 1 | BD40: 1 | BE40: =SUM(BB40:BD40) -> 2 | BF40: 4683 | BG40: =SUM(BB29:BB40) -> 0 | BH40: =SUM(BF29:BF40) -> 46452.75 | BI40: =BG40*200000/(BH40+1280) -> 0 | BJ40: 2 | BL40: 2022 | BM40: YTD | BN40: =SUM(BN16:BN27) -> 15 | BO40: =SUM(BO16:BO27) -> 11 | BP40: =BN40+BO40 -> 26 | BQ40: =BN40/BP40 -> 0.57692308 | BR40: 0.95 | BU40: 115 | BV40: Make Manway Parts
A41: 2025 | B41: 45915 | D41: 38 | F41: 0.63 | G41: 0.96 | H41: 1.07 | I41: 1 | J41: 0.96 | L41: =AVERAGE(J38:J41) -> 0.9775 | M41: =AVERAGE(J34:J41) -> 0.98625 | N41: 0.83 | O41: 0.88 | AA41: 694.75 | AB41: 225.75 | AC41: =AA41+AB41 -> 920.5 | AD41: =AB41/AC41 -> 0.24524715 | AF41: =AF40+AA55 -> 14302 | AG41: =AG40+AB55 -> 12621.5 | AH41: =AH40+AC41 -> 26871.75 | AI41: =AG41/AH41 -> 0.46969401 | AK41: ='QC Data 2026'!N41 -> 0 | AL41: =AK41/AA41 -> 0 | AM41: =AM40+AK41 -> 66.5 | AN41: =AM41/AF41 -> 0.0046496993 | AO41: 0.0125 | AP41: 0.019 | AZ41: 2022 | BA41: Feb | BB41: 0 | BC41: 0 | BD41: 1 | BE41: =SUM(BB41:BD41) -> 1 | BF41: 5033 | BG41: =SUM(BB30:BB41) -> 0 | BH41: =SUM(BF30:BF41) -> 48138.25 | BI41: =BG41*200000/(BH41+1280) -> 0 | BJ41: 2 | BL41: Rolling 12 Months | BN41: =SUM(BN5:BN16) -> 110 | BO41: =SUM(BO5:BO16) -> 25 | BP41: =BN41+BO41 -> 135 | BQ41: =BN41/BP41 -> 0.81481481 | BR41: 0.95 | BU41: 120 | BV41: Brn MW Neck, Clean, Bevel
A42: 2025 | B42: 45922 | D42: 39 | F42: 0.86 | G42: 0.99 | H42: 1.11 | I42: 0.64 | J42: 1 | L42: =AVERAGE(J39:J42) -> 0.9875 | M42: =AVERAGE(J35:J42) -> 0.98125 | N42: 0.83 | O42: 0.88 | AA42: 756 | AB42: 412.75 | AC42: =AA42+AB42 -> 1168.75 | AD42: =AB42/AC42 -> 0.35315508 | AF42: =AF41+AA56 -> 14552.75 | AG42: =AG41+AB56 -> 12752 | AH42: =AH41+AC42 -> 28040.5 | AI42: =AG42/AH42 -> 0.45477078 | AK42: ='QC Data 2026'!N42 -> 0 | AL42: =AK42/AA42 -> 0 | AM42: =AM41+AK42 -> 66.5 | AN42: =AM42/AF42 -> 0.0045695831 | AO42: 0.0125 | AP42: 0.019 | AZ42: 2022 | BA42: Mar | BB42: 0 | BC42: 1 | BD42: 1 | BE42: =SUM(BB42:BD42) -> 2 | BF42: 4646 | BG42: =SUM(BB31:BB42) -> 0 | BH42: =SUM(BF31:BF42) -> 49089 | BI42: =BG42*200000/(BH42+1280) -> 0 | BJ42: 2 | BU42: 125 | BV42: Roll Manway Neck
A43: 2025 | B43: 45929 | D43: 40 | F43: 0.93 | G43: 0.9 | H43: 1.13 | I43: 0.47 | J43: 0.98 | L43: =AVERAGE(J40:J43) -> 0.9875 | M43: =AVERAGE(J37:J43) -> 0.98142857 | N43: 0.83 | O43: 0.88 | AA43: 737 | AB43: 357.75 | AC43: =AA43+AB43 -> 1094.75 | AD43: =AB43/AC43 -> 0.32678694 | AF43: =AF42+AA57 -> 38595 | AG43: =AG42+AB57 -> 29465.25 | AH43: =AH42+AC43 -> 29135.25 | AI43: =AG43/AH43 -> 1.0113265 | AK43: ='QC Data 2026'!N43 -> 0 | AL43: =AK43/AA43 -> 0 | AM43: =AM42+AK43 -> 66.5 | AN43: =AM43/AF43 -> 0.0017230211 | AO43: 0.0125 | AP43: 0.019 | AZ43: 2022 | BA43: Apr | BB43: 0 | BC43: 0 | BD43: 0 | BE43: =SUM(BB43:BD43) -> 0 | BF43: 3362 | BG43: =SUM(BB32:BB43) -> 0 | BH43: =SUM(BF32:BF43) -> 49609.5 | BI43: =BG43*200000/(BH43+1280) -> 0 | BJ43: 2 | BM43: Red | BN43: 80 | BU43: 130 | BV43: S/U Weld MW Flg, Neck Sem
A44: 2025 | B44: 45936 | D44: 41 | F44: 1.06 | G44: 1.1 | H44: 1.07 | I44: 1 | J44: 1.04 | L44: =AVERAGE(J41:J44) -> 0.995 | M44: =AVERAGE(J37:J44) -> 0.98875 | N44: 0.83 | O44: 0.88 | AA44: 817.5 | AB44: 327.25 | AC44: =AA44+AB44 -> 1144.75 | AD44: =AB44/AC44 -> 0.28587028 | AF44: =AF43+AA58 -> 38595 | AG44: =AG43+AB58 -> 29465.25 | AH44: =AH43+AC44 -> 30280 | AI44: =AG44/AH44 -> 0.9730928 | AK44: ='QC Data 2026'!N44 -> 0 | AL44: =AK44/AA44 -> 0 | AM44: =AM43+AK44 -> 66.5 | AN44: =AM44/AF44 -> 0.0017230211 | AO44: 0.0125 | AP44: 0.019 | AZ44: 2022 | BA44: May | BB44: 0 | BC44: 2 | BD44: 0 | BE44: =SUM(BB44:BD44) -> 2 | BF44: 3525 | BG44: =SUM(BB33:BB44) -> 0 | BH44: =SUM(BF33:BF44) -> 50496.75 | BI44: =BG44*200000/(BH44+1280) -> 0 | BJ44: 2 | BM44: Amber | BN44: 15 | BU44: 135 | BV44: Bld Davit Arm Aby Cover
A45: 2025 | B45: 45943 | C45: Oct | D45: 42 | F45: 0.52 | G45: 0.85 | H45: 1.16 | I45: 0.51 | J45: 0.88 | L45: =AVERAGE(J42:J45) -> 0.975 | M45: =AVERAGE(J38:J45) -> 0.97625 | N45: 0.83 | O45: 0.88 | AA45: 813.25 | AB45: 352 | AC45: =AA45+AB45 -> 1165.25 | AD45: =AB45/AC45 -> 0.3020811 | AF45: =AF44+AA59 -> 38595 | AG45: =AG44+AB59 -> 29465.25 | AH45: =AH44+AC45 -> 31445.25 | AI45: =AG45/AH45 -> 0.93703342 | AK45: ='QC Data 2026'!N45 -> 0 | AL45: =AK45/AA45 -> 0 | AM45: =AM44+AK45 -> 66.5 | AN45: =AM45/AF45 -> 0.0017230211 | AO45: 0.0125 | AP45: 0.019 | AZ45: 2022 | BA45: Jun | BB45: 0 | BC45: 2 | BD45: 1 | BE45: =SUM(BB45:BD45) -> 3 | BF45: 3898 | BG45: =SUM(BB34:BB45) -> 0 | BH45: =SUM(BF34:BF45) -> 50352 | BI45: =BG45*200000/(BH45+1280) -> 0 | BJ45: 2 | BM45: Goal | BN45: 5 | BU45: 140 | BV45: Build Hatch/Door
A46: 2025 | B46: 45950 | D46: 43 | F46: 0.86 | G46: 0.97 | H46: 1.1 | I46: 0.47 | J46: 0.99 | L46: =AVERAGE(J43:J46) -> 0.9725 | M46: =AVERAGE(J39:J46) -> 0.98 | N46: 0.83 | O46: 0.88 | AA46: 724.5 | AB46: 355.75 | AC46: =AA46+AB46 -> 1080.25 | AD46: =AB46/AC46 -> 0.32932192 | AF46: =AF45+AA60 -> 38595 | AG46: =AG45+AB60 -> 29465.25 | AH46: =AH45+AC46 -> 32525.5 | AI46: =AG46/AH46 -> 0.90591228 | AK46: ='QC Data 2026'!N46 -> 0 | AL46: =AK46/AA46 -> 0 | AM46: =AM45+AK46 -> 66.5 | AN46: =AM46/AF46 -> 0.0017230211 | AO46: 0.0125 | AP46: 0.019 | AZ46: 2022 | BA46: Jul | BB46: 0 | BC46: 0 | BD46: 0 | BE46: =SUM(BB46:BD46) -> 0 | BF46: 4030 | BG46: =SUM(BB35:BB46) -> 0 | BH46: =SUM(BF35:BF46) -> 51051 | BI46: =BG46*200000/(BH46+1280) -> 0 | BJ46: 2 | BM46: Invisible | BN46: 100 | BU46: 145 | BV46: Install Cladding on Flng
A47: 2025 | B47: 45957 | D47: 44 | F47: 0.58 | G47: 1.18 | H47: 1.07 | I47: 0.67 | J47: 1.02 | L47: =AVERAGE(J44:J47) -> 0.9825 | M47: =AVERAGE(J40:J47) -> 0.985 | N47: 0.83 | O47: 0.88 | AA47: 827.25 | AB47: 275.25 | AC47: =AA47+AB47 -> 1102.5 | AD47: =AB47/AC47 -> 0.24965986 | AF47: =AF46+AA61 -> 38595 | AG47: =AG46+AB61 -> 29465.25 | AH47: =AH46+AC47 -> 33628 | AI47: =AG47/AH47 -> 0.87621179 | AK47: ='QC Data 2026'!N47 -> 0 | AL47: =AK47/AA47 -> 0 | AM47: =AM46+AK47 -> 66.5 | AN47: =AM47/AF47 -> 0.0017230211 | AO47: 0.0125 | AP47: 0.019 | AZ47: 2022 | BA47: Aug | BB47: 0 | BC47: 1 | BD47: 3 | BE47: =SUM(BB47:BD47) -> 4 | BF47: 5039.5 | BG47: =SUM(BB36:BB47) -> 0 | BH47: =SUM(BF36:BF47) -> 52721.5 | BI47: =BG47*200000/(BH47+1280) -> 0 | BJ47: 2 | BU47: 147 | BV47: Install Clad on Blind/Cov
A48: 2025 | B48: 45964 | D48: 45 | F48: 0.36 | G48: 0.92 | H48: 0.94 | I48: 1.14 | J48: 0.88 | L48: =AVERAGE(J45:J48) -> 0.9425 | M48: =AVERAGE(J41:J48) -> 0.96875 | N48: 0.83 | O48: 0.88 | AA48: 733.25 | AB48: 330.5 | AC48: =AA48+AB48 -> 1063.75 | AD48: =AB48/AC48 -> 0.3106933 | AF48: =AF47+AA62 -> 38595 | AG48: =AG47+AB62 -> 29465.25 | AH48: =AH47+AC48 -> 34691.75 | AI48: =AG48/AH48 -> 0.84934458 | AK48: ='QC Data 2026'!N48 -> 0 | AL48: =AK48/AA48 -> 0 | AM48: =AM47+AK48 -> 66.5 | AN48: =AM48/AF48 -> 0.0017230211 | AO48: 0.0125 | AP48: 0.019 | AZ48: 2022 | BA48: Sep | BB48: 0 | BC48: 0 | BD48: 0 | BE48: =SUM(BB48:BD48) -> 0 | BF48: 4765 | BG48: =SUM(BB37:BB48) -> 0 | BH48: =SUM(BF37:BF48) -> 54231.5 | BI48: =BG48*200000/(BH48+1280) -> 0 | BJ48: 2 | BM48: YTD | BN48: =BQ40 -> 0.57692308 | BU48: 150 | BV48: B&C Top, Bottom Plates
A49: 2025 | B49: 45971 | C49: Nov | D49: 46 | F49: 0.49 | G49: 0.93 | H49: 1.02 | I49: 0.72 | J49: 0.88 | L49: =AVERAGE(J46:J49) -> 0.9425 | M49: =AVERAGE(J42:J49) -> 0.95875 | N49: 0.83 | O49: 0.88 | AA49: 825.25 | AB49: 335.5 | AC49: =AA49+AB49 -> 1160.75 | AD49: =AB49/AC49 -> 0.28903726 | AF49: =AF48+AA63 -> 38595 | AG49: =AG48+AB63 -> 29465.25 | AH49: =AH48+AC49 -> 35852.5 | AI49: =AG49/AH49 -> 0.82184645 | AK49: ='QC Data 2026'!N49 -> 0 | AL49: =AK49/AA49 -> 0 | AM49: =AM48+AK49 -> 66.5 | AN49: =AM49/AF49 -> 0.0017230211 | AO49: 0.0125 | AP49: 0.019 | AZ49: 2022 | BA49: Oct | BB49: 1 | BC49: 0 | BD49: 1 | BE49: =SUM(BB49:BD49) -> 2 | BF49: 4974 | BG49: =SUM(BB38:BB49) -> 1 | BH49: =SUM(BF38:BF49) -> 54076.5 | BI49: =BG49*200000/(BH49+1280) -> 3.6129452 | BJ49: 2 | BM49: Pointer | BN49: 0.02 | BU49: 155 | BV49: B&C parts-lugs, supp, etc
A50: 2025 | B50: 45978 | D50: 47 | F50: 0.74 | G50: 1.11 | H50: 1.09 | I50: 0.5 | J50: 1.04 | L50: =AVERAGE(J47:J50) -> 0.955 | M50: =AVERAGE(J43:J50) -> 0.96375 | N50: 0.83 | O50: 0.88 | AA50: 696 | AB50: 348.5 | AC50: =AA50+AB50 -> 1044.5 | AD50: =AB50/AC50 -> 0.33365247 | AF50: =AF49+AA64 -> 38595 | AG50: =AG49+AB64 -> 29465.25 | AH50: =AH49+AC50 -> 36897 | AI50: =AG50/AH50 -> 0.79858119 | AK50: ='QC Data 2026'!N50 -> 0 | AL50: =AK50/AA50 -> 0 | AM50: =AM49+AK50 -> 66.5 | AN50: =AM50/AF50 -> 0.0017230211 | AO50: 0.0125 | AP50: 0.019 | AZ50: 2022 | BA50: Nov | BB50: 0 | BC50: 1 | BD50: 0 | BE50: =SUM(BB50:BD50) -> 1 | BF50: 4607 | BG50: =SUM(BB39:BB50) -> 1 | BH50: =SUM(BF39:BF50) -> 53581.5 | BI50: =BG50*200000/(BH50+1280) -> 3.6455438 | BJ50: 2 | BM50: End | BN50: =2-BN48-BN49 -> 1.4030769 | BU50: 160 | BV50: B&C parts-stiff, vr, etc
A51: 2025 | B51: 45985 | D51: 48 | F51: 0.68 | G51: 1.1 | H51: 1.32 | I51: 0.29 | J51: 1.04 | L51: =AVERAGE(J48:J51) -> 0.96 | M51: =AVERAGE(J44:J51) -> 0.97125 | N51: 0.83 | O51: 0.88 | AA51: 355.75 | AB51: 136.25 | AC51: =AA51+AB51 -> 492 | AD51: =AB51/AC51 -> 0.27693089 | AF51: =AF50+AA65 -> 38595 | AG51: =AG50+AB65 -> 29465.25 | AH51: =AH50+AC51 -> 37389 | AI51: =AG51/AH51 -> 0.7880727 | AK51: ='QC Data 2026'!N51 -> 0 | AL51: =AK51/AA51 -> 0 | AM51: =AM50+AK51 -> 66.5 | AN51: =AM51/AF51 -> 0.0017230211 | AO51: 0.0125 | AP51: 0.019 | AZ51: 2022 | BA51: Dec | BB51: 0 | BC51: 1 | BD51: 0 | BE51: =SUM(BB51:BD51) -> 1 | BF51: 4314 | BG51: =SUM(BB40:BB51) -> 1 | BH51: =SUM(BF40:BF51) -> 52876.5 | BI51: =BG51*200000/(BH51+1280) -> 3.6930008 | BJ51: 2 | BU51: 165 | BV51: Build Supports
A52: 2025 | B52: 45992 | D52: 49 | F52: 0.65 | G52: 0.87 | H52: 1.18 | I52: 0.28 | J52: 0.94 | L52: =AVERAGE(J49:J52) -> 0.975 | M52: =AVERAGE(J45:J52) -> 0.95875 | N52: 0.83 | O52: 0.88 | AA52: 681 | AB52: 306.25 | AC52: =AA52+AB52 -> 987.25 | AD52: =AB52/AC52 -> 0.31020512 | AF52: =AF51+AA66 -> 38595 | AG52: =AG51+AB66 -> 29465.25 | AH52: =AH51+AC52 -> 38376.25 | AI52: =AG52/AH52 -> 0.76779909 | AK52: ='QC Data 2026'!N52 -> 0 | AL52: =AK52/AA52 -> 0 | AM52: =AM51+AK52 -> 66.5 | AN52: =AM52/AF52 -> 0.0017230211 | AO52: 0.0125 | AP52: 0.019 | AZ52: 2023 | BA52: Jan | BB52: 0 | BC52: 1 | BD52: 1 | BE52: =SUM(BB52:BD52) -> 2 | BF52: 5390 | BG52: =SUM(BB41:BB52) -> 1 | BH52: =SUM(BF41:BF52) -> 53583.5 | BI52: =BG52*200000/(BH52+1280) -> 3.6454109 | BJ52: 1 | BU52: 170 | BV52: Roll Repads-Drill & Tap
A53: 2025 | B53: 45999 | C53: Dec | D53: 50 | F53: 0.52 | G53: 1.08 | H53: 1.11 | I53: 0.41 | J53: 1.01 | L53: =AVERAGE(J50:J53) -> 1.0075 | M53: =AVERAGE(J46:J53) -> 0.975 | N53: 0.83 | O53: 0.88 | AA53: 723.25 | AB53: 257.75 | AC53: =AA53+AB53 -> 981 | AD53: =AB53/AC53 -> 0.2627421 | AF53: =AF52+AA67 -> 38595 | AG53: =AG52+AB67 -> 29465.25 | AH53: =AH52+AC53 -> 39357.25 | AI53: =AG53/AH53 -> 0.7486613 | AK53: ='QC Data 2026'!N53 -> 0 | AL53: =AK53/AA53 -> 0 | AM53: =AM52+AK53 -> 66.5 | AN53: =AM53/AF53 -> 0.0017230211 | AO53: 0.0125 | AP53: 0.019 | AZ53: 2023 | BA53: Feb | BB53: 1 | BC53: 3 | BD53: 0 | BE53: =SUM(BB53:BD53) -> 4 | BF53: 5469.25 | BG53: =SUM(BB42:BB53) -> 2 | BH53: =SUM(BF42:BF53) -> 54019.75 | BI53: =BG53*200000/(BH53+1280) -> 7.2333058 | BJ53: 1 | BU53: 175 | BV53: B&W Base Ring, Skirt
A54: 2025 | B54: 46006 | D54: 51 | L54: =AVERAGE(J51:J54) -> 0.99666667 | M54: =AVERAGE(J47:J54) -> 0.97285714 | N54: 0.83 | O54: 0.88 | AA54: 539 | AB54: 247.5 | AC54: =AA54+AB54 -> 786.5 | AD54: =AB54/AC54 -> 0.31468531 | AF54: =AF53+AA68 -> 38595 | AG54: =AG53+AB68 -> 29465.25 | AH54: =AH53+AC54 -> 40143.75 | AI54: =AG54/AH54 -> 0.73399346 | AK54: ='QC Data 2026'!N54 -> 0 | AL54: =AK54/AA54 -> 0 | AM54: =AM53+AK54 -> 66.5 | AN54: =AM54/AF54 -> 0.0017230211 | AO54: 0.0125 | AP54: 0.019 | AZ54: 2023 | BA54: Mar | BB54: 0 | BC54: 0 | BD54: 1 | BE54: =SUM(BB54:BD54) -> 1 | BF54: 6230.75 | BG54: =SUM(BB43:BB54) -> 2 | BH54: =SUM(BF43:BF54) -> 55604.5 | BI54: =BG54*200000/(BH54+1280) -> 7.0317925 | BJ54: 1 | BU54: 180 | BV54: Skirt-BI, SQ, T&C
A55: 2025 | B55: 46013 | D55: 52 | L55: =AVERAGE(J52:J55) -> 0.975 | M55: =AVERAGE(J48:J55) -> 0.965 | N55: 0.83 | O55: 0.88 | AA55: 144.25 | AB55: 86.25 | AC55: =AA55+AB55 -> 230.5 | AD55: =AB55/AC55 -> 0.37418655 | AF55: =AF54+AA69 -> 38595 | AG55: =AG54+AB69 -> 29465.25 | AH55: =AH54+AC55 -> 40374.25 | AI55: =AG55/AH55 -> 0.72980303 | AK55: ='QC Data 2026'!N55 -> 0 | AL55: =AK55/AA55 -> 0 | AM55: =AM54+AK55 -> 66.5 | AN55: =AM55/AF55 -> 0.0017230211 | AO55: 0.0125 | AP55: 0.019 | AZ55: 2023 | BA55: Apr | BB55: 0 | BC55: 0 | BD55: 1 | BE55: =SUM(BB55:BD55) -> 1 | BF55: 4990.75 | BG55: =SUM(BB44:BB55) -> 2 | BH55: =SUM(BF44:BF55) -> 57233.25 | BI55: =BG55*200000/(BH55+1280) -> 6.8360585 | BJ55: 1 | BU55: 185 | BV55: Roll Skirt Shells
E56: Full Year | L56: =AVERAGE(J53:J56) -> 1.01 | M56: =AVERAGE(J49:J56) -> 0.982 | N56: 0.83 | O56: 0.88 | AA56: 250.75 | AB56: 130.5 | AC56: =AA56+AB56 -> 381.25 | AD56: =AB56/AC56 -> 0.34229508 | AF56: =AF55+AA70 -> 38595 | AG56: =AG55+AB70 -> 29465.25 | AH56: =AH55+AC56 -> 40755.5 | AI56: =AG56/AH56 -> 0.72297604 | AZ56: 2023 | BA56: May | BB56: 0 | BC56: 0 | BD56: 0 | BE56: =SUM(BB56:BD56) -> 0 | BF56: 5013.25 | BG56: =SUM(BB45:BB56) -> 2 | BH56: =SUM(BF45:BF56) -> 58721.5 | BI56: =BG56*200000/(BH56+1280) -> 6.6665 | BJ56: 1 | BU56: 200 | BV56: Bld Lift Lugs, Grd Lugs
Y57: Run Total | AA57: =SUM(AA4:AA56) -> 24042.25 | AB57: =SUM(AB4:AB56) -> 16713.25 | AC57: =AA57+AB57 -> 40755.5 | AD57: =AB57/AC57 -> 0.41008576 | AJ57: Run Total | AK57: =SUM(AK4:AK56) -> 66.5 | AL57: =AK57/AA57 -> 0.0027659641 | AZ57: 2023 | BA57: Jun | BB57: 0 | BC57: 1 | BD57: 0 | BE57: =SUM(BB57:BD57) -> 1 | BF57: 4337.75 | BG57: =SUM(BB46:BB57) -> 2 | BH57: =SUM(BF46:BF57) -> 59161.25 | BI57: =BG57*200000/(BH57+1280) -> 6.6179968 | BJ57: 1 | BU57: 205 | BV57: Roll Rim Angle
F58: 4032 | G58: 19262 | H58: 16570 | I58: 565 | J58: =SUM(F58:I58) -> 40429 | AZ58: 2023 | BA58: Jul | BB58: 1 | BC58: 0 | BD58: 0 | BE58: =SUM(BB58:BD58) -> 1 | BF58: 3849.75 | BG58: =SUM(BB47:BB58) -> 3 | BH58: =SUM(BF47:BF58) -> 58981 | BI58: =BG58*200000/(BH58+1280) -> 9.9566884 | BJ58: 1 | BU58: 210 | BV58: Roll Insulation Rings
AZ59: 2023 | BA59: Aug | BB59: 1 | BC59: 1 | BD59: 0 | BE59: =SUM(BB59:BD59) -> 2 | BF59: 5185.5 | BG59: =SUM(BB48:BB59) -> 4 | BH59: =SUM(BF48:BF59) -> 59127 | BI59: =BG59*200000/(BH59+1280) -> 13.243498 | BJ59: 1 | BU59: 215 | BV59: B&C Baffles
AZ60: 2023 | BA60: Sep | BB60: 0 | BC60: 0 | BD60: 0 | BE60: =SUM(BB60:BD60) -> 0 | BF60: 4122.75 | BG60: =SUM(BB49:BB60) -> 4 | BH60: =SUM(BF49:BF60) -> 58484.75 | BI60: =BG60*200000/(BH60+1280) -> 13.385817 | BJ60: 1 | BU60: 220 | BV60: Form Baffles
AZ61: 2023 | BA61: Oct | BB61: 0 | BC61: 0 | BD61: 0 | BE61: =SUM(BB61:BD61) -> 0 | BF61: 5403.75 | BG61: =SUM(BB50:BB61) -> 3 | BH61: =SUM(BF50:BF61) -> 58914.5 | BI61: =BG61*200000/(BH61+1280) -> 9.9676881 | BJ61: 1 | BU61: 225 | BV61: Cut, Make Baffle Supports
AZ62: 2023 | BA62: Nov | BB62: 0 | BC62: 0 | BD62: 1 | BE62: =SUM(BB62:BD62) -> 1 | BF62: 5218.25 | BG62: =SUM(BB51:BB62) -> 3 | BH62: =SUM(BF51:BF62) -> 59525.75 | BI62: =BG62*200000/(BH62+1280) -> 9.8674879 | BJ62: 1 | BU62: 230 | BV62: Build Baffles-Weld
AZ63: 2023 | BA63: Dec | BB63: 0 | BC63: 0 | BD63: 0 | BE63: =SUM(BB63:BD63) -> 0 | BF63: 4308.25 | BG63: =SUM(BB52:BB63) -> 3 | BH63: =SUM(BF52:BF63) -> 59520 | BI63: =BG63*200000/(BH63+1280) -> 9.8684211 | BJ63: 1 | BU63: 235 | BV63: Bld T-B Stiffeners
AZ64: 2024 | BA64: Jan | BB64: 0 | BC64: 0 | BD64: 0 | BE64: =SUM(BB64:BD64) -> 0 | BF64: =3663.5+1909.25 -> 5572.75 | BG64: =SUM(BB53:BB64) -> 3 | BH64: =SUM(BF53:BF64) -> 59702.75 | BI64: =BG64*200000/(BH64+1280) -> 9.8388479 | BJ64: 1 | BU64: 240 | BV64: Roll/Burn vacuum rings
AZ65: 2024 | BA65: Feb | BB65: 0 | BC65: 0 | BD65: 1 | BE65: =SUM(BB65:BD65) -> 1 | BF65: =3704.75+1733.75 -> 5438.5 | BG65: =SUM(BB54:BB65) -> 2 | BH65: =SUM(BF54:BF65) -> 59672 | BI65: =BG65*200000/(BH65+1280) -> 6.562541 | BJ65: 1 | BU65: 245 | BV65: Cut Parts-Mixer Bridge
AZ66: 2024 | BA66: Mar | BB66: 0 | BC66: 0 | BD66: 0 | BE66: =SUM(BB66:BD66) -> 0 | BF66: =4107+1452.5 -> 5559.5 | BG66: =SUM(BB55:BB66) -> 2 | BH66: =SUM(BF55:BF66) -> 59000.75 | BI66: =BG66*200000/(BH66+1280) -> 6.6356175 | BJ66: 1 | BM66: YTD Performance | BU66: 250 | BV66: Roll Pipe-Internal Coil
AZ67: 2024 | BA67: Apr | BB67: 0 | BC67: 0 | BD67: 1 | BE67: =SUM(BB67:BD67) -> 1 | BF67: =4273.25+1237.75 -> 5511 | BG67: =SUM(BB56:BB67) -> 2 | BH67: =SUM(BF56:BF67) -> 59521 | BI67: =BG67*200000/(BH67+1280) -> 6.5788392 | BJ67: 1 | BU67: 252 | BV67: Fab Miscellaneous Parts
AZ68: 2024 | BA68: May | BB68: 0 | BC68: 0 | BD68: 1 | BE68: =SUM(BB68:BD68) -> 1 | BF68: =3747+993 -> 4740 | BG68: =SUM(BB57:BB68) -> 2 | BH68: =SUM(BF57:BF68) -> 59247.75 | BI68: =BG68*200000/(BH68+1280) -> 6.6085391 | BJ68: 1 | BM68: Total | BN68: On Time | BO68: Late | BP68: OTC % | BU68: 255 | BV68: Drill/Punch holes
AZ69: 2024 | BA69: Jun | BB69: 0 | BC69: 0 | BD69: 0 | BE69: =SUM(BB69:BD69) -> 0 | BF69: =3713.25+1098 -> 4811.25 | BG69: =SUM(BB58:BB69) -> 2 | BH69: =SUM(BF58:BF69) -> 59721.25 | BI69: =BG69*200000/(BH69+1280) -> 6.5572427 | BJ69: 1 | BM69: =BP40 -> 26 | BN69: =BN40 -> 15 | BO69: =BO40 -> 11 | BP69: =BQ40 -> 0.57692308 | BU69: 257 | BV69: Build Flanges
AZ70: 2024 | BA70: Jul | BB70: 0 | BC70: 0 | BD70: 1 | BE70: =SUM(BB70:BD70) -> 1 | BF70: =3319.75+1250.75 -> 4570.5 | BG70: =SUM(BB59:BB70) -> 1 | BH70: =SUM(BF59:BF70) -> 60442 | BI70: =BG70*200000/(BH70+1280) -> 3.2403357 | BJ70: 1 | BU70: 260 | BV70: Sandblast Parts/Plates
AZ71: 2024 | BA71: Aug | BB71: 0 | BC71: 0 | BD71: 0 | BE71: =SUM(BB71:BD71) -> 0 | BF71: =2316.75+1070.5 -> 3387.25 | BG71: =SUM(BB60:BB71)+0.005 -> 0.005 | BH71: =SUM(BF60:BF71) -> 58643.75 | BI71: =BG71*200000/(BH71+1280)+0.075 -> 0.091687874 | BJ71: 1 | BU71: 261 | BV71: Misc Fabrication
AZ72: 2024 | BA72: Sep | BB72: 0 | BC72: 1 | BD72: 0 | BE72: =SUM(BB72:BD72) -> 1 | BF72: =1908.75+1084.5 -> 2993.25 | BG72: =SUM(BB61:BB72)+0.005 -> 0.005 | BH72: =SUM(BF61:BF72) -> 57514.25 | BI72: =BG72*200000/(BH72+1280)+0.075 -> 0.092008466 | BJ72: 1 | BU72: 262 | BV72: Cut, Build Ladder Parts
AZ73: 2024 | BA73: Oct | BB73: 0 | BC73: 1 | BD73: 0 | BE73: =SUM(BB73:BD73) -> 1 | BF73: =2727.75+1453.75 -> 4181.5 | BG73: =SUM(BB62:BB73)+0.005 -> 0.005 | BH73: =SUM(BF62:BF73) -> 56292 | BI73: =BG73*200000/(BH73+1280)+0.075 -> 0.092369555 | BJ73: 1 | BU73: 265 | BV73: Form and Roll Ladder Hoop
AZ74: 2024 | BA74: Nov | BB74: 0 | BC74: 0 | BD74: 1 | BE74: =SUM(BB74:BD74) -> 1 | BF74: =2000+845.75 -> 2845.75 | BG74: =SUM(BB63:BB74)+0.005 -> 0.005 | BH74: =SUM(BF63:BF74) -> 53919.5 | BI74: =BG74*200000/(BH74+1280)+0.075 -> 0.093116106 | BJ74: 1 | BU74: 270 | BV74: Build Ladder-Weld
AZ75: 2024 | BA75: Dec | BB75: 0 | BC75: 0 | BD75: 1 | BE75: =SUM(BB75:BD75) -> 1 | BF75: =1461.5+1096 -> 2557.5 | BG75: =SUM(BB64:BB75)+0.005 -> 0.005 | BH75: =SUM(BF64:BF75) -> 52168.75 | BI75: =BG75*200000/(BH75+1280)+0.07 -> 0.088709511 | BJ75: 1 | BU75: 272 | BV75: Cut, Build Handrail Parts
AZ76: 2025 | BA76: Jan | BB76: 0 | BC76: 0 | BD76: 0 | BE76: =SUM(BB76:BD76) -> 0 | BF76: =1469.25+1451.5 -> 2920.75 | BG76: =SUM(BB65:BB76)+0.005 -> 0.005 | BH76: =SUM(BF65:BF76) -> 49516.75 | BI76: =BG76*200000/(BH76+1280)+0.07 -> 0.089686299 | BJ76: 1 | BU76: 275 | BV76: Roll Handrail Pipe
E77: 2023 Total Direct Hours | I77: 42677 | AZ77: 2025 | BA77: Feb | BB77: 0 | BC77: 0 | BD77: 0 | BE77: =SUM(BB77:BD77) -> 0 | BF77: =834.5+1860.75 -> 2695.25 | BG77: =SUM(BB66:BB77)+0.005 -> 0.005 | BH77: =SUM(BF66:BF77) -> 46773.5 | BI77: =BG77*200000/(BH77+1280)+0.07 -> 0.090810139 | BJ77: 1 | BU77: 280 | BV77: Roll Handrail Toe Plate
E78: 2023 Labor Efficiency - Full Year | I78: 0.73 | AZ78: 2025 | BA78: Mar | BB78: 0 | BC78: 0 | BD78: 0 | BE78: =SUM(BB78:BD78) -> 0 | BF78: =718.5+1881 -> 2599.5 | BG78: =SUM(BB67:BB78)+0.005 -> 0.005 | BH78: =SUM(BF67:BF78) -> 43813.5 | BI78: =BG78*200000/(BH78+1280)+0.07 -> 0.092176145 | BJ78: 1 | BU78: 282 | BV78: Build Handrail-Weld
E79: 2023 Productive Hours | I79: =I77*I78 -> 31154.21 | AZ79: 2025 | BA79: Apr | BB79: 0 | BC79: 0 | BD79: 0 | BE79: =SUM(BB79:BD79) -> 0 | BF79: =518.75+1919.25 -> 2438 | BG79: =SUM(BB68:BB79)+0.005 -> 0.005 | BH79: =SUM(BF68:BF79) -> 40740.5 | BI79: =BG79*200000/(BH79+1280)+0.05 -> 0.073797908 | BJ79: 1 | BU79: 285 | BV79: Cut, Build Platform Parts
AZ80: 2025 | BA80: May | BB80: 0 | BC80: 0 | BD80: 0 | BE80: =SUM(BB80:BD80) -> 0 | BF80: =1451.25+1154.25 -> 2605.5 | BG80: =SUM(BB69:BB80)+0.005 -> 0.005 | BH80: =SUM(BF69:BF80) -> 38606 | BI80: =BG80*200000/(BH80+1280)+0.05 -> 0.075071454 | BJ80: 1 | BU80: 290 | BV80: Burn Platform Grating
E81: Avg. Labor Efficiency - 2020 - 2022 | I81: 0.85 | AZ81: 2025 | BA81: Jun | BB81: 0 | BC81: 0 | BD81: 0 | BE81: =SUM(BB81:BD81) -> 0 | BU81: 292 | BV81: Build Platform-Weld
E82: 2023 Labor Hours @ 85% Efficiency | I82: =I79/I81 -> 36652.012 | AZ82: 2025 | BA82: Jul | BB82: 0 | BC82: 0 | BD82: 0 | BE82: =SUM(BB82:BD82) -> 0 | BU82: 295 | BV82: Mount Platform Handrail
AZ83: 2025 | BA83: Aug | BB83: 0 | BC83: 0 | BD83: 0 | BE83: =SUM(BB83:BD83) -> 0 | BU83: 300 | BV83: Wrap Top & Bottom Heads
E84: Hours Lost 73% vs. 85% Efficiency | I84: =I77-I82 -> 6024.9882 | AZ84: 2025 | BA84: Sep | BB84: 0 | BC84: 0 | BD84: 0 | BE84: =SUM(BB84:BD84) -> 0 | BU84: 305 | BV84: BI, SQ, T&C Shells
AZ85: 2025 | BA85: Oct | BB85: 0 | BC85: 0 | BD85: 0 | BE85: =SUM(BB85:BD85) -> 0 | BU85: 310 | BV85: Bevel Shell Plates
E86: Profit Lost 73% vs. 85% (@ $30 / Hr.) | I86: =I84*30 -> 180749.65 | AZ86: 2025 | BA86: Nov | BB86: 0 | BC86: 0 | BD86: 0 | BE86: =SUM(BB86:BD86) -> 0 | BU86: 315 | BV86: Roll Shell, Tack-Weld I/S
AZ87: 2025 | BA87: Dec | BB87: 0 | BC87: 0 | BD87: 0 | BE87: =SUM(BB87:BD87) -> 0 | BU87: 320 | BV87: S/U and Weld Sides
BU88: 325 | BV88: Install Body Flg-Shl W/C
BU89: 326 | BV89: Weld Body Flg Shell
BU90: 350 | BV90: Build Top Head/Cone
BU91: 355 | BV91: L/O Top, B&C Holes
BU92: 360 | BV92: Bevel Top Head
BU93: 365 | BV93: Set Nozzles in Top-Weld
BU94: 366 | BV94: Weld Nozzles - Top Head
BU95: 370 | BV95: I&W Repads -Top
AZ96: 2025 | BA96: YTD | BB96: =SUM(BB76:BB87)+0.05 -> 0.05 | BC96: =SUM(BC76:BC87)+0.05 -> 0.05 | BD96: =SUM(BD76:BD87)+0.05 -> 0.05 | BE96: =SUM(BE76:BE87)+0.05 -> 0.05 | BF96: =SUM(BF76:BF87) -> 13259 | BU96: 375 | BV96: Install Top Stiffeners
AZ97: 2024 | BA97: YTD | BB97: =SUM(BB64:BB69)+0.05 -> 0.05 | BC97: =SUM(BC64:BC69)+0.05 -> 0.05 | BD97: =SUM(BD64:BD69) -> 3 | BE97: =SUM(BE64:BE69) -> 3 | BF97: =SUM(BF64:BF66) -> 16570.75 | BG97: Update Formulas Monthly | BU97: 380 | BV97: Build Mixer Bridge
AZ98: 2023 | BA98: YTD | BB98: =SUM(BB52:BB56) -> 1 | BC98: =SUM(BC52:BC56) -> 4 | BD98: =SUM(BD52:BD56) -> 3 | BE98: =SUM(BE52:BE56) -> 8 | BF98: =SUM(BF52:BF56) -> 27094 | BU98: 382 | BV98: Install Body Flg-Top W/C
AZ99: 2022 | BA99: YTD | BB99: =SUM(BB40:BB41) -> 0 | BC99: =SUM(BC40:BC41) -> 1 | BD99: =SUM(BD40:BD41) -> 2 | BE99: =SUM(BE40:BE41) -> 3 | BF99: =SUM(BF40:BF41) -> 9716 | BU99: 383 | BV99: Weld Body Flg - Top W/C
AZ100: 2021 | BA100: YTD | BB100: =SUM(BB28:BB29) -> 0 | BC100: =SUM(BC28:BC29) -> 0 | BD100: =SUM(BD28:BD29) -> 1 | BE100: =SUM(BE28:BE29) -> 1 | BF100: =SUM(BF28:BF29) -> 6331.75 | BU100: 385 | BV100: Dye Pen Top
...

Sheet Safety
D1: Savannah Tank Safety Dashboard | S1: - | T1: =TODAY() -> 46098
B3: Year-to-Date Safety Incidents by Category | Q3: OSHA Total Reportable Incident Rate
B30: 2025 Safety Incidents by Month | Q30: Safety Improvement Action Plan
Q32: Action Item | AA32: Resp. | AC32: Timing
Q34: Hold monthly shop-wide Safety meetings | AA34: Dustin | AC34: Ongoing
Q38: Draft written safety plan and review with shop and management stakeholders | AA38: David | AC38: 45397
Q42: Continue bi-weekly saftey walks. Report findings and develop action plans to address ongoing issues | AA42: Dustin | AC42: Ongoing
Q46: Make quarterly equipment inspections (ladders, electrical cords, lifting straps, plate clamps, safety harnesses & lanyards) | AA46: Keith | AC46: Ongoing

Sheet QC Data 2026
F2: Weekly Quality Issues | K2: Rework Hours x Cause | P2: Rework Materials x Cause | U2: Rework Cost x Cause
A3: Year | B3: Week of | C3: Month | D3: Week | F3: Minor | G3: Moderate | H3: Major | I3: Total | K3: Welding | L3: Fit-Up | M3: Other | N3: Total | P3: Welding | Q3: Fit-Up | R3: Other | S3: Total | U3: Welding | V3: Fit-Up | W3: Other | X3: Total | Y3: Total | AB3: Welding | AC3: Fit-Up | AD3: Other | AE3: Total | AF3: Target
A4: 2026 | B4: 46020 | D4: 1 | F4: 0 | G4: 0 | H4: 0 | I4: =F4+G4+H4 -> 0 | K4: 0 | L4: 0 | M4: 0 | N4: =SUM(K4:M4) -> 0 | P4: 0 | Q4: 0 | R4: 0 | S4: =SUM(P4:R4) -> 0 | U4: =(K4*80)+P4 -> 0 | V4: =(L4*80)+Q4 -> 0 | W4: =(M4*80)+R4 -> 0 | X4: =SUM(U4:W4) -> 0 | Y4: 1500 | AA4: Jan | AB4: =U4+U5+U6+U7+U8 -> 4106 | AC4: =V4+V5+V6+V7+V8 -> 0 | AD4: =W4+W5+W6+W7+W8 -> 0 | AE4: =SUM(AB4:AD4) -> 4106 | AF4: 6500
A5: 2026 | B5: 46027 | D5: 2 | F5: 0 | G5: 0 | H5: 4 | I5: =F5+G5+H5 -> 4 | K5: 14 | L5: 0 | M5: 0 | N5: =SUM(K5:M5) -> 14 | P5: 0 | Q5: 0 | R5: 0 | S5: =SUM(P5:R5) -> 0 | U5: =(K5*80)+P5 -> 1120 | V5: =(L5*80)+Q5 -> 0 | W5: =(M5*80)+R5 -> 0 | X5: =SUM(U5:W5) -> 1120 | Y5: 1500 | AA5: Feb | AB5: =U9+U10+U11+U12 -> 1520 | AC5: =V9+V10+V11+V12 -> 0 | AD5: =W9+W10+W11+W12 -> 0 | AE5: =SUM(AB5:AD5) -> 1520 | AF5: 6500
A6: 2026 | B6: 46034 | C6: Jan | D6: 3 | F6: 2 | G6: 1 | H6: 1 | I6: =F6+G6+H6 -> 4 | K6: 0 | L6: 0 | M6: 0 | N6: =SUM(K6:M6) -> 0 | P6: 0 | Q6: 0 | R6: 0 | S6: =SUM(P6:R6) -> 0 | U6: =(K6*80)+P6 -> 0 | V6: =(L6*80)+Q6 -> 0 | W6: =(M6*80)+R6 -> 0 | X6: =SUM(U6:W6) -> 0 | Y6: 1500 | AA6: Mar | AB6: =U13+U14+U15+U16 -> 240 | AC6: =V13+V14+V15+V16 -> 0 | AD6: =W13+W14+W15+W16 -> 0 | AE6: =SUM(AB6:AD6) -> 240 | AF6: 6500
A7: 2026 | B7: 46041 | D7: 4 | F7: 0 | G7: 3 | H7: 2 | I7: =F7+G7+H7 -> 5 | K7: 7.5 | L7: 0 | M7: 0 | N7: =SUM(K7:M7) -> 7.5 | P7: 1626 | Q7: 0 | R7: 0 | S7: =SUM(P7:R7) -> 1626 | U7: =(K7*80)+P7 -> 2226 | V7: =(L7*80)+Q7 -> 0 | W7: =(M7*80)+R7 -> 0 | X7: =SUM(U7:W7) -> 2226 | Y7: 1500 | AA7: Apr | AB7: =U17+U18+U19+U20 -> 0 | AC7: =V17+V18+V19+V20 -> 0 | AD7: =W17+W18+W19+W20 -> 0 | AE7: =SUM(AB7:AD7) -> 0 | AF7: 6500
A8: 2026 | B8: 46048 | D8: 5 | F8: 0 | G8: 0 | H8: 0 | I8: =F8+G8+H8 -> 0 | K8: 9.5 | L8: 0 | M8: 0 | N8: =SUM(K8:M8) -> 9.5 | P8: 0 | Q8: 0 | R8: 0 | S8: =SUM(P8:R8) -> 0 | U8: =(K8*80)+P8 -> 760 | V8: =(L8*80)+Q8 -> 0 | W8: =(M8*80)+R8 -> 0 | X8: =SUM(U8:W8) -> 760 | Y8: 1500 | AA8: May | AB8: =U21+U22+U23+U24+U25 -> 0 | AC8: =V21+V22+V23+V24+V25 -> 0 | AD8: =W21+W22+W23+W24+W25 -> 0 | AE8: =SUM(AB8:AD8) -> 0 | AF8: 6500
A9: 2026 | B9: 46055 | D9: 6 | F9: 0 | G9: 0 | H9: 1 | I9: =F9+G9+H9 -> 1 | K9: 0 | L9: 0 | M9: 0 | N9: =SUM(K9:M9) -> 0 | P9: 0 | Q9: 0 | R9: 0 | S9: =SUM(P9:R9) -> 0 | U9: =(K9*80)+P9 -> 0 | V9: =(L9*80)+Q9 -> 0 | W9: =(M9*80)+R9 -> 0 | X9: =SUM(U9:W9) -> 0 | Y9: 1500 | AA9: Jun | AB9: =U26+U27+U28+U29 -> 0 | AC9: =V26+V27+V28+V29 -> 0 | AD9: =W26+W27+W28+W29 -> 0 | AE9: =SUM(AB9:AD9) -> 0 | AF9: 6500
A10: 2026 | B10: 46062 | C10: Feb | D10: 7 | F10: 0 | G10: 0 | H10: 0 | I10: =F10+G10+H10 -> 0 | K10: 9 | L10: 0 | M10: 0 | N10: =SUM(K10:M10) -> 9 | P10: 0 | Q10: 0 | R10: 0 | S10: =SUM(P10:R10) -> 0 | U10: =(K10*80)+P10 -> 720 | V10: =(L10*80)+Q10 -> 0 | W10: =(M10*80)+R10 -> 0 | X10: =SUM(U10:W10) -> 720 | Y10: 1500 | AA10: Jul | AB10: =U30+U31+U32+U33 -> 0 | AC10: =V30+V31+V32+V33 -> 0 | AD10: =W30+W31+W32+W33 -> 0 | AE10: =SUM(AB10:AD10) -> 0 | AF10: 6500
A11: 2026 | B11: 46069 | D11: 8 | F11: 0 | G11: 0 | H11: 3 | I11: =F11+G11+H11 -> 3 | K11: 0 | L11: 0 | M11: 0 | N11: =SUM(K11:M11) -> 0 | P11: 0 | Q11: 0 | R11: 0 | S11: =SUM(P11:R11) -> 0 | U11: =(K11*80)+P11 -> 0 | V11: =(L11*80)+Q11 -> 0 | W11: =(M11*80)+R11 -> 0 | X11: =SUM(U11:W11) -> 0 | Y11: 1500 | AA11: Aug | AB11: =U34+U35+U36+U37+U38 -> 0 | AC11: =V34+V35+V36+V37+V38 -> 0 | AD11: =W34+W35+W36+W37+W38 -> 0 | AE11: =SUM(AB11:AD11) -> 0 | AF11: 6500
A12: 2026 | B12: 46076 | D12: 9 | F12: 0 | G12: 0 | H12: 1 | I12: =F12+G12+H12 -> 1 | K12: 10 | L12: 0 | M12: 0 | N12: =SUM(K12:M12) -> 10 | P12: 0 | Q12: 0 | R12: 0 | S12: =SUM(P12:R12) -> 0 | U12: =(K12*80)+P12 -> 800 | V12: =(L12*80)+Q12 -> 0 | W12: =(M12*80)+R12 -> 0 | X12: =SUM(U12:W12) -> 800 | Y12: 1500 | AA12: Sep | AB12: =U39+U40+U41+U42 -> 0 | AC12: =V39+V40+V41+V42 -> 0 | AD12: =W39+W40+W41+W42 -> 0 | AE12: =SUM(AB12:AD12) -> 0 | AF12: 6500
A13: 2026 | B13: 46083 | D13: 10 | F13: 0 | G13: 0 | H13: 0 | I13: =F13+G13+H13 -> 0 | K13: 0 | L13: 0 | M13: 0 | N13: =SUM(K13:M13) -> 0 | P13: 0 | Q13: 0 | R13: 0 | S13: =SUM(P13:R13) -> 0 | U13: =(K13*80)+P13 -> 0 | V13: =(L13*80)+Q13 -> 0 | W13: =(M13*80)+R13 -> 0 | X13: =SUM(U13:W13) -> 0 | Y13: 1500 | AA13: Oct | AB13: =U43+U44+U45+U46 -> 0 | AC13: =V43+V44+V45+V46 -> 0 | AD13: =W43+W44+W45+W46 -> 0 | AE13: =SUM(AB13:AD13) -> 0 | AF13: 6500
A14: 2026 | B14: 46090 | C14: Mar | D14: 11 | F14: 0 | G14: 0 | H14: 0 | I14: =F14+G14+H14 -> 0 | K14: 3 | L14: 0 | M14: 0 | N14: =SUM(K14:M14) -> 3 | P14: 0 | Q14: 0 | R14: 0 | S14: =SUM(P14:R14) -> 0 | U14: =(K14*80)+P14 -> 240 | V14: =(L14*80)+Q14 -> 0 | W14: =(M14*80)+R14 -> 0 | X14: =SUM(U14:W14) -> 240 | Y14: 1500 | AA14: Nov | AB14: =U47+U48+U49+U50+U51 -> 0 | AC14: =V47+V48+V49+V50+V51 -> 0 | AD14: =W47+W48+W49+W50+W51 -> 0 | AE14: =SUM(AB14:AD14) -> 0 | AF14: 6500
A15: 2026 | B15: 46097 | D15: 12 | I15: =F15+G15+H15 -> 0 | N15: =SUM(K15:M15) -> 0 | P15: 0 | Q15: 0 | R15: 0 | S15: =SUM(P15:R15) -> 0 | Y15: 1500 | AA15: Dec | AB15: =U52+U53+U54+U55 -> 0 | AC15: =V52+V53+V54+V55 -> 0 | AD15: =W52+W53+W54+W55 -> 0 | AE15: =SUM(AB15:AD15) -> 0 | AF15: 6500
A16: 2026 | B16: 46104 | D16: 13 | I16: =F16+G16+H16 -> 0 | N16: =SUM(K16:M16) -> 0 | P16: 0 | Q16: 0 | R16: 0 | S16: =SUM(P16:R16) -> 0 | Y16: 1500
A17: 2026 | B17: 46111 | D17: 14 | I17: =F17+G17+H17 -> 0 | N17: =SUM(K17:M17) -> 0 | P17: 0 | Q17: 0 | R17: 0 | S17: =SUM(P17:R17) -> 0 | Y17: 1500
A18: 2026 | B18: 46118 | D18: 15 | I18: =F18+G18+H18 -> 0 | N18: =SUM(K18:M18) -> 0 | P18: 0 | Q18: 0 | R18: 0 | S18: =SUM(P18:R18) -> 0 | Y18: 1500
A19: 2026 | B19: 46125 | C19: Apr | D19: 16 | I19: =F19+G19+H19 -> 0 | N19: =SUM(K19:M19) -> 0 | P19: 0 | Q19: 0 | R19: 0 | S19: =SUM(P19:R19) -> 0 | Y19: 1500
A20: 2026 | B20: 46132 | D20: 17 | I20: =F20+G20+H20 -> 0 | N20: =SUM(K20:M20) -> 0 | P20: 0 | Q20: 0 | R20: 0 | S20: =SUM(P20:R20) -> 0 | Y20: 1500
A21: 2026 | B21: 46139 | D21: 18 | I21: =F21+G21+H21 -> 0 | N21: =SUM(K21:M21) -> 0 | P21: 0 | Q21: 0 | R21: 0 | S21: =SUM(P21:R21) -> 0 | Y21: 1500
A22: 2026 | B22: 46146 | D22: 19 | I22: =F22+G22+H22 -> 0 | N22: =SUM(K22:M22) -> 0 | P22: 0 | Q22: 0 | R22: 0 | S22: =SUM(P22:R22) -> 0 | Y22: 1500
A23: 2026 | B23: 46153 | C23: May | D23: 20 | I23: =F23+G23+H23 -> 0 | N23: =SUM(K23:M23) -> 0 | P23: 0 | Q23: 0 | R23: 0 | S23: =SUM(P23:R23) -> 0 | Y23: 1500
A24: 2026 | B24: 46160 | D24: 21 | I24: =F24+G24+H24 -> 0 | N24: =SUM(K24:M24) -> 0 | P24: 0 | Q24: 0 | R24: 0 | S24: =SUM(P24:R24) -> 0 | Y24: 1500
A25: 2026 | B25: 46169 | D25: 22 | I25: =F25+G25+H25 -> 0 | N25: =SUM(K25:M25) -> 0 | P25: 0 | Q25: 0 | R25: 0 | S25: =SUM(P25:R25) -> 0 | Y25: 1500
A26: 2026 | B26: 46174 | D26: 23 | I26: =F26+G26+H26 -> 0 | N26: =SUM(K26:M26) -> 0 | P26: 0 | Q26: 0 | R26: 0 | S26: =SUM(P26:R26) -> 0 | Y26: 1500
A27: 2026 | B27: 46181 | C27: Jun | D27: 24 | I27: =F27+G27+H27 -> 0 | N27: =SUM(K27:M27) -> 0 | P27: 0 | Q27: 0 | R27: 0 | S27: =SUM(P27:R27) -> 0 | Y27: 1500
A28: 2026 | B28: 46190 | D28: 25 | I28: =F28+G28+H28 -> 0 | N28: =SUM(K28:M28) -> 0 | P28: 0 | Q28: 0 | R28: 0 | S28: =SUM(P28:R28) -> 0 | Y28: 1500
A29: 2026 | B29: 46195 | D29: 26 | I29: =F29+G29+H29 -> 0 | N29: =SUM(K29:M29) -> 0 | P29: 0 | Q29: 0 | R29: 0 | S29: =SUM(P29:R29) -> 0 | Y29: 1500
A30: 2026 | B30: 46202 | D30: 27 | I30: =F30+G30+H30 -> 0 | N30: =SUM(K30:M30) -> 0 | P30: 0 | Q30: 0 | R30: 0 | S30: =SUM(P30:R30) -> 0 | Y30: 1500
A31: 2026 | B31: 46209 | D31: 28 | I31: =F31+G31+H31 -> 0 | N31: =SUM(K31:M31) -> 0 | P31: 0 | Q31: 0 | R31: 0 | S31: =SUM(P31:R31) -> 0 | Y31: 1500
A32: 2026 | B32: 46216 | C32: Jul | D32: 29 | I32: =F32+G32+H32 -> 0 | N32: =SUM(K32:M32) -> 0 | P32: 0 | Q32: 0 | R32: 0 | S32: =SUM(P32:R32) -> 0 | Y32: 1500
A33: 2026 | B33: 46223 | D33: 30 | I33: =F33+G33+H33 -> 0 | N33: =SUM(K33:M33) -> 0 | P33: 0 | Q33: 0 | R33: 0 | S33: =SUM(P33:R33) -> 0 | Y33: 1500
A34: 2026 | B34: 46230 | D34: 31 | I34: =F34+G34+H34 -> 0 | N34: =SUM(K34:M34) -> 0 | P34: 0 | Q34: 0 | R34: 0 | S34: =SUM(P34:R34) -> 0 | Y34: 1500
A35: 2026 | B35: 46237 | D35: 32 | I35: =F35+G35+H35 -> 0 | N35: =SUM(K35:M35) -> 0 | P35: 0 | Q35: 0 | R35: 0 | S35: =SUM(P35:R35) -> 0 | Y35: 1500
A36: 2026 | B36: 46244 | C36: Aug | D36: 33 | I36: =F36+G36+H36 -> 0 | N36: =SUM(K36:M36) -> 0 | P36: 0 | Q36: 0 | R36: 0 | S36: =SUM(P36:R36) -> 0 | Y36: 1500
A37: 2026 | B37: 46251 | D37: 34 | I37: =F37+G37+H37 -> 0 | N37: =SUM(K37:M37) -> 0 | P37: 0 | Q37: 0 | R37: 0 | S37: =SUM(P37:R37) -> 0 | Y37: 1500
A38: 2026 | B38: 46258 | D38: 35 | I38: =F38+G38+H38 -> 0 | N38: =SUM(K38:M38) -> 0 | P38: 0 | Q38: 0 | R38: 0 | S38: =SUM(P38:R38) -> 0 | Y38: 1500
A39: 2026 | B39: 46265 | D39: 36 | I39: =F39+G39+H39 -> 0 | N39: =SUM(K39:M39) -> 0 | P39: 0 | Q39: 0 | R39: 0 | S39: =SUM(P39:R39) -> 0 | Y39: 1500
A40: 2026 | B40: 46272 | C40: Sep | D40: 37 | I40: =F40+G40+H40 -> 0 | N40: =SUM(K40:M40) -> 0 | P40: 0 | Q40: 0 | R40: 0 | S40: =SUM(P40:R40) -> 0 | Y40: 1500
A41: 2026 | B41: 46279 | D41: 38 | I41: =F41+G41+H41 -> 0 | N41: =SUM(K41:M41) -> 0 | P41: 0 | Q41: 0 | R41: 0 | S41: =SUM(P41:R41) -> 0 | Y41: 1500
A42: 2026 | B42: 46286 | D42: 39 | I42: =F42+G42+H42 -> 0 | N42: =SUM(K42:M42) -> 0 | P42: 0 | Q42: 0 | R42: 0 | S42: =SUM(P42:R42) -> 0 | Y42: 1500
A43: 2026 | B43: 46293 | D43: 40 | I43: =F43+G43+H43 -> 0 | N43: =SUM(K43:M43) -> 0 | P43: 0 | Q43: 0 | R43: 0 | S43: =SUM(P43:R43) -> 0 | Y43: 1500
A44: 2026 | B44: 46300 | D44: 41 | I44: =F44+G44+H44 -> 0 | N44: =SUM(K44:M44) -> 0 | P44: 0 | Q44: 0 | R44: 0 | S44: =SUM(P44:R44) -> 0 | Y44: 1500
A45: 2026 | B45: 46307 | C45: Oct | D45: 42 | I45: =F45+G45+H45 -> 0 | N45: =SUM(K45:M45) -> 0 | P45: 0 | Q45: 0 | R45: 0 | S45: =SUM(P45:R45) -> 0 | Y45: 1500
A46: 2026 | B46: 46314 | D46: 43 | I46: =F46+G46+H46 -> 0 | N46: =SUM(K46:M46) -> 0 | P46: 0 | Q46: 0 | R46: 0 | S46: =SUM(P46:R46) -> 0 | Y46: 1500
A47: 2026 | B47: 46321 | D47: 44 | I47: =F47+G47+H47 -> 0 | N47: =SUM(K47:M47) -> 0 | P47: 0 | Q47: 0 | R47: 0 | S47: =SUM(P47:R47) -> 0 | Y47: 1500
A48: 2026 | B48: 46328 | D48: 45 | I48: =F48+G48+H48 -> 0 | N48: =SUM(K48:M48) -> 0 | P48: 0 | Q48: 0 | R48: 0 | S48: =SUM(P48:R48) -> 0 | Y48: 1500
A49: 2026 | B49: 46335 | C49: Nov | D49: 46 | I49: =F49+G49+H49 -> 0 | N49: =SUM(K49:M49) -> 0 | P49: 0 | Q49: 0 | R49: 0 | S49: =SUM(P49:R49) -> 0 | Y49: 1500
A50: 2026 | B50: 46342 | D50: 47 | I50: =F50+G50+H50 -> 0 | N50: =SUM(K50:M50) -> 0 | P50: 0 | Q50: 0 | R50: 0 | S50: =SUM(P50:R50) -> 0 | Y50: 1500
A51: 2026 | B51: 46349 | D51: 48 | I51: =F51+G51+H51 -> 0 | N51: =SUM(K51:M51) -> 0 | P51: 0 | Q51: 0 | R51: 0 | S51: =SUM(P51:R51) -> 0 | Y51: 1500
A52: 2026 | B52: 46356 | D52: 49 | I52: =F52+G52+H52 -> 0 | N52: =SUM(K52:M52) -> 0 | P52: 0 | Q52: 0 | R52: 0 | S52: =SUM(P52:R52) -> 0 | Y52: 1500
A53: 2026 | B53: 46363 | C53: Dec | D53: 50 | I53: =F53+G53+H53 -> 0 | N53: =SUM(K53:M53) -> 0 | P53: 0 | Q53: 0 | R53: 0 | S53: =SUM(P53:R53) -> 0 | Y53: 1500
A54: 2026 | B54: 46370 | D54: 51 | I54: =F54+G54+H54 -> 0 | N54: =SUM(K54:M54) -> 0 | P54: 0 | Q54: 0 | R54: 0 | S54: =SUM(P54:R54) -> 0 | Y54: 1500
A55: 2026 | B55: 46377 | D55: 52 | I55: =F55+G55+H55 -> 0 | N55: =SUM(K55:M55) -> 0 | P55: 0 | Q55: 0 | R55: 0 | S55: =SUM(P55:R55) -> 0 | Y55: 1500
A56: 2026 | B56: 46384 | I56: =F56+G56+H56 -> 0 | N56: =SUM(K56:M56) -> 0 | P56: 0 | Q56: 0 | R56: 0 | S56: =SUM(P56:R56) -> 0 | Y56: 1500
E57: Total | F57: =SUM(F4:F55) -> 2 | G57: =SUM(G4:G55) -> 4 | H57: =SUM(H4:H55) -> 12 | I57: =SUM(I4:I55) -> 18 | K57: =SUM(K4:K55) -> 53 | L57: =SUM(L4:L55) -> 0 | M57: =SUM(M4:M55) -> 0 | N57: =SUM(N4:N55) -> 53 | U57: =SUM(U4:U55) -> 5866 | V57: =SUM(V4:V55) -> 0 | W57: =SUM(W4:W55) -> 0 | X57: =SUM(X4:X55) -> 5866 | Y57: =SUM(Y4:Y55) -> 78000
U60: Green | V60: 1.4 | X60: Value | Y60: =X57/'2025 Data'!AA57 -> 0.24398715
U61: Yellow | V61: 0.35 | X61: Pointer | Y61: 0.1
U62: Red | V62: 2.25 | X62: End | Y62: =(V63*2)-Y60 -> 7.7560129
U63: Invisible | V63: 4

Sheet 2026 QC 1
F1: Savannah Tank Quality Dashboard | M1: - | N1: =TODAY() -> 46098
B3: Quality Defects x Severity - 2025 Year-to-Date | N3: Quality Defects / Week: MAJOR
N21: (Lack of Fusion, Lack of Penetration, Cracks, Not per Design, NDE failures, Customer Complaints, etc.)
B23: Quality Defects / Week: MODERATE | N23: Quality Defects / Week: MINOR
B41: (Undercut, Underfill, Worm Tracks, Cluster Porosity, Pin Holes, Undersized Welds, Deep Cuts, etc) | N41: (Degree Punch Marks, Spatter, Tacks not Removed, Excessive Reinforcement, Arc Strikes, Overlap, etc)

Sheet 2026 QC 2
F1: Savannah Tank Quality Dashboard | M1: - | N1: =TODAY() -> 46098
B3: Rework Cost by Week - 2026 | N3: Total Cost of Rework Per Hour - 2026 Year-to-Date
B23: Cost of Rework by Cause - 2026 | G23: Year-to-Date Cost of Rework: | J23: ='QC Data 2026'!$X$57 -> 5866 | N23: Quality Improvement Action Plan
N25: Action Item | U25: Responsible | W25: Timing
N26: Draft 2025 Quality Improvement action plan | U26: John | W26: 45689
N29: Inspect, repair or update all subarc tractors | U29: Dustin / Keith | W29: 45735

Sheet 2024 Dashboard
D1: Savannah Tank Operations Dashboard | S1: - | T1: =TODAY() -> 46098
B3: 2024 Labor Efficiency - Shop Total | Q3: 2024 Rework Hours - Cumulative Total
C30: Last Week | E30: ='2024 Data'!J55 -> 0.93 | G30: 4-Week Avg. | J30: ='2024 Data'!L55 -> 0.825 | L30: 8-Week Avg. | N30: ='2024 Data'!M55 -> 0.9225 | R30: YTD Actual | T30: ='2024 Data'!AS17 -> 694.26 | V30: YTD Max. Target | Y30: ='2024 Data'!AV15 -> 600 | AA30: Difference | AC30: =T30-Y30 -> 94.26
AM31: Overhead Speedometer Graph
AM34: Chart Parameters
B35: Operations Improvement Action Plan | AM35: Green | AN35: 20 | AP35: value | AQ35: 0.28
AM36: Yellow | AN36: 5 | AP36: pointer | AQ36: 0.01
B37: Action Item | L37: Resp. | N37: Timing | AM37: Red | AN37: 20 | AP37: end | AQ37: =0.99-AQ35-AQ36 -> 0.7
AM38: Invisible | AN38: 45
B39: Use and maintain centralized work boards to communicate and track daily work assignments | L39: Dustin | N39: Ongoing
B43: Document SAW parameters and procedures (set-up & operation) for use on floor, inside tank & outside tank. Hold training & make video. | L43: Dustin | N43: 45471 | AM43: Direct | AN43: 42699 | AO43: =AN43/AN45 -> 0.71709996
AM44: Indirect | AN44: 16845 | AO44: =AN44/AN45 -> 0.28290004
AM45: Total | AN45: =SUM(AN43:AN44) -> 59544
B47: Hold process improvement event(s) in support of Testing and Cleaning operations | L47: Dustin | N47: 45471
B51: Make new outriggers and / or under shell alignment wheels with hydraulic actuation to push shells into position during fit-up | L51: Dustin / Sammy | N51: 45504
B55: Make in-house training modules / videos (sub-arc welding, rim angle fit-up, etc.) | L55: Dustin | N55: 45596

Sheet 2024 Data
AZ1: Safety Data
F2: Weekly Labor Efficiency x Department | L2: Rolling Avg. Labor Efficiency | Q2: Labor Efficiency - Rolling 4 Weeks | W2: Labor Efficiency | AA2: Overhead Analysis | AF2: Overhead Analysis - Running Total | AK2: Rework Analysis | AR2: Rework x Month | BF2: Total | BG2: Rolling 12 Mos. | BL2: On Time Completion
A3: Year | B3: Week of | C3: Month | D3: Week | F3: Finishing | G3: Fit | H3: Pre-Fab | I3: Shipping | J3: Total | L3: 4 Weeks | M3: 8 Weeks | N3: 2023 Avg. | O3: Target | Q3: Finishing | R3: Fit | S3: Pre-Fab | T3: Shipping | U3: Total | W3: Month | X3: Act. | Y3: Target | AA3: Direct | AB3: Overhead | AC3: Total | AD3: OH % Total | AF3: Direct | AG3: Overhead | AH3: Total | AI3: OH % Total | AK3: Rework | AL3: % Direct | AM3: Run Tot. | AN3: % Direct | AO3: Max | AP3: Max Tot. | AR3: Month | AS3: Act. | AT3: Max Target | AU3: YTD Act. | BA3: Month | BB3: OSHA | BC3: First Aid | BD3: Near Miss | BE3: Total | BF3: Hours | BG3: OSHA | BH3: Hours | BI3: TCIR | BJ3: Target | BM3: Month | BN3: On Time | BO3: Late | BP3: Total | BQ3: % On Time | BR3: Goal | BU3: Oper | BV3: Est Hrs | BW3: Adj Est Hrs | BX3: Act Hrs | BY3: Eff % | BZ3: Hrs Lost
A4: 2024 | B4: 45292 | D4: 1 | F4: 0.48 | G4: 0.69 | H4: 0.81 | I4: 0.5 | J4: 0.68 | N4: 0.73 | O4: 0.95 | W4: Jan | Y4: 0.95 | AA4: 715.75 | AB4: 245.5 | AC4: =AA4+AB4 -> 961.25 | AD4: =AB4/AC4 -> 0.25539662 | AF4: =AA4 -> 715.75 | AG4: =AB4 -> 245.5 | AH4: =SUM(AF4:AG4) -> 961.25 | AI4: =AG4/AH4 -> 0.25539662 | AK4: ='QC Data 2024'!N4 -> 12 | AL4: =AK4/AA4 -> 0.01676563 | AM4: =AK4 -> 12 | AN4: =AM4/AF4 -> 0.01676563 | AO4: 15 | AP4: =AO4 -> 15 | AR4: Jan | AS4: =AK4+AK5+AK6+AK7 -> 118.5 | AT4: 50 | AU4: =AS4 -> 118.5 | AV4: =AT4 -> 50 | AZ4: 2019 | BA4: Jan | BB4: 0 | BC4: 0 | BD4: 2 | BE4: =SUM(BB4:BD4) -> 2 | BF4: =3316.25+296 -> 3612.25 | BI4: 17.261561 | BL4: 2020 | BM4: Jan | BN4: 8 | BO4: 0 | BP4: =BN4+BO4 -> 8 | BQ4: =BN4/BP4 -> 1 | BR4: 0.95 | BU4: 645 | BV4: =VLOOKUP(BU4,Operation,2) -> Weld all Outside Seams | BW4: 942.98292 | BX4: 1390 | BY4: =BW4/BX4 -> 0.67840498 | BZ4: =BX4-BW4 -> 447.01708
A5: 2024 | B5: 45299 | D5: 2 | F5: 0.58 | G5: 0.85 | H5: 0.77 | I5: 1 | J5: 0.78 | N5: 0.73 | O5: 0.95 | W5: Feb | Y5: 0.95 | AA5: 862.5 | AB5: 395.5 | AC5: =AA5+AB5 -> 1258 | AD5: =AB5/AC5 -> 0.31438792 | AF5: =AF4+AA5 -> 1578.25 | AG5: =AG4+AB5 -> 641 | AH5: =AH4+AC5 -> 2219.25 | AI5: =AG5/AH5 -> 0.28883632 | AK5: ='QC Data 2024'!N5 -> 36.5 | AL5: =AK5/AA5 -> 0.042318841 | AM5: =AM4+AK5 -> 48.5 | AN5: =AM5/AF5 -> 0.030730239 | AO5: 15 | AP5: =AP4+AO5 -> 30 | AR5: Feb | AS5: =AK8+AK9+AK10+AK11 -> 92.5 | AT5: 50 | AU5: =AU4+AS5 -> 211 | AV5: =AV4+AT5 -> 100 | AZ5: 2019 | BA5: Feb | BB5: 0 | BC5: 0 | BD5: 2 | BE5: =SUM(BB5:BD5) -> 2 | BF5: 2897.5 | BI5: 12.967646 | BL5: 2020 | BM5: Feb | BN5: 2 | BO5: 2 | BP5: =BN5+BO5 -> 4 | BQ5: =BN5/BP5 -> 0.5 | BR5: 0.95 | BU5: 605 | BV5: =VLOOKUP(BU5,Operation,2) -> Tack Shell Courses | BW5: 558 | BX5: 994.5 | BY5: =BW5/BX5 -> 0.56108597 | BZ5: =BX5-BW5 -> 436.5
A6: 2024 | B6: 45306 | C6: Jan | D6: 3 | F6: 0.61 | G6: 0.67 | H6: 0.81 | I6: 1 | J6: 0.72 | N6: 0.73 | O6: 0.95 | W6: Mar | Y6: 0.95 | AA6: 750.75 | AB6: 438.25 | AC6: =AA6+AB6 -> 1189 | AD6: =AB6/AC6 -> 0.36858705 | AF6: =AF5+AA6 -> 2329 | AG6: =AG5+AB6 -> 1079.25 | AH6: =AH5+AC6 -> 3408.25 | AI6: =AG6/AH6 -> 0.31665811 | AK6: ='QC Data 2024'!N6 -> 21 | AL6: =AK6/AA6 -> 0.027972028 | AM6: =AM5+AK6 -> 69.5 | AN6: =AM6/AF6 -> 0.029841134 | AO6: 15 | AP6: =AP5+AO6 -> 45 | AR6: Mar | AS6: =AK12+AK13+AK14+AK15+AK16 -> 42.25 | AT6: 50 | AU6: =AU5+AS6 -> 253.25 | AV6: =AV5+AT6 -> 150 | AZ6: 2019 | BA6: Mar | BB6: 0 | BC6: 0 | BD6: 1 | BE6: =SUM(BB6:BD6) -> 1 | BF6: =3051.25+76.75 -> 3128 | BI6: 8.5594911 | BL6: 2020 | BM6: Mar | BN6: 12 | BO6: 2 | BP6: =BN6+BO6 -> 14 | BQ6: =BN6/BP6 -> 0.85714286 | BR6: 0.95 | BU6: 630 | BV6: =VLOOKUP(BU6,Operation,2) -> Install Internal Parts | BW6: 479.33818 | BX6: 808 | BY6: =BW6/BX6 -> 0.59324032 | BZ6: =BX6-BW6 -> 328.66182
A7: 2024 | B7: 45313 | D7: 4 | F7: 0.57 | G7: 0.7 | H7: 0.92 | I7: 1.24 | J7: 0.78 | L7: =AVERAGE(J4:J7) -> 0.74 | N7: 0.73 | O7: 0.95 | W7: Apr | Y7: 0.95 | AA7: 782.5 | AB7: 444.25 | AC7: =AA7+AB7 -> 1226.75 | AD7: =AB7/AC7 -> 0.36213572 | AF7: =AF6+AA7 -> 3111.5 | AG7: =AG6+AB7 -> 1523.5 | AH7: =AH6+AC7 -> 4635 | AI7: =AG7/AH7 -> 0.32869471 | AK7: ='QC Data 2024'!N7 -> 49 | AL7: =AK7/AA7 -> 0.062619808 | AM7: =AM6+AK7 -> 118.5 | AN7: =AM7/AF7 -> 0.038084525 | AO7: 15 | AP7: =AP6+AO7 -> 60 | AR7: Apr | AS7: =AK17+AK18+AK19+AK20 -> 69.5 | AT7: 50 | AU7: =AU6+AS7 -> 322.75 | AV7: =AV6+AT7 -> 200 | AZ7: 2019 | BA7: Apr | BB7: 0 | BC7: 0 | BD7: 1 | BE7: =SUM(BB7:BD7) -> 1 | BF7: =3140+641.25 -> 3781.25 | BI7: 8.4889643 | BL7: 2020 | BM7: Apr | BN7: 11 | BO7: 1 | BP7: =BN7+BO7 -> 12 | BQ7: =BN7/BP7 -> 0.91666667 | BR7: 0.95 | BU7: 305 | BV7: =VLOOKUP(BU7,Operation,2) -> BI, SQ, T&C Shells | BW7: 971.16692 | BX7: 1271 | BY7: =BW7/BX7 -> 0.76409671 | BZ7: =BX7-BW7 -> 299.83308
A8: 2024 | B8: 45320 | D8: 5 | F8: 0.63 | G8: 0.6 | H8: 0.89 | I8: 0.66 | J8: 0.69 | L8: =AVERAGE(J5:J8) -> 0.7425 | N8: 0.73 | O8: 0.95 | W8: May | Y8: 0.95 | AA8: 881 | AB8: 514 | AC8: =AA8+AB8 -> 1395 | AD8: =AB8/AC8 -> 0.36845878 | AF8: =AF7+AA8 -> 3992.5 | AG8: =AG7+AB8 -> 2037.5 | AH8: =AH7+AC8 -> 6030 | AI8: =AG8/AH8 -> 0.33789386 | AK8: ='QC Data 2024'!N8 -> 38.5 | AL8: =AK8/AA8 -> 0.043700341 | AM8: =AM7+AK8 -> 157 | AN8: =AM8/AF8 -> 0.039323732 | AO8: 15 | AP8: =AP7+AO8 -> 75 | AR8: May | AS8: =AK21+AK22+AK23+AK24 -> 19.75 | AT8: 50 | AU8: =AU7+AS8 -> 342.5 | AV8: =AV7+AT8 -> 250 | AZ8: 2019 | BA8: May | BB8: 0 | BC8: 1 | BD8: 0 | BE8: =SUM(BB8:BD8) -> 1 | BF8: =3438.75+443.5 -> 3882.25 | BI8: 8.5776627 | BL8: 2020 | BM8: May | BN8: 16 | BO8: 5 | BP8: =BN8+BO8 -> 21 | BQ8: =BN8/BP8 -> 0.76190476 | BR8: 0.95 | BU8: 800 | BV8: =VLOOKUP(BU8,Operation,2) -> Move Tank to Detail Rolls | BW8: 164.14545 | BX8: 461.5 | BY8: =BW8/BX8 -> 0.35567812 | BZ8: =BX8-BW8 -> 297.35455
A9: 2024 | B9: 45327 | D9: 6 | F9: 0.77 | G9: 0.73 | H9: 0.87 | I9: 1 | J9: 0.78 | L9: =AVERAGE(J6:J9) -> 0.7425 | N9: 0.73 | O9: 0.95 | W9: Jun | Y9: 0.95 | AA9: 879.25 | AB9: 431 | AC9: =AA9+AB9 -> 1310.25 | AD9: =AB9/AC9 -> 0.32894486 | AF9: =AF8+AA9 -> 4871.75 | AG9: =AG8+AB9 -> 2468.5 | AH9: =AH8+AC9 -> 7340.25 | AI9: =AG9/AH9 -> 0.33629645 | AK9: ='QC Data 2024'!N9 -> 9 | AL9: =AK9/AA9 -> 0.010235997 | AM9: =AM8+AK9 -> 166 | AN9: =AM9/AF9 -> 0.034073998 | AO9: 15 | AP9: =AP8+AO9 -> 90 | AR9: Jun | AS9: =AK25+AK26+AK27+AK28+AK29 -> 38.01 | AT9: 50 | AU9: =AU8+AS9 -> 380.51 | AV9: =AV8+AT9 -> 300 | AZ9: 2019 | BA9: Jun | BB9: 1 | BC9: 1 | BD9: 0 | BE9: =SUM(BB9:BD9) -> 2 | BF9: =3275+554.5 -> 3829.5 | BI9: 8.7407335 | BL9: 2020 | BM9: Jun | BN9: 10 | BO9: 0 | BP9: =BN9+BO9 -> 10 | BQ9: =BN9/BP9 -> 1 | BR9: 0.95 | BU9: 155 | BV9: =VLOOKUP(BU9,Operation,2) -> B&C parts-lugs, supp, etc | BW9: 769.92174 | BX9: 1061 | BY9: =BW9/BX9 -> 0.72565668 | BZ9: =BX9-BW9 -> 291.07826
A10: 2024 | B10: 45334 | C10: Feb | D10: 7 | F10: 0.91 | G10: 0.68 | H10: 0.85 | I10: 0.82 | J10: 0.78 | L10: =AVERAGE(J7:J10) -> 0.7575 | N10: 0.73 | O10: 0.95 | W10: Jul | Y10: 0.95 | AA10: 918.5 | AB10: 353.75 | AC10: =AA10+AB10 -> 1272.25 | AD10: =AB10/AC10 -> 0.2780507 | AF10: =AF9+AA10 -> 5790.25 | AG10: =AG9+AB10 -> 2822.25 | AH10: =AH9+AC10 -> 8612.5 | AI10: =AG10/AH10 -> 0.32769231 | AK10: ='QC Data 2024'!N10 -> 21 | AL10: =AK10/AA10 -> 0.022863364 | AM10: =AM9+AK10 -> 187 | AN10: =AM10/AF10 -> 0.032295669 | AO10: 15 | AP10: =AP9+AO10 -> 105 | AR10: Jul | AS10: =AK30+AK31+AK32+AK33 -> 43.5 | AT10: 50 | AU10: =AU9+AS10 -> 424.01 | AV10: =AV9+AT10 -> 350 | AZ10: 2019 | BA10: Jul | BB10: 0 | BC10: 0 | BD10: 1 | BE10: =SUM(BB10:BD10) -> 1 | BF10: =3731.5+544 -> 4275.5 | BI10: 8.8880988 | BL10: 2020 | BM10: Jul | BN10: 9 | BO10: 2 | BP10: =BN10+BO10 -> 11 | BQ10: =BN10/BP10 -> 0.81818182 | BR10: 0.95 | BU10: 600 | BV10: =VLOOKUP(BU10,Operation,2) -> Fit Bottom Head to Shell | BW10: 732.67698 | BX10: 1012 | BY10: =BW10/BX10 -> 0.72398911 | BZ10: =BX10-BW10 -> 279.32302
A11: 2024 | B11: 45341 | D11: 8 | F11: 0.94 | G11: 0.75 | H11: 0.86 | I11: 1.38 | J11: 0.81 | L11: =AVERAGE(J8:J11) -> 0.765 | M11: =AVERAGE(J4:J11) -> 0.7525 | N11: 0.73 | O11: 0.95 | W11: Aug | Y11: 0.95 | AA11: 813.5 | AB11: 444.5 | AC11: =AA11+AB11 -> 1258 | AD11: =AB11/AC11 -> 0.35333863 | AF11: =AF10+AA11 -> 6603.75 | AG11: =AG10+AB11 -> 3266.75 | AH11: =AH10+AC11 -> 9870.5 | AI11: =AG11/AH11 -> 0.33096094 | AK11: ='QC Data 2024'!N11 -> 24 | AL11: =AK11/AA11 -> 0.029502151 | AM11: =AM10+AK11 -> 211 | AN11: =AM11/AF11 -> 0.031951543 | AO11: 15 | AP11: =AP10+AO11 -> 120 | AR11: Aug | AS11: =AK34+AK35+AK36+AK37 -> 24 | AT11: 50 | AU11: =AU10+AS11 -> 448.01 | AV11: =AV10+AT11 -> 400 | AZ11: 2019 | BA11: Aug | BB11: 0 | BC11: 0 | BD11: 0 | BE11: =SUM(BB11:BD11) -> 0 | BF11: =3976.75+580 -> 4556.75 | BI11: 9.0443512 | BL11: 2020 | BM11: Aug | BN11: 6 | BO11: 4 | BP11: =BN11+BO11 -> 10 | BQ11: =BN11/BP11 -> 0.6 | BR11: 0.95 | BU11: 726 | BV11: =VLOOKUP(BU11,Operation,2) -> Weld Shell Nozz & M/Ws | BW11: 974.8 | BX11: 1225.25 | BY11: =BW11/BX11 -> 0.79559274 | BZ11: =BX11-BW11 -> 250.45
A12: 2024 | B12: 45348 | D12: 9 | F12: 0.89 | G12: 0.83 | H12: 0.83 | I12: 0.98 | J12: 0.84 | L12: =AVERAGE(J9:J12) -> 0.8025 | M12: =AVERAGE(J5:J12) -> 0.7725 | N12: 0.73 | O12: 0.95 | W12: Sep | Y12: 0.95 | AA12: 947 | AB12: 369 | AC12: =AA12+AB12 -> 1316 | AD12: =AB12/AC12 -> 0.28039514 | AF12: =AF11+AA12 -> 7550.75 | AG12: =AG11+AB12 -> 3635.75 | AH12: =AH11+AC12 -> 11186.5 | AI12: =AG12/AH12 -> 0.32501229 | AK12: ='QC Data 2024'!N12 -> 5 | AL12: =AK12/AA12 -> 0.005279831 | AM12: =AM11+AK12 -> 216 | AN12: =AM12/AF12 -> 0.02860643 | AO12: 15 | AP12: =AP11+AO12 -> 135 | AR12: Sep | AS12: =AK38+AK39+AK40+AK41+AK42 -> 83 | AT12: 50 | AU12: =AU11+AS12 -> 531.01 | AV12: =AV11+AT12 -> 450 | AZ12: 2019 | BA12: Sep | BB12: 0 | BC12: 0 | BD12: 0 | BE12: =SUM(BB12:BD12) -> 0 | BF12: =3393.75+819.75 -> 4213.5 | BI12: 4.6222469 | BL12: 2020 | BM12: Sep | BN12: 5 | BO12: 0 | BP12: =BN12+BO12 -> 5 | BQ12: =BN12/BP12 -> 1 | BR12: 0.95 | BU12: 105 | BV12: =VLOOKUP(BU12,Operation,2) -> Build Nozzles-Weld | BW12: 958.03206 | BX12: 1184.75 | BY12: =BW12/BX12 -> 0.80863647 | BZ12: =BX12-BW12 -> 226.71794
A13: 2024 | B13: 45355 | D13: 10 | F13: 0.79 | G13: 0.95 | H13: 0.93 | I13: 1.11 | J13: 0.93 | L13: =AVERAGE(J10:J13) -> 0.84 | M13: =AVERAGE(J6:J13) -> 0.79125 | N13: 0.73 | O13: 0.95 | W13: Oct | Y13: 0.95 | AA13: 952 | AB13: 423 | AC13: =AA13+AB13 -> 1375 | AD13: =AB13/AC13 -> 0.30763636 | AF13: =AF12+AA13 -> 8502.75 | AG13: =AG12+AB13 -> 4058.75 | AH13: =AH12+AC13 -> 12561.5 | AI13: =AG13/AH13 -> 0.3231103 | AK13: ='QC Data 2024'!N13 -> 1.5 | AL13: =AK13/AA13 -> 0.0015756303 | AM13: =AM12+AK13 -> 217.5 | AN13: =AM13/AF13 -> 0.025579959 | AO13: 15 | AP13: =AP12+AO13 -> 150 | AR13: Oct | AS13: =AK43+AK44+AK45+AK46 -> 76.5 | AT13: 50 | AU13: =AU12+AS13 -> 607.51 | AV13: =AV12+AT13 -> 500 | AZ13: 2019 | BA13: Oct | BB13: 1 | BC13: 0 | BD13: 2 | BE13: =SUM(BB13:BD13) -> 3 | BF13: =4652.5+1060.5 -> 5713 | BI13: 4.7229963 | BL13: 2020 | BM13: Oct | BN13: 6 | BO13: 0 | BP13: =BN13+BO13 -> 6 | BQ13: =BN13/BP13 -> 1 | BR13: 0.95 | BU13: 640 | BV13: =VLOOKUP(BU13,Operation,2) -> Fit Top to Shell-Weld | BW13: 539.9 | BX13: 753.75 | BY13: =BW13/BX13 -> 0.71628524 | BZ13: =BX13-BW13 -> 213.85
A14: 2024 | B14: 45362 | C14: Mar | D14: 11 | F14: 0.92 | G14: 0.93 | H14: 0.92 | I14: 0.52 | J14: 0.91 | L14: =AVERAGE(J11:J14) -> 0.8725 | M14: =AVERAGE(J7:J14) -> 0.815 | N14: 0.73 | O14: 0.95 | W14: Nov | Y14: 0.95 | AA14: 911 | AB14: 430.75 | AC14: =AA14+AB14 -> 1341.75 | AD14: =AB14/AC14 -> 0.32103596 | AF14: =AF13+AA14 -> 9413.75 | AG14: =AG13+AB14 -> 4489.5 | AH14: =AH13+AC14 -> 13903.25 | AI14: =AG14/AH14 -> 0.32291011 | AK14: ='QC Data 2024'!N14 -> 2.75 | AL14: =AK14/AA14 -> 0.0030186608 | AM14: =AM13+AK14 -> 220.25 | AN14: =AM14/AF14 -> 0.023396627 | AO14: 15 | AP14: =AP13+AO14 -> 165 | AR14: Nov | AS14: =AK47+AK48+AK49+AK50 -> 6 | AT14: 50 | AU14: =AU13+AS14 -> 613.51 | AV14: =AV13+AT14 -> 550 | AZ14: 2019 | BA14: Nov | BB14: 0 | BC14: 0 | BD14: 0 | BE14: =SUM(BB14:BD14) -> 0 | BF14: 3740.75 | BI14: 9.797498 | BL14: 2020 | BM14: Nov | BN14: 9 | BO14: 0 | BP14: =BN14+BO14 -> 9 | BQ14: =BN14/BP14 -> 1 | BR14: 0.95
A15: 2024 | B15: 45369 | D15: 12 | F15: 0.83 | G15: 1.15 | H15: 1.06 | I15: 0.85 | J15: 1.07 | L15: =AVERAGE(J12:J15) -> 0.9375 | M15: =AVERAGE(J8:J15) -> 0.85125 | N15: 0.73 | O15: 0.95 | W15: Dec | Y15: 0.95 | AA15: 1041.5 | AB15: 269 | AC15: =AA15+AB15 -> 1310.5 | AD15: =AB15/AC15 -> 0.20526517 | AF15: =AF14+AA15 -> 10455.25 | AG15: =AG14+AB15 -> 4758.5 | AH15: =AH14+AC15 -> 15213.75 | AI15: =AG15/AH15 -> 0.31277627 | AK15: ='QC Data 2024'!N15 -> 5 | AL15: =AK15/AA15 -> 0.0048007681 | AM15: =AM14+AK15 -> 225.25 | AN15: =AM15/AF15 -> 0.0215442 | AO15: 15 | AP15: =AP14+AO15 -> 180 | AR15: Dec | AS15: =AK51+AK52+AK53+AK54+AK55 -> 80.75 | AT15: 50 | AU15: =AU14+AS15 -> 694.26 | AV15: =AV14+AT15 -> 600 | AZ15: 2019 | BA15: Dec | BB15: 0 | BC15: 0 | BD15: 0 | BE15: =SUM(BB15:BD15) -> 0 | BF15: =3063.25+238 -> 3301.25 | BG15: =SUM(BB4:BB15) -> 2 | BH15: =SUM(BF4:BF15) -> 46931.5 | BI15: =BG15*200000/(BH15+1280) -> 8.2967757 | BJ15: 4 | BL15: 2020 | BM15: Dec | BN15: 14 | BO15: 6 | BP15: =BN15+BO15 -> 20 | BQ15: =BN15/BP15 -> 0.7 | BR15: 0.95
A16: 2024 | B16: 45376 | D16: 13 | F16: 0.94 | G16: 0.88 | H16: 0.92 | I16: 1 | J16: 0.9 | L16: =AVERAGE(J13:J16) -> 0.9525 | M16: =AVERAGE(J9:J16) -> 0.8775 | N16: 0.73 | O16: 0.95 | AA16: 1020 | AB16: 283 | AC16: =AA16+AB16 -> 1303 | AD16: =AB16/AC16 -> 0.2171911 | AF16: =AF15+AA16 -> 11475.25 | AG16: =AG15+AB16 -> 5041.5 | AH16: =AH15+AC16 -> 16516.75 | AI16: =AG16/AH16 -> 0.30523559 | AK16: ='QC Data 2024'!N16 -> 28 | AL16: =AK16/AA16 -> 0.02745098 | AM16: =AM15+AK16 -> 253.25 | AN16: =AM16/AF16 -> 0.022069236 | AO16: 15 | AP16: =AP15+AO16 -> 195 | AZ16: 2020 | BA16: Jan | BB16: 0 | BC16: 1 | BD16: 0 | BE16: =SUM(BB16:BD16) -> 1 | BF16: =3060.5+785.25 -> 3845.75 | BG16: =SUM(BB5:BB16) -> 2 | BH16: =SUM(BF5:BF16) -> 47165 | BI16: =BG16*200000/(BH16+1280) -> 8.256786 | BJ16: 4 | BL16: 2021 | BM16: Jan | BN16: 10 | BO16: 3 | BP16: =BN16+BO16 -> 13 | BQ16: =BN16/BP16 -> 0.76923077 | BR16: 0.95
A17: 2024 | B17: 45383 | D17: 14 | F17: 0.76 | G17: 0.92 | H17: 0.86 | I17: 1 | J17: 0.85 | L17: =AVERAGE(J14:J17) -> 0.9325 | M17: =AVERAGE(J10:J17) -> 0.88625 | N17: 0.73 | O17: 0.95 | AA17: 942 | AB17: 344 | AC17: =AA17+AB17 -> 1286 | AD17: =AB17/AC17 -> 0.26749611 | AF17: =AF16+AA17 -> 12417.25 | AG17: =AG16+AB17 -> 5385.5 | AH17: =AH16+AC17 -> 17802.75 | AI17: =AG17/AH17 -> 0.30250944 | AK17: ='QC Data 2024'!N17 -> 10 | AL17: =AK17/AA17 -> 0.010615711 | AM17: =AM16+AK17 -> 263.25 | AN17: =AM17/AF17 -> 0.021200346 | AO17: 15 | AP17: =AP16+AO17 -> 210 | AR17: YTD | AS17: =SUM(AS4:AS16) -> 694.26 | AT17: =SUM(AT4:AT16) -> 600 | AZ17: 2020 | BA17: Feb | BB17: 0 | BC17: 0 | BD17: 1 | BE17: =SUM(BB17:BD17) -> 1 | BF17: =3042.5+613.75 -> 3656.25 | BG17: =SUM(BB6:BB17) -> 2 | BH17: =SUM(BF6:BF17) -> 47923.75 | BI17: =BG17*200000/(BH17+1280) -> 8.1294617 | BJ17: 4 | BL17: 2021 | BM17: Feb | BN17: 2 | BO17: 2 | BP17: =BN17+BO17 -> 4 | BQ17: =BN17/BP17 -> 0.5 | BR17: 0.95
A18: 2024 | B18: 45390 | D18: 15 | F18: 0.7 | G18: 0.85 | H18: 0.91 | I18: 0.52 | J18: 0.83 | L18: =AVERAGE(J15:J18) -> 0.9125 | M18: =AVERAGE(J11:J18) -> 0.8925 | N18: 0.73 | O18: 0.95 | AA18: 967.25 | AB18: 292.75 | AC18: =AA18+AB18 -> 1260 | AD18: =AB18/AC18 -> 0.23234127 | AF18: =AF17+AA18 -> 13384.5 | AG18: =AG17+AB18 -> 5678.25 | AH18: =AH17+AC18 -> 19062.75 | AI18: =AG18/AH18 -> 0.2978715 | AK18: ='QC Data 2024'!N18 -> 36.5 | AL18: =AK18/AA18 -> 0.037735849 | AM18: =AM17+AK18 -> 299.75 | AN18: =AM18/AF18 -> 0.022395308 | AO18: 15 | AP18: =AP17+AO18 -> 225 | AZ18: 2020 | BA18: Mar | BB18: 0 | BC18: 0 | BD18: 1 | BE18: =SUM(BB18:BD18) -> 1 | BF18: =3452.5+791.25 -> 4243.75 | BG18: =SUM(BB7:BB18) -> 2 | BH18: =SUM(BF7:BF18) -> 49039.5 | BI18: =BG18*200000/(BH18+1280) -> 7.9492046 | BJ18: 4 | BL18: 2021 | BM18: Mar | BN18: 0 | BO18: 2 | BP18: 2 | BQ18: =BN18/BP18 -> 0 | BR18: 0.95
A19: 2024 | B19: 45397 | C19: Apr | D19: 16 | F19: 0.64 | G19: 0.7 | H19: 0.93 | I19: 0.54 | J19: 0.8 | L19: =AVERAGE(J16:J19) -> 0.845 | M19: =AVERAGE(J12:J19) -> 0.89125 | N19: 0.73 | O19: 0.95 | AA19: 1019.5 | AB19: 271 | AC19: =AA19+AB19 -> 1290.5 | AD19: =AB19/AC19 -> 0.20999613 | AF19: =AF18+AA19 -> 14404 | AG19: =AG18+AB19 -> 5949.25 | AH19: =AH18+AC19 -> 20353.25 | AI19: =AG19/AH19 -> 0.29229976 | AK19: ='QC Data 2024'!N19 -> 15 | AL19: =AK19/AA19 -> 0.014713095 | AM19: =AM18+AK19 -> 314.75 | AN19: =AM19/AF19 -> 0.021851569 | AO19: 15 | AP19: =AP18+AO19 -> 240 | AZ19: 2020 | BA19: Apr | BB19: 0 | BC19: 1 | BD19: 1 | BE19: =SUM(BB19:BD19) -> 2 | BF19: =3935.5+777 -> 4712.5 | BG19: =SUM(BB8:BB19) -> 2 | BH19: =SUM(BF8:BF19) -> 49970.75 | BI19: =BG19*200000/(BH19+1280) -> 7.8047638 | BJ19: 4 | BL19: 2021 | BM19: Apr | BN19: 0 | BO19: 4 | BP19: 4 | BQ19: =BN19/BP19 -> 0 | BR19: 0.95
A20: 2024 | B20: 45404 | D20: 17 | F20: 0.57 | G20: 0.89 | H20: 0.94 | I20: 0.43 | J20: 0.86 | L20: =AVERAGE(J17:J20) -> 0.835 | M20: =AVERAGE(J13:J20) -> 0.89375 | N20: 0.73 | O20: 0.95 | AA20: 954 | AB20: 207.5 | AC20: =AA20+AB20 -> 1161.5 | AD20: =AB20/AC20 -> 0.1786483 | AF20: =AF19+AA20 -> 15358 | AG20: =AG19+AB20 -> 6156.75 | AH20: =AH19+AC20 -> 21514.75 | AI20: =AG20/AH20 -> 0.28616414 | AK20: ='QC Data 2024'!N20 -> 8 | AL20: =AK20/AA20 -> 0.0083857442 | AM20: =AM19+AK20 -> 322.75 | AN20: =AM20/AF20 -> 0.021015106 | AO20: 15 | AP20: =AP19+AO20 -> 255 | AZ20: 2020 | BA20: May | BB20: 0 | BC20: 0 | BD20: 0 | BE20: =SUM(BB20:BD20) -> 0 | BF20: =3541+676 -> 4217 | BG20: =SUM(BB9:BB20) -> 2 | BH20: =SUM(BF9:BF20) -> 50305.5 | BI20: =BG20*200000/(BH20+1280) -> 7.754117 | BJ20: 4 | BL20: 2021 | BM20: May | BN20: 3 | BO20: 0 | BP20: 3 | BQ20: =BN20/BP20 -> 1 | BR20: 0.95
A21: 2024 | B21: 45411 | D21: 18 | F21: 1.01 | G21: 0.8 | H21: 0.94 | I21: 0.48 | J21: 0.87 | L21: =AVERAGE(J18:J21) -> 0.84 | M21: =AVERAGE(J14:J21) -> 0.88625 | N21: 0.73 | O21: 0.95 | AA21: 940.5 | AB21: 270.75 | AC21: =AA21+AB21 -> 1211.25 | AD21: =AB21/AC21 -> 0.22352941 | AF21: =AF20+AA21 -> 16298.5 | AG21: =AG20+AB21 -> 6427.5 | AH21: =AH20+AC21 -> 22726 | AI21: =AG21/AH21 -> 0.28282584 | AK21: ='QC Data 2024'!N21 -> 16.75 | AL21: =AK21/AA21 -> 0.017809676 | AM21: =AM20+AK21 -> 339.5 | AN21: =AM21/AF21 -> 0.020830138 | AO21: 15 | AP21: =AP20+AO21 -> 270 | AZ21: 2020 | BA21: Jun | BB21: 0 | BC21: 1 | BD21: 3 | BE21: =SUM(BB21:BD21) -> 4 | BF21: 4153 | BG21: =SUM(BB10:BB21) -> 1 | BH21: =SUM(BF10:BF21) -> 50629 | BI21: =BG21*200000/(BH21+1280) -> 3.8528964 | BJ21: 4 | BL21: 2021 | BM21: Jun | BR21: 0.95
A22: 2024 | B22: 45418 | D22: 19 | F22: 0.65 | G22: 0.76 | H22: 0.99 | I22: 0.59 | J22: 0.85 | L22: =AVERAGE(J19:J22) -> 0.845 | M22: =AVERAGE(J15:J22) -> 0.87875 | N22: 0.73 | O22: 0.95 | AA22: 846.25 | AB22: 206.5 | AC22: =AA22+AB22 -> 1052.75 | AD22: =AB22/AC22 -> 0.19615293 | AF22: =AF21+AA22 -> 17144.75 | AG22: =AG21+AB22 -> 6634 | AH22: =AH21+AC22 -> 23778.75 | AI22: =AG22/AH22 -> 0.27898859 | AK22: ='QC Data 2024'!N22 -> 3 | AL22: =AK22/AA22 -> 0.0035450517 | AM22: =AM21+AK22 -> 342.5 | AN22: =AM22/AF22 -> 0.019976961 | AO22: 15 | AP22: =AP21+AO22 -> 285 | AZ22: 2020 | BA22: Jul | BB22: 0 | BC22: 1 | BD22: 3 | BE22: =SUM(BB22:BD22) -> 4 | BF22: 3759.75 | BG22: =SUM(BB11:BB22) -> 1 | BH22: =SUM(BF11:BF22) -> 50113.25 | BI22: =BG22*200000/(BH22+1280) -> 3.8915616 | BJ22: 4 | BL22: 2021 | BM22: Jul | BR22: 0.95
A23: 2024 | B23: 45425 | C23: May | D23: 20 | F23: 0.72 | G23: 1 | H23: 0.93 | I23: 0.96 | J23: 0.94 | L23: =AVERAGE(J20:J23) -> 0.88 | M23: =AVERAGE(J16:J23) -> 0.8625 | N23: 0.73 | O23: 0.95 | AA23: 855.5 | AB23: 218 | AC23: =AA23+AB23 -> 1073.5 | AD23: =AB23/AC23 -> 0.20307406 | AF23: =AF22+AA23 -> 18000.25 | AG23: =AG22+AB23 -> 6852 | AH23: =AH22+AC23 -> 24852.25 | AI23: =AG23/AH23 -> 0.27570944 | AK23: ='QC Data 2024'!N23 -> 0 | AL23: =AK23/AA23 -> 0 | AM23: =AM22+AK23 -> 342.5 | AN23: =AM23/AF23 -> 0.019027514 | AO23: 15 | AP23: =AP22+AO23 -> 300 | AZ23: 2020 | BA23: Aug | BB23: 0 | BC23: 2 | BD23: 0 | BE23: =SUM(BB23:BD23) -> 2 | BF23: 4286 | BG23: =SUM(BB12:BB23) -> 1 | BH23: =SUM(BF12:BF23) -> 49842.5 | BI23: =BG23*200000/(BH23+1280) -> 3.9121717 | BJ23: 4 | BL23: 2021 | BM23: Aug | BR23: 0.95
A24: 2024 | B24: 45432 | D24: 21 | F24: 0.58 | G24: 1.08 | H24: 0.99 | I24: 1.02 | J24: 0.96 | L24: =AVERAGE(J21:J24) -> 0.905 | M24: =AVERAGE(J17:J24) -> 0.87 | N24: 0.73 | O24: 0.95 | AA24: 860.25 | AB24: 217.25 | AC24: =AA24+AB24 -> 1077.5 | AD24: =AB24/AC24 -> 0.20162413 | AF24: =AF23+AA24 -> 18860.5 | AG24: =AG23+AB24 -> 7069.25 | AH24: =AH23+AC24 -> 25929.75 | AI24: =AG24/AH24 -> 0.27263086 | AK24: ='QC Data 2024'!N24 -> 0 | AL24: =AK24/AA24 -> 0 | AM24: =AM23+AK24 -> 342.5 | AN24: =AM24/AF24 -> 0.018159646 | AO24: 15 | AP24: =AP23+AO24 -> 315 | AZ24: 2020 | BA24: Sep | BB24: 0 | BC24: 2 | BD24: 0 | BE24: =SUM(BB24:BD24) -> 2 | BF24: 4497 | BG24: =SUM(BB13:BB24) -> 1 | BH24: =SUM(BF13:BF24) -> 50126 | BI24: =BG24*200000/(BH24+1280) -> 3.8905964 | BJ24: 4 | BL24: 2021 | BM24: Sep | BR24: 0.95
A25: 2024 | B25: 45439 | D25: 22 | F25: 0.54 | G25: 0.89 | H25: 1.04 | I25: 1.22 | J25: 0.88 | L25: =AVERAGE(J22:J25) -> 0.9075 | M25: =AVERAGE(J18:J25) -> 0.87375 | N25: 0.73 | O25: 0.95 | AA25: 649.5 | AB25: 200.5 | AC25: =AA25+AB25 -> 850 | AD25: =AB25/AC25 -> 0.23588235 | AF25: =AF24+AA25 -> 19510 | AG25: =AG24+AB25 -> 7269.75 | AH25: =AH24+AC25 -> 26779.75 | AI25: =AG25/AH25 -> 0.27146445 | AK25: ='QC Data 2024'!N25 -> 2.84 | AL25: =AK25/AA25 -> 0.0043725943 | AM25: =AM24+AK25 -> 345.34 | AN25: =AM25/AF25 -> 0.017700666 | AO25: 15 | AP25: =AP24+AO25 -> 330 | AZ25: 2020 | BA25: Oct | BB25: 0 | BC25: 0 | BD25: 1 | BE25: =SUM(BB25:BD25) -> 1 | BF25: 4461.75 | BG25: =SUM(BB14:BB25) -> 0 | BH25: =SUM(BF14:BF25) -> 48874.75 | BI25: =BG25*200000/(BH25+1280) -> 0 | BJ25: 4 | BL25: 2021 | BM25: Oct | BR25: 0.95
A26: 2024 | B26: 45446 | D26: 23 | F26: 0.72 | G26: 1.02 | H26: 1.03 | I26: 0.75 | J26: 0.96 | L26: =AVERAGE(J23:J26) -> 0.935 | M26: =AVERAGE(J19:J26) -> 0.89 | N26: 0.73 | O26: 0.95 | AA26: 901.25 | AB26: 353 | AC26: =AA26+AB26 -> 1254.25 | AD26: =AB26/AC26 -> 0.28144309 | AF26: =AF25+AA26 -> 20411.25 | AG26: =AG25+AB26 -> 7622.75 | AH26: =AH25+AC26 -> 28034 | AI26: =AG26/AH26 -> 0.27191089 | AK26: ='QC Data 2024'!N26 -> 0.17 | AL26: =AK26/AA26 -> 0.00018862691 | AM26: =AM25+AK26 -> 345.51 | AN26: =AM26/AF26 -> 0.01692743 | AO26: 15 | AP26: =AP25+AO26 -> 345 | AZ26: 2020 | BA26: Nov | BB26: 0 | BC26: 2 | BD26: 0 | BE26: =SUM(BB26:BD26) -> 2 | BF26: 3802.25 | BG26: =SUM(BB15:BB26) -> 0 | BH26: =SUM(BF15:BF26) -> 48936.25 | BI26: =BG26*200000/(BH26+1280) -> 0 | BJ26: 4 | BL26: 2021 | BM26: Nov | BR26: 0.95
A27: 2024 | B27: 45453 | C27: Jun | D27: 24 | F27: 0.83 | G27: 0.95 | H27: 0.91 | I27: 0.68 | J27: 0.9 | L27: =AVERAGE(J24:J27) -> 0.925 | M27: =AVERAGE(J20:J27) -> 0.9025 | N27: 0.73 | O27: 0.95 | AA27: 908.75 | AB27: 271.25 | AC27: =AA27+AB27 -> 1180 | AD27: =AB27/AC27 -> 0.22987288 | AF27: =AF26+AA27 -> 21320 | AG27: =AG26+AB27 -> 7894 | AH27: =AH26+AC27 -> 29214 | AI27: =AG27/AH27 -> 0.27021291 | AK27: ='QC Data 2024'!N27 -> 9 | AL27: =AK27/AA27 -> 0.0099037139 | AM27: =AM26+AK27 -> 354.51 | AN27: =AM27/AF27 -> 0.016628049 | AO27: 15 | AP27: =AP26+AO27 -> 360 | AZ27: 2020 | BA27: Dec | BB27: 0 | BC27: 1 | BD27: 0 | BE27: =SUM(BB27:BD27) -> 1 | BF27: 3848.25 | BG27: =SUM(BB16:BB27) -> 0 | BH27: =SUM(BF16:BF27) -> 49483.25 | BI27: =BG27*200000/(BH27+1280) -> 0 | BJ27: 4 | BL27: 2021 | BM27: Dec | BR27: 0.95
A28: 2024 | B28: 45460 | D28: 25 | F28: 0.82 | G28: 0.92 | H28: 0.81 | I28: 0.5 | J28: 0.93 | L28: =AVERAGE(J25:J28) -> 0.9175 | M28: =AVERAGE(J21:J28) -> 0.91125 | N28: 0.73 | O28: 0.95 | AA28: 1011.5 | AB28: 215.5 | AC28: =AA28+AB28 -> 1227 | AD28: =AB28/AC28 -> 0.17563162 | AF28: =AF27+AA28 -> 22331.5 | AG28: =AG27+AB28 -> 8109.5 | AH28: =AH27+AC28 -> 30441 | AI28: =AG28/AH28 -> 0.26640058 | AK28: ='QC Data 2024'!N28 -> 8.5 | AL28: =AK28/AA28 -> 0.0084033613 | AM28: =AM27+AK28 -> 363.01 | AN28: =AM28/AF28 -> 0.016255514 | AO28: 15 | AP28: =AP27+AO28 -> 375 | AZ28: 2021 | BA28: Jan | BB28: 0 | BC28: 0 | BD28: 1 | BE28: =SUM(BB28:BD28) -> 1 | BF28: 2984.25 | BG28: =SUM(BB17:BB28) -> 0 | BH28: =SUM(BF17:BF28) -> 48621.75 | BI28: =BG28*200000/(BH28+1280) -> 0 | BJ28: 2 | BL28: 2022 | BM28: Jan | BO28: 3
A29: 2024 | B29: 45467 | D29: 26 | F29: 0.72 | G29: 0.94 | H29: 0.81 | I29: 0.98 | J29: 0.92 | L29: =AVERAGE(J26:J29) -> 0.9275 | M29: =AVERAGE(J22:J29) -> 0.9175 | N29: 0.73 | O29: 0.95 | AA29: 876.75 | AB29: 258.25 | AC29: =AA29+AB29 -> 1135 | AD29: =AB29/AC29 -> 0.22753304 | AF29: =AF28+AA29 -> 23208.25 | AG29: =AG28+AB29 -> 8367.75 | AH29: =AH28+AC29 -> 31576 | AI29: =AG29/AH29 -> 0.26500348 | AK29: ='QC Data 2024'!N29 -> 17.5 | AL29: =AK29/AA29 -> 0.01996008 | AM29: =AM28+AK29 -> 380.51 | AN29: =AM29/AF29 -> 0.016395463 | AO29: 15 | AP29: =AP28+AO29 -> 390 | AZ29: 2021 | BA29: Feb | BB29: 0 | BC29: 0 | BD29: 0 | BE29: =SUM(BB29:BD29) -> 0 | BF29: 3347.5 | BG29: =SUM(BB18:BB29) -> 0 | BH29: =SUM(BF18:BF29) -> 48313 | BI29: =BG29*200000/(BH29+1280) -> 0 | BJ29: 2 | BL29: 2022 | BM29: Feb
A30: 2024 | B30: 45474 | D30: 27 | F30: 0.66 | G30: 0.86 | H30: 0.61 | I30: 1 | J30: 0.93 | L30: =AVERAGE(J27:J30) -> 0.92 | M30: =AVERAGE(J23:J30) -> 0.9275 | N30: 0.73 | O30: 0.95 | AA30: 597.75 | AB30: 172.25 | AC30: =AA30+AB30 -> 770 | AD30: =AB30/AC30 -> 0.2237013 | AF30: =AF29+AA30 -> 23806 | AG30: =AG29+AB30 -> 8540 | AH30: =AH29+AC30 -> 32346 | AI30: =AG30/AH30 -> 0.26402028 | AK30: ='QC Data 2024'!N30 -> 9.5 | AL30: =AK30/AA30 -> 0.015892932 | AM30: =AM29+AK30 -> 390.01 | AN30: =AM30/AF30 -> 0.016382845 | AO30: 15 | AP30: =AP29+AO30 -> 405 | AZ30: 2021 | BA30: Mar | BB30: 0 | BC30: 0 | BD30: 3 | BE30: =SUM(BB30:BD30) -> 3 | BF30: 3695.25 | BG30: =SUM(BB19:BB30) -> 0 | BH30: =SUM(BF19:BF30) -> 47764.5 | BI30: =BG30*200000/(BH30+1280) -> 0 | BJ30: 2 | BL30: 2022 | BM30: Mar
A31: 2024 | B31: 45481 | D31: 28 | F31: 0.72 | G31: 0.96 | H31: 0.75 | I31: 1 | J31: 0.8 | L31: =AVERAGE(J28:J31) -> 0.895 | M31: =AVERAGE(J24:J31) -> 0.91 | N31: 0.73 | O31: 0.95 | AA31: 857.75 | AB31: 255.25 | AC31: =AA31+AB31 -> 1113 | AD31: =AB31/AC31 -> 0.22933513 | AF31: =AF30+AA31 -> 24663.75 | AG31: =AG30+AB31 -> 8795.25 | AH31: =AH30+AC31 -> 33459 | AI31: =AG31/AH31 -> 0.26286649 | AK31: ='QC Data 2024'!N31 -> 25 | AL31: =AK31/AA31 -> 0.029146022 | AM31: =AM30+AK31 -> 415.01 | AN31: =AM31/AF31 -> 0.016826719 | AO31: 15 | AP31: =AP30+AO31 -> 420 | AZ31: 2021 | BA31: Apr | BB31: 0 | BC31: 1 | BD31: 0 | BE31: =SUM(BB31:BD31) -> 1 | BF31: 2841.5 | BG31: =SUM(BB20:BB31) -> 0 | BH31: =SUM(BF20:BF31) -> 45893.5 | BI31: =BG31*200000/(BH31+1280) -> 0 | BJ31: 2 | BL31: 2022 | BM31: Apr
A32: 2024 | B32: 45488 | C32: Jul | D32: 29 | F32: 0.66 | G32: 1.19 | H32: 0.89 | I32: 1 | J32: 0.94 | L32: =AVERAGE(J29:J32) -> 0.8975 | M32: =AVERAGE(J25:J32) -> 0.9075 | N32: 0.73 | O32: 0.95 | AA32: 749.25 | AB32: 287.75 | AC32: =AA32+AB32 -> 1037 | AD32: =AB32/AC32 -> 0.27748312 | AF32: =AF31+AA32 -> 25413 | AG32: =AG31+AB32 -> 9083 | AH32: =AH31+AC32 -> 34496 | AI32: =AG32/AH32 -> 0.26330589 | AK32: ='QC Data 2024'!N32 -> 4 | AL32: =AK32/AA32 -> 0.005338672 | AM32: =AM31+AK32 -> 419.01 | AN32: =AM32/AF32 -> 0.016488018 | AO32: 15 | AP32: =AP31+AO32 -> 435 | AZ32: 2021 | BA32: May | BB32: 0 | BC32: 0 | BD32: 0 | BE32: =SUM(BB32:BD32) -> 0 | BF32: 2637.75 | BG32: =SUM(BB21:BB32) -> 0 | BH32: =SUM(BF21:BF32) -> 44314.25 | BI32: =BG32*200000/(BH32+1280) -> 0 | BJ32: 2 | BL32: 2022 | BM32: May
A33: 2024 | B33: 45495 | D33: 30 | F33: 0.99 | G33: 1.12 | H33: 0.73 | I33: 0.98 | J33: 0.86 | L33: =AVERAGE(J30:J33) -> 0.8825 | M33: =AVERAGE(J26:J33) -> 0.905 | N33: 0.73 | O33: 0.95 | AA33: 642.75 | AB33: 275.25 | AC33: =AA33+AB33 -> 918 | AD33: =AB33/AC33 -> 0.2998366 | AF33: =AF32+AA47 -> 26024.5 | AG33: =AG32+AB47 -> 9357 | AH33: =AH32+AC33 -> 35414 | AI33: =AG33/AH33 -> 0.26421754 | AK33: ='QC Data 2024'!N33 -> 5 | AL33: =AK33/AA33 -> 0.0077790743 | AM33: =AM32+AK33 -> 424.01 | AN33: =AM33/AF33 -> 0.016292724 | AO33: 15 | AP33: =AP32+AO33 -> 450 | AZ33: 2021 | BA33: Jun | BB33: 0 | BC33: 2 | BD33: 0 | BE33: =SUM(BB33:BD33) -> 2 | BF33: 4042.75 | BG33: =SUM(BB22:BB33) -> 0 | BH33: =SUM(BF22:BF33) -> 44204 | BI33: =BG33*200000/(BH33+1280) -> 0 | BJ33: 2 | BL33: 2022 | BM33: Jun
A34: 2024 | B34: 45502 | D34: 31 | F34: 0.77 | G34: 1 | H34: 0.9 | I34: 0.91 | J34: 0.92 | L34: =AVERAGE(J31:J34) -> 0.88 | M34: =AVERAGE(J27:J34) -> 0.9 | N34: 0.73 | O34: 0.95 | AA34: 623.25 | AB34: 336 | AC34: =AA34+AB34 -> 959.25 | AD34: =AB34/AC34 -> 0.35027365 | AF34: =AF33+AA48 -> 26598 | AG34: =AG33+AB48 -> 9622.25 | AH34: =AH33+AC34 -> 36373.25 | AI34: =AG34/AH34 -> 0.26454194 | AK34: ='QC Data 2024'!N34 -> 7 | AL34: =AK34/AA48 -> 0.012205754 | AM34: =AM33+AK34 -> 431.01 | AN34: =AM34/AF34 -> 0.016204602 | AO34: 15 | AP34: =AP33+AO34 -> 465 | AZ34: 2021 | BA34: Jul | BB34: 0 | BC34: 1 | BD34: 0 | BE34: =SUM(BB34:BD34) -> 1 | BF34: 3331 | BG34: =SUM(BB23:BB34) -> 0 | BH34: =SUM(BF23:BF34) -> 43775.25 | BI34: =BG34*200000/(BH34+1280) -> 0 | BJ34: 2 | BL34: 2022 | BM34: Jul
A35: 2024 | B35: 45509 | D35: 32 | F35: 0.86 | G35: 0.9 | H35: 0.9 | I35: 1 | J35: 0.91 | L35: =AVERAGE(J32:J35) -> 0.9075 | M35: =AVERAGE(J28:J35) -> 0.90125 | N35: 0.73 | O35: 0.95 | AA35: 512 | AB35: 208.5 | AC35: =AA35+AB35 -> 720.5 | AD35: =AB35/AC35 -> 0.28938237 | AF35: =AF34+AA49 -> 27178 | AG35: =AG34+AB49 -> 9832.5 | AH35: =AH34+AC35 -> 37093.75 | AI35: =AG35/AH35 -> 0.26507161 | AK35: ='QC Data 2024'!N35 -> 0 | AL35: =AK35/AA49 -> 0 | AM35: =AM34+AK35 -> 431.01 | AN35: =AM35/AF35 -> 0.015858783 | AO35: 15 | AP35: =AP34+AO35 -> 480 | AZ35: 2021 | BA35: Aug | BB35: 0 | BC35: 1 | BD35: 0 | BE35: =SUM(BB35:BD35) -> 1 | BF35: 3369 | BG35: =SUM(BB24:BB35) -> 0 | BH35: =SUM(BF24:BF35) -> 42858.25 | BI35: =BG35*200000/(BH35+1280) -> 0 | BJ35: 2 | BL35: 2022 | BM35: Aug | BU35: Operation | BV35: Description
A36: 2024 | B36: 45516 | C36: Aug | D36: 33 | F36: 0.72 | G36: 0.95 | H36: 0.81 | I36: 0.87 | J36: 0.85 | L36: =AVERAGE(J33:J36) -> 0.885 | M36: =AVERAGE(J29:J36) -> 0.89125 | N36: 0.73 | O36: 0.95 | AA36: 551.75 | AB36: 212.75 | AC36: =AA36+AB36 -> 764.5 | AD36: =AB36/AC36 -> 0.27828646 | AF36: =AF35+AA50 -> 27731 | AG36: =AG35+AB50 -> 10078 | AH36: =AH35+AC36 -> 37858.25 | AI36: =AG36/AH36 -> 0.26620354 | AK36: ='QC Data 2024'!N36 -> 13 | AL36: =AK36/AA50 -> 0.023508137 | AM36: =AM35+AK36 -> 444.01 | AN36: =AM36/AF36 -> 0.016011323 | AO36: 15 | AP36: =AP35+AO36 -> 495 | AZ36: 2021 | BA36: Sep | BB36: 0 | BC36: 1 | BD36: 0 | BE36: =SUM(BB36:BD36) -> 1 | BF36: 3255 | BG36: =SUM(BB25:BB36) -> 0 | BH36: =SUM(BF25:BF36) -> 41616.25 | BI36: =BG36*200000/(BH36+1280) -> 0 | BJ36: 2 | BL36: 2022 | BM36: Sep | BU36: 100 | BV36: Cut Nozzle Pipe and Clean
A37: 2024 | B37: 45523 | D37: 34 | F37: 1.26 | G37: 0.86 | H37: 0.87 | I37: 0.64 | J37: 0.87 | L37: =AVERAGE(J34:J37) -> 0.8875 | M37: =AVERAGE(J30:J37) -> 0.885 | N37: 0.73 | O37: 0.95 | AA37: 598 | AB37: 261.5 | AC37: =AA37+AB37 -> 859.5 | AD37: =AB37/AC37 -> 0.30424666 | AF37: =AF36+AA51 -> 27974.5 | AG37: =AG36+AB51 -> 10191.75 | AH37: =AH36+AC37 -> 38717.75 | AI37: =AG37/AH37 -> 0.26323198 | AK37: ='QC Data 2024'!N37 -> 4 | AL37: =AK37/AA51 -> 0.016427105 | AM37: =AM36+AK37 -> 448.01 | AN37: =AM37/AF37 -> 0.016014942 | AO37: 15 | AP37: =AP36+AO37 -> 510 | AZ37: 2021 | BA37: Oct | BB37: 0 | BC37: 1 | BD37: 2 | BE37: =SUM(BB37:BD37) -> 3 | BF37: 5129 | BG37: =SUM(BB26:BB37) -> 0 | BH37: =SUM(BF26:BF37) -> 42283.5 | BI37: =BG37*200000/(BH37+1280) -> 0 | BJ37: 2 | BL37: 2022 | BM37: Oct | BU37: 105 | BV37: Build Nozzles-Weld
A38: 2024 | B38: 45530 | D38: 35 | F38: 0.97 | G38: 1.06 | H38: 0.95 | I38: 1 | J38: 0.99 | L38: =AVERAGE(J35:J38) -> 0.905 | M38: =AVERAGE(J31:J38) -> 0.8925 | N38: 0.73 | O38: 0.95 | AA38: 505 | AB38: 311 | AC38: =AA38+AB38 -> 816 | AD38: =AB38/AC38 -> 0.38112745 | AF38: =AF37+AA52 -> 28399 | AG38: =AG37+AB52 -> 10533.75 | AH38: =AH37+AC38 -> 39533.75 | AI38: =AG38/AH38 -> 0.26644955 | AK38: ='QC Data 2024'!N38 -> 51 | AL38: =AK38/AA52 -> 0.12014134 | AM38: =AM37+AK38 -> 499.01 | AN38: =AM38/AF38 -> 0.017571393 | AO38: 15 | AP38: =AP37+AO38 -> 525 | AZ38: 2021 | BA38: Nov | BB38: 0 | BC38: 1 | BD38: 2 | BE38: =SUM(BB38:BD38) -> 3 | BF38: 5102 | BG38: =SUM(BB27:BB38) -> 0 | BH38: =SUM(BF27:BF38) -> 43583.25 | BI38: =BG38*200000/(BH38+1280) -> 0 | BJ38: 2 | BL38: 2022 | BM38: Nov | BU38: 107 | BV38: Build Repads for Nozzles
A39: 2024 | B39: 45537 | D39: 36 | F39: 0.94 | G39: 1.36 | H39: 0.92 | I39: 0.27 | J39: 1.08 | L39: =AVERAGE(J36:J39) -> 0.9475 | M39: =AVERAGE(J32:J39) -> 0.9275 | N39: 0.73 | O39: 0.95 | AA39: 395.5 | AB39: 205 | AC39: =AA39+AB39 -> 600.5 | AD39: =AB39/AC39 -> 0.34138218 | AF39: =AF38+AA53 -> 28832.75 | AG39: =AG38+AB53 -> 10900.75 | AH39: =AH38+AC39 -> 40134.25 | AI39: =AG39/AH39 -> 0.27160717 | AK39: ='QC Data 2024'!N39 -> 0 | AL39: =AK39/AA53 -> 0 | AM39: =AM38+AK39 -> 499.01 | AN39: =AM39/AF39 -> 0.017307055 | AO39: 15 | AP39: =AP38+AO39 -> 540 | AZ39: 2021 | BA39: Dec | BB39: 0 | BC39: 1 | BD39: 0 | BE39: =SUM(BB39:BD39) -> 1 | BF39: 5019 | BG39: =SUM(BB28:BB39) -> 0 | BH39: =SUM(BF28:BF39) -> 44754 | BI39: =BG39*200000/(BH39+1280) -> 0 | BJ39: 2 | BL39: 2022 | BM39: Dec | BU39: 110 | BV39: Build Dip Tubes-Weld
A40: 2024 | B40: 45544 | C40: Sep | D40: 37 | F40: 0.95 | G40: 1.29 | H40: 1.03 | I40: 0.75 | J40: 1.11 | L40: =AVERAGE(J37:J40) -> 1.0125 | M40: =AVERAGE(J33:J40) -> 0.94875 | N40: 0.73 | O40: 0.95 | AA40: 511.25 | AB40: 282.5 | AC40: =AA40+AB40 -> 793.75 | AD40: =AB40/AC40 -> 0.35590551 | AF40: =AF39+AA54 -> 29264 | AG40: =AG39+AB54 -> 11188.75 | AH40: =AH39+AC40 -> 40928 | AI40: =AG40/AH40 -> 0.27337642 | AK40: ='QC Data 2024'!N40 -> 0 | AL40: =AK40/AA54 -> 0 | AM40: =AM39+AK40 -> 499.01 | AN40: =AM40/AF40 -> 0.017052009 | AO40: 15 | AP40: =AP39+AO40 -> 555 | AZ40: 2022 | BA40: Jan | BB40: 0 | BC40: 1 | BD40: 1 | BE40: =SUM(BB40:BD40) -> 2 | BF40: 4683 | BG40: =SUM(BB29:BB40) -> 0 | BH40: =SUM(BF29:BF40) -> 46452.75 | BI40: =BG40*200000/(BH40+1280) -> 0 | BJ40: 2 | BL40: 2022 | BM40: YTD | BN40: =SUM(BN16:BN27) -> 15 | BO40: =SUM(BO16:BO27) -> 11 | BP40: =BN40+BO40 -> 26 | BQ40: =BN40/BP40 -> 0.57692308 | BR40: 0.95 | BU40: 115 | BV40: Make Manway Parts
A41: 2024 | B41: 45551 | D41: 38 | F41: 0.87 | G41: 1.42 | H41: 0.83 | I41: 1.33 | J41: 1.01 | L41: =AVERAGE(J38:J41) -> 1.0475 | M41: =AVERAGE(J34:J41) -> 0.9675 | N41: 0.73 | O41: 0.95 | AA41: 440 | AB41: 359 | AC41: =AA41+AB41 -> 799 | AD41: =AB41/AC41 -> 0.44931164 | AF41: =AF40+AA55 -> 29436 | AG41: =AG40+AB55 -> 11287.75 | AH41: =AH40+AC41 -> 41727 | AI41: =AG41/AH41 -> 0.2705143 | AK41: ='QC Data 2024'!N41 -> 7.5 | AL41: =AK41/AA55 -> 0.043604651 | AM41: =AM40+AK41 -> 506.51 | AN41: =AM41/AF41 -> 0.017207161 | AO41: 15 | AP41: =AP40+AO41 -> 570 | AZ41: 2022 | BA41: Feb | BB41: 0 | BC41: 0 | BD41: 1 | BE41: =SUM(BB41:BD41) -> 1 | BF41: 5033 | BG41: =SUM(BB30:BB41) -> 0 | BH41: =SUM(BF30:BF41) -> 48138.25 | BI41: =BG41*200000/(BH41+1280) -> 0 | BJ41: 2 | BL41: Rolling 12 Months | BN41: =SUM(BN5:BN16) -> 110 | BO41: =SUM(BO5:BO16) -> 25 | BP41: =BN41+BO41 -> 135 | BQ41: =BN41/BP41 -> 0.81481481 | BR41: 0.95 | BU41: 120 | BV41: Brn MW Neck, Clean, Bevel
A42: 2024 | B42: 45558 | D42: 39 | F42: 1.21 | G42: 1.09 | H42: 0.87 | I42: 1 | J42: 0.97 | L42: =AVERAGE(J39:J42) -> 1.0425 | M42: =AVERAGE(J35:J42) -> 0.97375 | N42: 0.73 | O42: 0.95 | AA42: 562 | AB42: 238 | AC42: =AA42+AB42 -> 800 | AD42: =AB42/AC42 -> 0.2975 | AF42: =AF41+AA56 -> 29436 | AG42: =AG41+AB56 -> 11287.75 | AH42: =AH41+AC42 -> 42527 | AI42: =AG42/AH42 -> 0.26542549 | AK42: ='QC Data 2024'!N42 -> 24.5 | AL42: =AK42/AA56 -> #DIV/0! | AM42: =AM41+AK42 -> 531.01 | AN42: =AM42/AF42 -> 0.018039475 | AO42: 15 | AP42: =AP41+AO42 -> 585 | AZ42: 2022 | BA42: Mar | BB42: 0 | BC42: 1 | BD42: 1 | BE42: =SUM(BB42:BD42) -> 2 | BF42: 4646 | BG42: =SUM(BB31:BB42) -> 0 | BH42: =SUM(BF31:BF42) -> 49089 | BI42: =BG42*200000/(BH42+1280) -> 0 | BJ42: 2 | BU42: 125 | BV42: Roll Manway Neck
A43: 2024 | B43: 45565 | D43: 40 | F43: 0.79 | G43: 1.29 | H43: 0.84 | I43: 1 | J43: 0.99 | L43: =AVERAGE(J40:J43) -> 1.02 | M43: =AVERAGE(J36:J43) -> 0.98375 | N43: 0.73 | O43: 0.95 | AA43: 369.5 | AB43: 381 | AC43: =AA43+AB43 -> 750.5 | AD43: =AB43/AC43 -> 0.50766156 | AF43: =AF42+AA57 -> 66379.75 | AG43: =AG42+AB57 -> 26455.75 | AH43: =AH42+AC43 -> 43277.5 | AI43: =AG43/AH43 -> 0.61130495 | AK43: ='QC Data 2024'!N43 -> 25.5 | AL43: =AK43/AA57 -> 0.00069023854 | AM43: =AM42+AK43 -> 556.51 | AN43: =AM43/AF43 -> 0.0083837315 | AO43: 15 | AP43: =AP42+AO43 -> 600 | AZ43: 2022 | BA43: Apr | BB43: 0 | BC43: 0 | BD43: 0 | BE43: =SUM(BB43:BD43) -> 0 | BF43: 3362 | BG43: =SUM(BB32:BB43) -> 0 | BH43: =SUM(BF32:BF43) -> 49609.5 | BI43: =BG43*200000/(BH43+1280) -> 0 | BJ43: 2 | BM43: Red | BN43: 80 | BU43: 130 | BV43: S/U Weld MW Flg, Neck Sem
A44: 2024 | B44: 45572 | D44: 41 | F44: 0.87 | G44: 0.88 | H44: 1.01 | I44: 1.25 | J44: 0.96 | L44: =AVERAGE(J41:J44) -> 0.9825 | M44: =AVERAGE(J37:J44) -> 0.9975 | N44: 0.73 | O44: 0.95 | AA44: 532.5 | AB44: 300.5 | AC44: =AA44+AB44 -> 833 | AD44: =AB44/AC44 -> 0.3607443 | AF44: =AF43+AA58 -> 66379.75 | AG44: =AG43+AB58 -> 26455.75 | AH44: =AH43+AC44 -> 44110.5 | AI44: =AG44/AH44 -> 0.59976083 | AK44: ='QC Data 2024'!N44 -> 51 | AL44: =AK44/AA58 -> #DIV/0! | AM44: =AM43+AK44 -> 607.51 | AN44: =AM44/AF44 -> 0.0091520381 | AO44: 15 | AP44: =AP43+AO44 -> 615 | AZ44: 2022 | BA44: May | BB44: 0 | BC44: 2 | BD44: 0 | BE44: =SUM(BB44:BD44) -> 2 | BF44: 3525 | BG44: =SUM(BB33:BB44) -> 0 | BH44: =SUM(BF33:BF44) -> 50496.75 | BI44: =BG44*200000/(BH44+1280) -> 0 | BJ44: 2 | BM44: Amber | BN44: 15 | BU44: 135 | BV44: Bld Davit Arm Aby Cover
A45: 2024 | B45: 45579 | C45: Oct | D45: 42 | F45: 0.74 | G45: 1.29 | H45: 1.05 | I45: 1.4 | J45: 1.05 | L45: =AVERAGE(J42:J45) -> 0.9925 | M45: =AVERAGE(J38:J45) -> 1.02 | N45: 0.73 | O45: 0.95 | AA45: 592.75 | AB45: 266.25 | AC45: =AA45+AB45 -> 859 | AD45: =AB45/AC45 -> 0.30995343 | AF45: =AF44+AA59 -> 66379.75 | AG45: =AG44+AB59 -> 26455.75 | AH45: =AH44+AC45 -> 44969.5 | AI45: =AG45/AH45 -> 0.5883043 | AK45: ='QC Data 2024'!N45 -> 0 | AL45: =AK45/AA59 -> #DIV/0! | AM45: =AM44+AK45 -> 607.51 | AN45: =AM45/AF45 -> 0.0091520381 | AO45: 15 | AP45: =AP44+AO45 -> 630 | AZ45: 2022 | BA45: Jun | BB45: 0 | BC45: 2 | BD45: 1 | BE45: =SUM(BB45:BD45) -> 3 | BF45: 3898 | BG45: =SUM(BB34:BB45) -> 0 | BH45: =SUM(BF34:BF45) -> 50352 | BI45: =BG45*200000/(BH45+1280) -> 0 | BJ45: 2 | BM45: Goal | BN45: 5 | BU45: 140 | BV45: Build Hatch/Door
A46: 2024 | B46: 45586 | D46: 43 | F46: 0.78 | G46: 1.08 | H46: 0.89 | I46: 1.2 | J46: 0.96 | L46: =AVERAGE(J43:J46) -> 0.99 | M46: =AVERAGE(J39:J46) -> 1.01625 | N46: 0.73 | O46: 0.95 | AA46: 671.5 | AB46: 243 | AC46: =AA46+AB46 -> 914.5 | AD46: =AB46/AC46 -> 0.26571897 | AF46: =AF45+AA60 -> 66379.75 | AG46: =AG45+AB60 -> 26455.75 | AH46: =AH45+AC46 -> 45884 | AI46: =AG46/AH46 -> 0.57657898 | AK46: ='QC Data 2024'!N46 -> 0 | AL46: =AK46/AA60 -> #DIV/0! | AM46: =AM45+AK46 -> 607.51 | AN46: =AM46/AF46 -> 0.0091520381 | AO46: 15 | AP46: =AP45+AO46 -> 645 | AZ46: 2022 | BA46: Jul | BB46: 0 | BC46: 0 | BD46: 0 | BE46: =SUM(BB46:BD46) -> 0 | BF46: 4030 | BG46: =SUM(BB35:BB46) -> 0 | BH46: =SUM(BF35:BF46) -> 51051 | BI46: =BG46*200000/(BH46+1280) -> 0 | BJ46: 2 | BM46: Invisible | BN46: 100 | BU46: 145 | BV46: Install Cladding on Flng
A47: 2024 | B47: 45593 | D47: 44 | F47: 1.29 | G47: 1.13 | H47: 0.87 | I47: 0.73 | J47: 1.03 | L47: =AVERAGE(J44:J47) -> 1 | M47: =AVERAGE(J40:J47) -> 1.01 | N47: 0.73 | O47: 0.95 | AA47: 611.5 | AB47: 274 | AC47: =AA47+AB47 -> 885.5 | AD47: =AB47/AC47 -> 0.3094297 | AF47: =AF46+AA61 -> 66379.75 | AG47: =AG46+AB61 -> 26455.75 | AH47: =AH46+AC47 -> 46769.5 | AI47: =AG47/AH47 -> 0.56566245 | AK47: ='QC Data 2024'!N47 -> 0 | AL47: =AK47/AA61 -> #DIV/0! | AM47: =AM46+AK47 -> 607.51 | AN47: =AM47/AF47 -> 0.0091520381 | AO47: 15 | AP47: =AP46+AO47 -> 660 | AZ47: 2022 | BA47: Aug | BB47: 0 | BC47: 1 | BD47: 3 | BE47: =SUM(BB47:BD47) -> 4 | BF47: 5039.5 | BG47: =SUM(BB36:BB47) -> 0 | BH47: =SUM(BF36:BF47) -> 52721.5 | BI47: =BG47*200000/(BH47+1280) -> 0 | BJ47: 2 | BU47: 147 | BV47: Install Clad on Blind/Cov
A48: 2024 | B48: 45600 | D48: 45 | J48: 1.01 | L48: =AVERAGE(J45:J48) -> 1.0125 | M48: =AVERAGE(J41:J48) -> 0.9975 | N48: 0.73 | O48: 0.95 | AA48: 573.5 | AB48: 265.25 | AC48: =AA48+AB48 -> 838.75 | AD48: =AB48/AC48 -> 0.31624441 | AF48: =AF47+AA62 -> 66379.75 | AG48: =AG47+AB62 -> 26455.75 | AH48: =AH47+AC48 -> 47608.25 | AI48: =AG48/AH48 -> 0.55569675 | AK48: ='QC Data 2024'!N48 -> 5 | AL48: =AK48/AA62 -> #DIV/0! | AM48: =AM47+AK48 -> 612.51 | AN48: =AM48/AF48 -> 0.0092273623 | AO48: 15 | AP48: =AP47+AO48 -> 675 | AZ48: 2022 | BA48: Sep | BB48: 0 | BC48: 0 | BD48: 0 | BE48: =SUM(BB48:BD48) -> 0 | BF48: 4765 | BG48: =SUM(BB37:BB48) -> 0 | BH48: =SUM(BF37:BF48) -> 54231.5 | BI48: =BG48*200000/(BH48+1280) -> 0 | BJ48: 2 | BM48: YTD | BN48: =BQ40 -> 0.57692308 | BU48: 150 | BV48: B&C Top, Bottom Plates
A49: 2024 | B49: 45607 | C49: Nov | D49: 46 | J49: 1 | L49: =AVERAGE(J46:J49) -> 1 | M49: =AVERAGE(J42:J49) -> 0.99625 | N49: 0.73 | O49: 0.95 | AA49: 580 | AB49: 210.25 | AC49: =AA49+AB49 -> 790.25 | AD49: =AB49/AC49 -> 0.26605505 | AF49: =AF48+AA63 -> 66379.75 | AG49: =AG48+AB63 -> 26455.75 | AH49: =AH48+AC49 -> 48398.5 | AI49: =AG49/AH49 -> 0.54662335 | AK49: ='QC Data 2024'!N49 -> 1 | AL49: =AK49/AA63 -> #DIV/0! | AM49: =AM48+AK49 -> 613.51 | AN49: =AM49/AF49 -> 0.0092424271 | AO49: 15 | AP49: =AP48+AO49 -> 690 | AZ49: 2022 | BA49: Oct | BB49: 1 | BC49: 0 | BD49: 1 | BE49: =SUM(BB49:BD49) -> 2 | BF49: 4974 | BG49: =SUM(BB38:BB49) -> 1 | BH49: =SUM(BF38:BF49) -> 54076.5 | BI49: =BG49*200000/(BH49+1280) -> 3.6129452 | BJ49: 2 | BM49: Pointer | BN49: 0.02 | BU49: 155 | BV49: B&C parts-lugs, supp, etc
A50: 2024 | B50: 45614 | D50: 47 | J50: 1 | L50: =AVERAGE(J47:J50) -> 1.01 | M50: =AVERAGE(J43:J50) -> 1 | N50: 0.73 | O50: 0.95 | AA50: 553 | AB50: 245.5 | AC50: =AA50+AB50 -> 798.5 | AD50: =AB50/AC50 -> 0.30745147 | AF50: =AF49+AA64 -> 66379.75 | AG50: =AG49+AB64 -> 26455.75 | AH50: =AH49+AC50 -> 49197 | AI50: =AG50/AH50 -> 0.53775129 | AK50: ='QC Data 2024'!N50 -> 0 | AL50: =AK50/AA64 -> #DIV/0! | AM50: =AM49+AK50 -> 613.51 | AN50: =AM50/AF50 -> 0.0092424271 | AO50: 15 | AP50: =AP49+AO50 -> 705 | AZ50: 2022 | BA50: Nov | BB50: 0 | BC50: 1 | BD50: 0 | BE50: =SUM(BB50:BD50) -> 1 | BF50: 4607 | BG50: =SUM(BB39:BB50) -> 1 | BH50: =SUM(BF39:BF50) -> 53581.5 | BI50: =BG50*200000/(BH50+1280) -> 3.6455438 | BJ50: 2 | BM50: End | BN50: =2-BN48-BN49 -> 1.4030769 | BU50: 160 | BV50: B&C parts-stiff, vr, etc
A51: 2024 | B51: 45621 | D51: 48 | F51: 0.57 | G51: 1.3 | H51: 1.12 | I51: 1 | J51: 1.07 | L51: =AVERAGE(J48:J51) -> 1.02 | M51: =AVERAGE(J44:J51) -> 1.01 | N51: 0.73 | O51: 0.95 | AA51: 243.5 | AB51: 113.75 | AC51: =AA51+AB51 -> 357.25 | AD51: =AB51/AC51 -> 0.31840448 | AF51: =AF50+AA65 -> 66379.75 | AG51: =AG50+AB65 -> 26455.75 | AH51: =AH50+AC51 -> 49554.25 | AI51: =AG51/AH51 -> 0.53387449 | AK51: ='QC Data 2024'!N51 -> 16 | AL51: =AK51/AA65 -> #DIV/0! | AM51: =AM50+AK51 -> 629.51 | AN51: =AM51/AF51 -> 0.0094834645 | AO51: 15 | AP51: =AP50+AO51 -> 720 | AZ51: 2022 | BA51: Dec | BB51: 0 | BC51: 1 | BD51: 0 | BE51: =SUM(BB51:BD51) -> 1 | BF51: 4314 | BG51: =SUM(BB40:BB51) -> 1 | BH51: =SUM(BF40:BF51) -> 52876.5 | BI51: =BG51*200000/(BH51+1280) -> 3.6930008 | BJ51: 2 | BU51: 165 | BV51: Build Supports
A52: 2024 | B52: 45628 | D52: 49 | F52: 0.73 | G52: 0.8 | H52: 1.03 | I52: 1 | J52: 0.91 | L52: =AVERAGE(J49:J52) -> 0.995 | M52: =AVERAGE(J45:J52) -> 1.00375 | N52: 0.73 | O52: 0.95 | AA52: 424.5 | AB52: 342 | AC52: =AA52+AB52 -> 766.5 | AD52: =AB52/AC52 -> 0.44618395 | AF52: =AF51+AA66 -> 66379.75 | AG52: =AG51+AB66 -> 26455.75 | AH52: =AH51+AC52 -> 50320.75 | AI52: =AG52/AH52 -> 0.52574236 | AK52: ='QC Data 2024'!N52 -> 21.5 | AL52: =AK52/AA66 -> #DIV/0! | AM52: =AM51+AK52 -> 651.01 | AN52: =AM52/AF52 -> 0.0098073584 | AO52: 15 | AP52: =AP51+AO52 -> 735 | AZ52: 2023 | BA52: Jan | BB52: 0 | BC52: 1 | BD52: 1 | BE52: =SUM(BB52:BD52) -> 2 | BF52: 5390 | BG52: =SUM(BB41:BB52) -> 1 | BH52: =SUM(BF41:BF52) -> 53583.5 | BI52: =BG52*200000/(BH52+1280) -> 3.6454109 | BJ52: 1 | BU52: 170 | BV52: Roll Repads-Drill & Tap
A53: 2024 | B53: 45635 | C53: Dec | D53: 50 | F53: 0.86 | G53: 0.55 | H53: 0.69 | I53: 1 | J53: 0.65 | L53: =AVERAGE(J50:J53) -> 0.9075 | M53: =AVERAGE(J46:J53) -> 0.95375 | N53: 0.73 | O53: 0.95 | AA53: 433.75 | AB53: 367 | AC53: =AA53+AB53 -> 800.75 | AD53: =AB53/AC53 -> 0.45832032 | AF53: =AF52+AA67 -> 66379.75 | AG53: =AG52+AB67 -> 26455.75 | AH53: =AH52+AC53 -> 51121.5 | AI53: =AG53/AH53 -> 0.51750731 | AK53: ='QC Data 2024'!N53 -> 28.75 | AL53: =AK53/AA67 -> #DIV/0! | AM53: =AM52+AK53 -> 679.76 | AN53: =AM53/AF53 -> 0.010240472 | AO53: 15 | AP53: =AP52+AO53 -> 750 | AZ53: 2023 | BA53: Feb | BB53: 1 | BC53: 3 | BD53: 0 | BE53: =SUM(BB53:BD53) -> 4 | BF53: 5469.25 | BG53: =SUM(BB42:BB53) -> 2 | BH53: =SUM(BF42:BF53) -> 54019.75 | BI53: =BG53*200000/(BH53+1280) -> 7.2333058 | BJ53: 1 | BU53: 175 | BV53: B&W Base Ring, Skirt
A54: 2024 | B54: 45642 | D54: 51 | F54: 0.84 | G54: 0.8 | H54: 0.8 | I54: 1 | J54: 0.81 | L54: =AVERAGE(J51:J54) -> 0.86 | M54: =AVERAGE(J47:J54) -> 0.935 | N54: 0.73 | O54: 0.95 | AA54: 431.25 | AB54: 288 | AC54: =AA54+AB54 -> 719.25 | AD54: =AB54/AC54 -> 0.4004171 | AF54: =AF53+AA68 -> 66379.75 | AG54: =AG53+AB68 -> 26455.75 | AH54: =AH53+AC54 -> 51840.75 | AI54: =AG54/AH54 -> 0.5103273 | AK54: ='QC Data 2024'!N54 -> 14.5 | AL54: =AK54/AA68 -> #DIV/0! | AM54: =AM53+AK54 -> 694.26 | AN54: =AM54/AF54 -> 0.010458913 | AO54: 15 | AP54: =AP53+AO54 -> 765 | AZ54: 2023 | BA54: Mar | BB54: 0 | BC54: 0 | BD54: 1 | BE54: =SUM(BB54:BD54) -> 1 | BF54: 6230.75 | BG54: =SUM(BB43:BB54) -> 2 | BH54: =SUM(BF43:BF54) -> 55604.5 | BI54: =BG54*200000/(BH54+1280) -> 7.0317925 | BJ54: 1 | BU54: 180 | BV54: Skirt-BI, SQ, T&C
A55: 2024 | B55: 45649 | D55: 52 | F55: 1 | G55: 0.83 | H55: 1.01 | I55: 1 | J55: 0.93 | L55: =AVERAGE(J52:J55) -> 0.825 | M55: =AVERAGE(J48:J55) -> 0.9225 | N55: 0.73 | O55: 0.95 | AA55: 172 | AB55: 99 | AC55: =AA55+AB55 -> 271 | AD55: =AB55/AC55 -> 0.36531365 | AF55: =AF54+AA69 -> 66379.75 | AG55: =AG54+AB69 -> 26455.75 | AH55: =AH54+AC55 -> 52111.75 | AI55: =AG55/AH55 -> 0.50767341 | AK55: ='QC Data 2024'!N55 -> 0 | AL55: =AK55/AA69 -> #DIV/0! | AM55: =AM54+AK55 -> 694.26 | AN55: =AM55/AF55 -> 0.010458913 | AO55: 15 | AP55: =AP54+AO55 -> 780 | AZ55: 2023 | BA55: Apr | BB55: 0 | BC55: 0 | BD55: 1 | BE55: =SUM(BB55:BD55) -> 1 | BF55: 4990.75 | BG55: =SUM(BB44:BB55) -> 2 | BH55: =SUM(BF44:BF55) -> 57233.25 | BI55: =BG55*200000/(BH55+1280) -> 6.8360585 | BJ55: 1 | BU55: 185 | BV55: Roll Skirt Shells
E56: Full Year | L56: =AVERAGE(J53:J56) -> 0.79666667 | M56: =AVERAGE(J49:J56) -> 0.91 | N56: 0.73 | O56: 0.95 | AC56: =AA56+AB56 -> 0 | AD56: =AB56/AC56 -> #DIV/0! | AF56: =AF55+AA70 -> 66379.75 | AG56: =AG55+AB70 -> 26455.75 | AH56: =AH55+AC56 -> 52111.75 | AI56: =AG56/AH56 -> 0.50767341 | AK56: =SUM(AK4:AK55) -> 694.26 | AL56: =AK56/AA70 -> #DIV/0! | AM56: =AM55+AK56 -> 1388.52 | AN56: =AM56/AF56 -> 0.020917825 | AO56: 15 | AP56: =AP55+AO56 -> 795 | AZ56: 2023 | BA56: May | BB56: 0 | BC56: 0 | BD56: 0 | BE56: =SUM(BB56:BD56) -> 0 | BF56: 5013.25 | BG56: =SUM(BB45:BB56) -> 2 | BH56: =SUM(BF45:BF56) -> 58721.5 | BI56: =BG56*200000/(BH56+1280) -> 6.6665 | BJ56: 1 | BU56: 200 | BV56: Bld Lift Lugs, Grd Lugs
AA57: =SUM(AA4:AA56) -> 36943.75 | AB57: =SUM(AB4:AB56) -> 15168 | AC57: =AA57+AB57 -> 52111.75 | AD57: =AB57/AC57 -> 0.29106679 | AZ57: 2023 | BA57: Jun | BB57: 0 | BC57: 1 | BD57: 0 | BE57: =SUM(BB57:BD57) -> 1 | BF57: 4337.75 | BG57: =SUM(BB46:BB57) -> 2 | BH57: =SUM(BF46:BF57) -> 59161.25 | BI57: =BG57*200000/(BH57+1280) -> 6.6179968 | BJ57: 1 | BU57: 205 | BV57: Roll Rim Angle
F58: 4032 | G58: 19262 | H58: 16570 | I58: 565 | J58: =SUM(F58:I58) -> 40429 | AK58: =AK56/AA57 -> 0.018792353 | AZ58: 2023 | BA58: Jul | BB58: 1 | BC58: 0 | BD58: 0 | BE58: =SUM(BB58:BD58) -> 1 | BF58: 3849.75 | BG58: =SUM(BB47:BB58) -> 3 | BH58: =SUM(BF47:BF58) -> 58981 | BI58: =BG58*200000/(BH58+1280) -> 9.9566884 | BJ58: 1 | BU58: 210 | BV58: Roll Insulation Rings
AZ59: 2023 | BA59: Aug | BB59: 1 | BC59: 1 | BD59: 0 | BE59: =SUM(BB59:BD59) -> 2 | BF59: 5185.5 | BG59: =SUM(BB48:BB59) -> 4 | BH59: =SUM(BF48:BF59) -> 59127 | BI59: =BG59*200000/(BH59+1280) -> 13.243498 | BJ59: 1 | BU59: 215 | BV59: B&C Baffles
AZ60: 2023 | BA60: Sep | BB60: 0 | BC60: 0 | BD60: 0 | BE60: =SUM(BB60:BD60) -> 0 | BF60: 4122.75 | BG60: =SUM(BB49:BB60) -> 4 | BH60: =SUM(BF49:BF60) -> 58484.75 | BI60: =BG60*200000/(BH60+1280) -> 13.385817 | BJ60: 1 | BU60: 220 | BV60: Form Baffles
AZ61: 2023 | BA61: Oct | BB61: 0 | BC61: 0 | BD61: 0 | BE61: =SUM(BB61:BD61) -> 0 | BF61: 5403.75 | BG61: =SUM(BB50:BB61) -> 3 | BH61: =SUM(BF50:BF61) -> 58914.5 | BI61: =BG61*200000/(BH61+1280) -> 9.9676881 | BJ61: 1 | BU61: 225 | BV61: Cut, Make Baffle Supports
AZ62: 2023 | BA62: Nov | BB62: 0 | BC62: 0 | BD62: 1 | BE62: =SUM(BB62:BD62) -> 1 | BF62: 5218.25 | BG62: =SUM(BB51:BB62) -> 3 | BH62: =SUM(BF51:BF62) -> 59525.75 | BI62: =BG62*200000/(BH62+1280) -> 9.8674879 | BJ62: 1 | BU62: 230 | BV62: Build Baffles-Weld
AZ63: 2023 | BA63: Dec | BB63: 0 | BC63: 0 | BD63: 0 | BE63: =SUM(BB63:BD63) -> 0 | BF63: 4308.25 | BG63: =SUM(BB52:BB63) -> 3 | BH63: =SUM(BF52:BF63) -> 59520 | BI63: =BG63*200000/(BH63+1280) -> 9.8684211 | BJ63: 1 | BU63: 235 | BV63: Bld T-B Stiffeners
AZ64: 2024 | BA64: Jan | BB64: 0 | BC64: 0 | BD64: 0 | BE64: =SUM(BB64:BD64) -> 0 | BF64: =3663.5+1909.25 -> 5572.75 | BG64: =SUM(BB53:BB64) -> 3 | BH64: =SUM(BF53:BF64) -> 59702.75 | BI64: =BG64*200000/(BH64+1280) -> 9.8388479 | BJ64: 1 | BU64: 240 | BV64: Roll/Burn vacuum rings
AZ65: 2024 | BA65: Feb | BB65: 0 | BC65: 0 | BD65: 1 | BE65: =SUM(BB65:BD65) -> 1 | BF65: =3704.75+1733.75 -> 5438.5 | BG65: =SUM(BB54:BB65) -> 2 | BH65: =SUM(BF54:BF65) -> 59672 | BI65: =BG65*200000/(BH65+1280) -> 6.562541 | BJ65: 1 | BU65: 245 | BV65: Cut Parts-Mixer Bridge
AZ66: 2024 | BA66: Mar | BB66: 0 | BC66: 0 | BD66: 0 | BE66: =SUM(BB66:BD66) -> 0 | BF66: =4107+1452.5 -> 5559.5 | BG66: =SUM(BB55:BB66) -> 2 | BH66: =SUM(BF55:BF66) -> 59000.75 | BI66: =BG66*200000/(BH66+1280) -> 6.6356175 | BJ66: 1 | BM66: YTD Performance | BU66: 250 | BV66: Roll Pipe-Internal Coil
AZ67: 2024 | BA67: Apr | BB67: 0 | BC67: 0 | BD67: 1 | BE67: =SUM(BB67:BD67) -> 1 | BF67: =4273.25+1237.75 -> 5511 | BG67: =SUM(BB56:BB67) -> 2 | BH67: =SUM(BF56:BF67) -> 59521 | BI67: =BG67*200000/(BH67+1280) -> 6.5788392 | BJ67: 1 | BU67: 252 | BV67: Fab Miscellaneous Parts
AZ68: 2024 | BA68: May | BB68: 0 | BC68: 0 | BD68: 1 | BE68: =SUM(BB68:BD68) -> 1 | BF68: =3747+993 -> 4740 | BG68: =SUM(BB57:BB68) -> 2 | BH68: =SUM(BF57:BF68) -> 59247.75 | BI68: =BG68*200000/(BH68+1280) -> 6.6085391 | BJ68: 1 | BM68: Total | BN68: On Time | BO68: Late | BP68: OTC % | BU68: 255 | BV68: Drill/Punch holes
AZ69: 2024 | BA69: Jun | BB69: 0 | BC69: 0 | BD69: 0 | BE69: =SUM(BB69:BD69) -> 0 | BF69: =3713.25+1098 -> 4811.25 | BG69: =SUM(BB58:BB69) -> 2 | BH69: =SUM(BF58:BF69) -> 59721.25 | BI69: =BG69*200000/(BH69+1280) -> 6.5572427 | BJ69: 1 | BM69: =BP40 -> 26 | BN69: =BN40 -> 15 | BO69: =BO40 -> 11 | BP69: =BQ40 -> 0.57692308 | BU69: 257 | BV69: Build Flanges
AZ70: 2024 | BA70: Jul | BB70: 0 | BC70: 0 | BD70: 1 | BE70: =SUM(BB70:BD70) -> 1 | BF70: =3319.75+1250.75 -> 4570.5 | BG70: =SUM(BB59:BB70) -> 1 | BH70: =SUM(BF59:BF70) -> 60442 | BI70: =BG70*200000/(BH70+1280) -> 3.2403357 | BJ70: 1 | BU70: 260 | BV70: Sandblast Parts/Plates
AZ71: 2024 | BA71: Aug | BB71: 0 | BC71: 0 | BD71: 0 | BE71: =SUM(BB71:BD71) -> 0 | BF71: =2316.75+1070.5 -> 3387.25 | BG71: =SUM(BB60:BB71)+0.005 -> 0.005 | BH71: =SUM(BF60:BF71) -> 58643.75 | BI71: =BG71*200000/(BH71+1280) -> 0.016687874 | BJ71: 1 | BU71: 261 | BV71: Misc Fabrication
AZ72: 2024 | BA72: Sep | BB72: 0 | BC72: 1 | BD72: 0 | BE72: =SUM(BB72:BD72) -> 1 | BF72: =1908.75+1084.5 -> 2993.25 | BG72: =SUM(BB61:BB72)+0.005 -> 0.005 | BH72: =SUM(BF61:BF72) -> 57514.25 | BI72: =BG72*200000/(BH72+1280) -> 0.017008466 | BJ72: 1 | BU72: 262 | BV72: Cut, Build Ladder Parts
AZ73: 2024 | BA73: Oct | BB73: 0 | BC73: 1 | BD73: 0 | BE73: =SUM(BB73:BD73) -> 1 | BF73: =2727.75+1453.75 -> 4181.5 | BG73: =SUM(BB62:BB73)+0.005 -> 0.005 | BH73: =SUM(BF62:BF73) -> 56292 | BI73: =BG73*200000/(BH73+1280) -> 0.017369555 | BJ73: 1 | BU73: 265 | BV73: Form and Roll Ladder Hoop
AZ74: 2024 | BA74: Nov | BB74: 0 | BC74: 0 | BD74: 1 | BE74: =SUM(BB74:BD74) -> 1 | BF74: =2000+845.75 -> 2845.75 | BG74: =SUM(BB63:BB74)+0.005 -> 0.005 | BH74: =SUM(BF63:BF74) -> 53919.5 | BI74: =BG74*200000/(BH74+1280) -> 0.018116106 | BJ74: 1 | BU74: 270 | BV74: Build Ladder-Weld
AZ75: 2024 | BA75: Dec | BB75: 0 | BC75: 0 | BD75: 1 | BE75: =SUM(BB75:BD75) -> 1 | BF75: =1461.5+1096 -> 2557.5 | BG75: =SUM(BB64:BB75)+0.005 -> 0.005 | BH75: =SUM(BF64:BF75) -> 52168.75 | BI75: =BG75*200000/(BH75+1280) -> 0.018709511 | BJ75: 1 | BU75: 272 | BV75: Cut, Build Handrail Parts
BU76: 275 | BV76: Roll Handrail Pipe
E77: 2023 Total Direct Hours | I77: 42677 | BU77: 280 | BV77: Roll Handrail Toe Plate
E78: 2023 Labor Efficiency - Full Year | I78: 0.73 | BU78: 282 | BV78: Build Handrail-Weld
E79: 2023 Productive Hours | I79: =I77*I78 -> 31154.21 | BU79: 285 | BV79: Cut, Build Platform Parts
BU80: 290 | BV80: Burn Platform Grating
E81: Avg. Labor Efficiency - 2020 - 2022 | I81: 0.85 | BU81: 292 | BV81: Build Platform-Weld
E82: 2023 Labor Hours @ 85% Efficiency | I82: =I79/I81 -> 36652.012 | BU82: 295 | BV82: Mount Platform Handrail
BU83: 300 | BV83: Wrap Top & Bottom Heads
E84: Hours Lost 73% vs. 85% Efficiency | I84: =I77-I82 -> 6024.9882 | BU84: 305 | BV84: BI, SQ, T&C Shells
BU85: 310 | BV85: Bevel Shell Plates
E86: Profit Lost 73% vs. 85% (@ $30 / Hr.) | I86: =I84*30 -> 180749.65 | BU86: 315 | BV86: Roll Shell, Tack-Weld I/S
BU87: 320 | BV87: S/U and Weld Sides
BU88: 325 | BV88: Install Body Flg-Shl W/C
AZ89: 2024 | BA89: YTD | BB89: =SUM(BB64:BB75)+0.05 -> 0.05 | BC89: =SUM(BC64:BC75) -> 2 | BD89: =SUM(BD64:BD75) -> 6 | BE89: =SUM(BE64:BE75) -> 8 | BF89: =SUM(BF64:BF75) -> 52168.75 | BU89: 326 | BV89: Weld Body Flg Shell
AZ90: 2023 | BA90: YTD | BB90: =SUM(BB52:BB56) -> 1 | BC90: =SUM(BC52:BC56) -> 4 | BD90: =SUM(BD52:BD56) -> 3 | BE90: =SUM(BE52:BE56) -> 8 | BF90: =SUM(BF52:BF56) -> 27094 | BU90: 350 | BV90: Build Top Head/Cone
AZ91: 2022 | BA91: YTD | BB91: =SUM(BB40:BB41) -> 0 | BC91: =SUM(BC40:BC41) -> 1 | BD91: =SUM(BD40:BD41) -> 2 | BE91: =SUM(BE40:BE41) -> 3 | BF91: =SUM(BF40:BF41) -> 9716 | BU91: 355 | BV91: L/O Top, B&C Holes
AZ92: 2021 | BA92: YTD | BB92: =SUM(BB28:BB29) -> 0 | BC92: =SUM(BC28:BC29) -> 0 | BD92: =SUM(BD28:BD29) -> 1 | BE92: =SUM(BE28:BE29) -> 1 | BF92: =SUM(BF28:BF29) -> 6331.75 | BU92: 360 | BV92: Bevel Top Head
AZ93: 2020 | BA93: YTD | BB93: =SUM(BB16:BB17) -> 0 | BC93: =SUM(BC16:BC17) -> 1 | BD93: =SUM(BD16:BD17) -> 1 | BE93: =SUM(BE16:BE17) -> 2 | BF93: =SUM(BF16:BF17) -> 7502 | BU93: 365 | BV93: Set Nozzles in Top-Weld
BU94: 366 | BV94: Weld Nozzles - Top Head
BU95: 370 | BV95: I&W Repads -Top
AZ96: Rolling 12 Months | BB96: =SUM(BB34:BB45) -> 0 | BC96: =SUM(BC34:BC45) -> 12 | BD96: =SUM(BD34:BD45) -> 8 | BE96: =SUM(BE34:BE45) -> 20 | BF96: =SUM(BF34:BF45) -> 50352 | BU96: 375 | BV96: Install Top Stiffeners
BU97: 380 | BV97: Build Mixer Bridge
BU98: 382 | BV98: Install Body Flg-Top W/C
BU99: 383 | BV99: Weld Body Flg - Top W/C
BU100: 385 | BV100: Dye Pen Top
...

Sheet QC Data 2024
F2: Weekly Quality Issues | K2: Rework Hours x Cause | P2: Rework Materials x Cause | U2: Rework Cost x Cause
A3: Year | B3: Week of | C3: Month | D3: Week | F3: Minor | G3: Moderate | H3: Major | I3: Total | K3: Welding | L3: Fit-Up | M3: Other | N3: Total | P3: Welding | Q3: Fit-Up | R3: Other | S3: Total | U3: Welding | V3: Fit-Up | W3: Other | X3: Total | Y3: Total | AB3: Welding | AC3: Fit-Up | AD3: Other | AE3: Total | AF3: Target
A4: 2024 | B4: 45292 | D4: 1 | F4: 0 | G4: 0 | H4: 0 | I4: =F4+G4+H4 -> 0 | K4: 4 | L4: 8 | M4: 0 | N4: =SUM(K4:M4) -> 12 | P4: 0 | Q4: 0 | R4: 0 | S4: =SUM(P4:R4) -> 0 | U4: =(K4*80)+P4 -> 320 | V4: =(L4*80)+Q4 -> 640 | W4: =(M4*80)+R4 -> 0 | X4: =SUM(U4:W4) -> 960 | Y4: 1500 | AA4: Jan | AB4: =U4+U5+U6+U7 -> 2920 | AC4: =V4+V5+V6+V7 -> 6560 | AD4: =W4+W5+W6+W7 -> 5000 | AE4: =SUM(AB4:AD4) -> 14480 | AF4: 6500
A5: 2024 | B5: 45299 | D5: 2 | F5: 0 | G5: 0 | H5: 2 | I5: =F5+G5+H5 -> 2 | K5: 15 | L5: 21.5 | M5: 0 | N5: =SUM(K5:M5) -> 36.5 | P5: 0 | Q5: 0 | R5: 5000 | S5: =SUM(P5:R5) -> 5000 | U5: =(K5*80)+P5 -> 1200 | V5: =(L5*80)+Q5 -> 1720 | W5: =(M5*80)+R5 -> 5000 | X5: =SUM(U5:W5) -> 7920 | Y5: 1500 | AA5: Feb | AB5: =U8+U9+U10+U11 -> 4760 | AC5: =V8+V9+V10+V11 -> 2640 | AD5: =W8+W9+W10+W11 -> 0 | AE5: =SUM(AB5:AD5) -> 7400 | AF5: 6500
A6: 2024 | B6: 45306 | C6: Jan | D6: 3 | F6: 0 | G6: 2 | H6: 2 | I6: =F6+G6+H6 -> 4 | K6: 2.5 | L6: 18.5 | M6: 0 | N6: =SUM(K6:M6) -> 21 | P6: 0 | Q6: 0 | R6: 0 | S6: =SUM(P6:R6) -> 0 | U6: =(K6*80)+P6 -> 200 | V6: =(L6*80)+Q6 -> 1480 | W6: =(M6*80)+R6 -> 0 | X6: =SUM(U6:W6) -> 1680 | Y6: 1500 | AA6: Mar | AB6: =U12+U13+U14+U15+U16 -> 1880 | AC6: =V12+V13+V14+V15+V16 -> 1280 | AD6: =W12+W13+W14+W15+W16 -> 220 | AE6: =SUM(AB6:AD6) -> 3380 | AF6: 6500
A7: 2024 | B7: 45313 | D7: 4 | F7: 0 | G7: 0 | H7: 1 | I7: =F7+G7+H7 -> 1 | K7: 15 | L7: 34 | M7: 0 | N7: =SUM(K7:M7) -> 49 | P7: 0 | Q7: 0 | R7: 0 | S7: =SUM(P7:R7) -> 0 | U7: =(K7*80)+P7 -> 1200 | V7: =(L7*80)+Q7 -> 2720 | W7: =(M7*80)+R7 -> 0 | X7: =SUM(U7:W7) -> 3920 | Y7: 1500 | AA7: Apr | AB7: =U17+U18+U19+U20 -> 1920 | AC7: =V17+V18+V19+V20 -> 1360 | AD7: =W17+W18+W19+W20 -> 2280 | AE7: =SUM(AB7:AD7) -> 5560 | AF7: 6500
A8: 2024 | B8: 45320 | D8: 5 | F8: 0 | G8: 0 | H8: 0 | I8: =F8+G8+H8 -> 0 | K8: 26.5 | L8: 12 | M8: 0 | N8: =SUM(K8:M8) -> 38.5 | P8: 0 | Q8: 0 | R8: 0 | S8: =SUM(P8:R8) -> 0 | U8: =(K8*80)+P8 -> 2120 | V8: =(L8*80)+Q8 -> 960 | W8: =(M8*80)+R8 -> 0 | X8: =SUM(U8:W8) -> 3080 | Y8: 1500 | AA8: May | AB8: =U21+U22+U23+U24+U25 -> 133.6 | AC8: =V21+V22+V23+V24+V25 -> 1433.6 | AD8: =W21+W22+W23+W24+W25 -> 240 | AE8: =SUM(AB8:AD8) -> 1807.2 | AF8: 6500
A9: 2024 | B9: 45327 | D9: 6 | F9: 1 | G9: 0 | H9: 1 | I9: =F9+G9+H9 -> 2 | K9: 9 | L9: 0 | M9: 0 | N9: =SUM(K9:M9) -> 9 | P9: 0 | Q9: 0 | R9: 0 | S9: =SUM(P9:R9) -> 0 | U9: =(K9*80)+P9 -> 720 | V9: =(L9*80)+Q9 -> 0 | W9: =(M9*80)+R9 -> 0 | X9: =SUM(U9:W9) -> 720 | Y9: 1500 | AA9: Jun | AB9: =U26+U27+U28+U29 -> 160 | AC9: =V26+V27+V28+V29 -> 0 | AD9: =W26+W27+W28+W29 -> 4696.96 | AE9: =SUM(AB9:AD9) -> 4856.96 | AF9: 6500
A10: 2024 | B10: 45334 | C10: Feb | D10: 7 | F10: 0 | G10: 0 | H10: 2 | I10: =F10+G10+H10 -> 2 | K10: 21 | L10: 0 | M10: 0 | N10: =SUM(K10:M10) -> 21 | P10: 0 | Q10: 0 | R10: 0 | S10: =SUM(P10:R10) -> 0 | U10: =(K10*80)+P10 -> 1680 | V10: =(L10*80)+Q10 -> 0 | W10: =(M10*80)+R10 -> 0 | X10: =SUM(U10:W10) -> 1680 | Y10: 1500 | AA10: Jul | AB10: =U30+U31+U32+U33 -> 720 | AC10: =V30+V31+V32+V33 -> 2464 | AD10: =W30+W31+W32+W33 -> 1600 | AE10: =SUM(AB10:AD10) -> 4784 | AF10: 6500
A11: 2024 | B11: 45341 | D11: 8 | F11: 1 | G11: 1 | H11: 1 | I11: =F11+G11+H11 -> 3 | K11: 3 | L11: 21 | M11: 0 | N11: =SUM(K11:M11) -> 24 | P11: 0 | Q11: 0 | R11: 0 | S11: =SUM(P11:R11) -> 0 | U11: =(K11*80)+P11 -> 240 | V11: =(L11*80)+Q11 -> 1680 | W11: =(M11*80)+R11 -> 0 | X11: =SUM(U11:W11) -> 1920 | Y11: 1500 | AA11: Aug | AB11: =U34+U35+U36+U37+U38 -> 2990 | AC11: =V34+V35+V36+V37+V38 -> 3080 | AD11: =W34+W35+W36+W37+W38 -> 7080 | AE11: =SUM(AB11:AD11) -> 13150 | AF11: 6500
A12: 2024 | B12: 45348 | D12: 9 | F12: 1 | G12: 1 | H12: 3 | I12: =F12+G12+H12 -> 5 | K12: 0 | L12: 5 | M12: 0 | N12: =SUM(K12:M12) -> 5 | P12: 0 | Q12: 0 | R12: 0 | S12: =SUM(P12:R12) -> 0 | U12: =(K12*80)+P12 -> 0 | V12: =(L12*80)+Q12 -> 400 | W12: =(M12*80)+R12 -> 0 | X12: =SUM(U12:W12) -> 400 | Y12: 1500 | AA12: Sep | AB12: =U39+U40+U41+U42 -> 200 | AC12: =V39+V40+V41+V42 -> 1040 | AD12: =W39+W40+W41+W42 -> 2805.26 | AE12: =SUM(AB12:AD12) -> 4045.26 | AF12: 6500
A13: 2024 | B13: 45355 | D13: 10 | F13: 0 | G13: 0 | H13: 3 | I13: =F13+G13+H13 -> 3 | K13: 1.5 | L13: 0 | M13: 0 | N13: =SUM(K13:M13) -> 1.5 | P13: 0 | Q13: 0 | R13: 0 | S13: =SUM(P13:R13) -> 0 | U13: =(K13*80)+P13 -> 120 | V13: =(L13*80)+Q13 -> 0 | W13: =(M13*80)+R13 -> 0 | X13: =SUM(U13:W13) -> 120 | Y13: 1500 | AA13: Oct | AB13: =U43+U44+U45+U46 -> 80 | AC13: =V43+V44+V45+V46 -> 6040 | AD13: =W43+W44+W45+W46 -> 0 | AE13: =SUM(AB13:AD13) -> 6120 | AF13: 6500
A14: 2024 | B14: 45362 | C14: Mar | D14: 11 | F14: 0 | G14: 0 | H14: 7 | I14: =F14+G14+H14 -> 7 | K14: 0 | L14: 0 | M14: 2.75 | N14: =SUM(K14:M14) -> 2.75 | P14: 0 | Q14: 0 | R14: 0 | S14: =SUM(P14:R14) -> 0 | U14: =(K14*80)+P14 -> 0 | V14: =(L14*80)+Q14 -> 0 | W14: =(M14*80)+R14 -> 220 | X14: =SUM(U14:W14) -> 220 | Y14: 1500 | AA14: Nov | AB14: =U47+U48+U49+U50+U51 -> 1360 | AC14: =V47+V48+V49+V50+V51 -> 400 | AD14: =W47+W48+W49+W50+W51 -> 15.51 | AE14: =SUM(AB14:AD14) -> 1775.51 | AF14: 6500
A15: 2024 | B15: 45369 | D15: 12 | F15: 3 | G15: 0 | H15: 1 | I15: =F15+G15+H15 -> 4 | K15: 5 | L15: 0 | M15: 0 | N15: =SUM(K15:M15) -> 5 | P15: 0 | Q15: 0 | R15: 0 | S15: =SUM(P15:R15) -> 0 | U15: =(K15*80)+P15 -> 400 | V15: =(L15*80)+Q15 -> 0 | W15: =(M15*80)+R15 -> 0 | X15: =SUM(U15:W15) -> 400 | Y15: 1500 | AA15: Dec | AB15: =U52+U53+U54+U55 -> 2880 | AC15: =V52+V53+V54+V55 -> 0 | AD15: =W52+W53+W54+W55 -> 2300 | AE15: =SUM(AB15:AD15) -> 5180 | AF15: 6500
A16: 2024 | B16: 45376 | D16: 13 | F16: 1 | G16: 4 | H16: 3 | I16: =F16+G16+H16 -> 8 | K16: 17 | L16: 11 | M16: 0 | N16: =SUM(K16:M16) -> 28 | P16: 0 | Q16: 0 | R16: 0 | S16: =SUM(P16:R16) -> 0 | U16: =(K16*80)+P16 -> 1360 | V16: =(L16*80)+Q16 -> 880 | W16: =(M16*80)+R16 -> 0 | X16: =SUM(U16:W16) -> 2240 | Y16: 1500
A17: 2024 | B17: 45383 | D17: 14 | F17: 12 | G17: 6 | H17: 5 | I17: =F17+G17+H17 -> 23 | K17: 0 | L17: 10 | M17: 0 | N17: =SUM(K17:M17) -> 10 | P17: 0 | Q17: 0 | R17: 0 | S17: =SUM(P17:R17) -> 0 | U17: =(K17*80)+P17 -> 0 | V17: =(L17*80)+Q17 -> 800 | W17: =(M17*80)+R17 -> 0 | X17: =SUM(U17:W17) -> 800 | Y17: 1500
A18: 2024 | B18: 45390 | D18: 15 | F18: 8 | G18: 1 | H18: 4 | I18: =F18+G18+H18 -> 13 | K18: 5.5 | L18: 7 | M18: 24 | N18: =SUM(K18:M18) -> 36.5 | P18: 0 | Q18: 0 | R18: 0 | S18: =SUM(P18:R18) -> 0 | U18: =(K18*80)+P18 -> 440 | V18: =(L18*80)+Q18 -> 560 | W18: =(M18*80)+R18 -> 1920 | X18: =SUM(U18:W18) -> 2920 | Y18: 1500
A19: 2024 | B19: 45397 | C19: Apr | D19: 16 | F19: 6 | G19: 1 | H19: 7 | I19: =F19+G19+H19 -> 14 | K19: 10.5 | L19: 0 | M19: 4.5 | N19: =SUM(K19:M19) -> 15 | P19: 0 | Q19: 0 | R19: 0 | S19: =SUM(P19:R19) -> 0 | U19: =(K19*80)+P19 -> 840 | V19: =(L19*80)+Q19 -> 0 | W19: =(M19*80)+R19 -> 360 | X19: =SUM(U19:W19) -> 1200 | Y19: 1500
A20: 2024 | B20: 45404 | D20: 17 | F20: 0 | G20: 0 | H20: 0 | I20: =F20+G20+H20 -> 0 | K20: 8 | L20: 0 | M20: 0 | N20: =SUM(K20:M20) -> 8 | P20: 0 | Q20: 0 | R20: 0 | S20: =SUM(P20:R20) -> 0 | U20: =(K20*80)+P20 -> 640 | V20: =(L20*80)+Q20 -> 0 | W20: =(M20*80)+R20 -> 0 | X20: =SUM(U20:W20) -> 640 | Y20: 1500
A21: 2024 | B21: 45411 | D21: 18 | F21: 2 | G21: 5 | H21: 8 | I21: =F21+G21+H21 -> 15 | K21: 0 | L21: 16.75 | M21: 0 | N21: =SUM(K21:M21) -> 16.75 | P21: 0 | Q21: 0 | R21: 0 | S21: =SUM(P21:R21) -> 0 | U21: =(K21*80)+P21 -> 0 | V21: =(L21*80)+Q21 -> 1340 | W21: =(M21*80)+R21 -> 0 | X21: =SUM(U21:W21) -> 1340 | Y21: 1500
A22: 2024 | B22: 45418 | D22: 19 | F22: 6 | G22: 2 | H22: 9 | I22: =F22+G22+H22 -> 17 | K22: 0 | L22: 0 | M22: 3 | N22: =SUM(K22:M22) -> 3 | P22: 0 | Q22: 0 | R22: 0 | S22: =SUM(P22:R22) -> 0 | U22: =(K22*80)+P22 -> 0 | V22: =(L22*80)+Q22 -> 0 | W22: =(M22*80)+R22 -> 240 | X22: =SUM(U22:W22) -> 240 | Y22: 1500
A23: 2024 | B23: 45425 | C23: May | D23: 20 | F23: 2 | G23: 0 | H23: 4 | I23: =F23+G23+H23 -> 6 | K23: 0 | L23: 0 | M23: 0 | N23: =SUM(K23:M23) -> 0 | P23: 0 | Q23: 0 | R23: 0 | S23: =SUM(P23:R23) -> 0 | U23: =(K23*80)+P23 -> 0 | V23: =(L23*80)+Q23 -> 0 | W23: =(M23*80)+R23 -> 0 | X23: =SUM(U23:W23) -> 0 | Y23: 1500
A24: 2024 | B24: 45432 | D24: 21 | F24: 5 | G24: 2 | H24: 4 | I24: =F24+G24+H24 -> 11 | K24: 0 | L24: 0 | M24: 0 | N24: =SUM(K24:M24) -> 0 | P24: 0 | Q24: 0 | R24: 0 | S24: =SUM(P24:R24) -> 0 | U24: =(K24*80)+P24 -> 0 | V24: =(L24*80)+Q24 -> 0 | W24: =(M24*80)+R24 -> 0 | X24: =SUM(U24:W24) -> 0 | Y24: 1500
A25: 2024 | B25: 45439 | D25: 22 | F25: 5 | G25: 1 | H25: 10 | I25: =F25+G25+H25 -> 16 | K25: 1.67 | L25: 1.17 | M25: 0 | N25: =SUM(K25:M25) -> 2.84 | P25: 0 | Q25: 0 | R25: 0 | S25: =SUM(P25:R25) -> 0 | U25: =(K25*80)+P25 -> 133.6 | V25: =(L25*80)+Q25 -> 93.6 | W25: =(M25*80)+R25 -> 0 | X25: =SUM(U25:W25) -> 227.2 | Y25: 1500
A26: 2024 | B26: 45446 | D26: 23 | F26: 0 | G26: 0 | H26: 3 | I26: =F26+G26+H26 -> 3 | K26: 0 | L26: 0 | M26: 0.17 | N26: =SUM(K26:M26) -> 0.17 | P26: 0 | Q26: 0 | R26: 0 | S26: =SUM(P26:R26) -> 0 | U26: =(K26*80)+P26 -> 0 | V26: =(L26*80)+Q26 -> 0 | W26: =(M26*80)+R26 -> 13.6 | X26: =SUM(U26:W26) -> 13.6 | Y26: 1500
A27: 2024 | B27: 45453 | C27: Jun | D27: 24 | F27: 6 | G27: 0 | H27: 3 | I27: =F27+G27+H27 -> 9 | K27: 0 | L27: 0 | M27: 9 | N27: =SUM(K27:M27) -> 9 | P27: 0 | Q27: 0 | R27: 116.36 | S27: =SUM(P27:R27) -> 116.36 | U27: =(K27*80)+P27 -> 0 | V27: =(L27*80)+Q27 -> 0 | W27: =(M27*80)+R27 -> 836.36 | X27: =SUM(U27:W27) -> 836.36 | Y27: 1500
A28: 2024 | B28: 45460 | D28: 25 | F28: 0 | G28: 0 | H28: 6 | I28: =F28+G28+H28 -> 6 | K28: 2 | L28: 0 | M28: 6.5 | N28: =SUM(K28:M28) -> 8.5 | P28: 0 | Q28: 0 | R28: 1927 | S28: =SUM(P28:R28) -> 1927 | U28: =(K28*80)+P28 -> 160 | V28: =(L28*80)+Q28 -> 0 | W28: =(M28*80)+R28 -> 2447 | X28: =SUM(U28:W28) -> 2607 | Y28: 1500
A29: 2024 | B29: 45467 | D29: 26 | F29: 1 | G29: 0 | H29: 6 | I29: =F29+G29+H29 -> 7 | K29: 0 | L29: 0 | M29: 17.5 | N29: =SUM(K29:M29) -> 17.5 | P29: 0 | Q29: 0 | R29: 0 | S29: =SUM(P29:R29) -> 0 | U29: =(K29*80)+P29 -> 0 | V29: =(L29*80)+Q29 -> 0 | W29: =(M29*80)+R29 -> 1400 | X29: =SUM(U29:W29) -> 1400 | Y29: 1500
A30: 2024 | B30: 45474 | D30: 27 | F30: 0 | G30: 0 | H30: 3 | I30: =F30+G30+H30 -> 3 | K30: 0 | L30: 9.5 | M30: 0 | N30: =SUM(K30:M30) -> 9.5 | P30: 0 | Q30: 1304 | R30: 0 | S30: =SUM(P30:R30) -> 1304 | U30: =(K30*80)+P30 -> 0 | V30: =(L30*80)+Q30 -> 2064 | W30: =(M30*80)+R30 -> 0 | X30: =SUM(U30:W30) -> 2064 | Y30: 1500
A31: 2024 | B31: 45481 | D31: 28 | F31: 0 | G31: 9 | H31: 0 | I31: =F31+G31+H31 -> 9 | K31: 0 | L31: 5 | M31: 20 | N31: =SUM(K31:M31) -> 25 | P31: 0 | Q31: 0 | R31: 0 | S31: =SUM(P31:R31) -> 0 | U31: =(K31*80)+P31 -> 0 | V31: =(L31*80)+Q31 -> 400 | W31: =(M31*80)+R31 -> 1600 | X31: =SUM(U31:W31) -> 2000 | Y31: 1500
A32: 2024 | B32: 45488 | C32: Jul | D32: 29 | F32: 0 | G32: 0 | H32: 1 | I32: =F32+G32+H32 -> 1 | K32: 4 | L32: 0 | M32: 0 | N32: =SUM(K32:M32) -> 4 | P32: 0 | Q32: 0 | R32: 0 | S32: =SUM(P32:R32) -> 0 | U32: =(K32*80)+P32 -> 320 | V32: =(L32*80)+Q32 -> 0 | W32: =(M32*80)+R32 -> 0 | X32: =SUM(U32:W32) -> 320 | Y32: 1500
A33: 2024 | B33: 45495 | D33: 30 | F33: 6 | G33: 6 | H33: 12 | I33: =F33+G33+H33 -> 24 | K33: 5 | L33: 0 | M33: 0 | N33: =SUM(K33:M33) -> 5 | P33: 0 | Q33: 0 | R33: 0 | S33: =SUM(P33:R33) -> 0 | U33: =(K33*80)+P33 -> 400 | V33: =(L33*80)+Q33 -> 0 | W33: =(M33*80)+R33 -> 0 | X33: =SUM(U33:W33) -> 400 | Y33: 1500
A34: 2024 | B34: 45502 | D34: 31 | F34: 1 | G34: 0 | H34: 0 | I34: =F34+G34+H34 -> 1 | K34: 7 | L34: 0 | M34: 0 | N34: =SUM(K34:M34) -> 7 | P34: 0 | Q34: 0 | R34: 0 | S34: =SUM(P34:R34) -> 0 | U34: =(K34*80)+P34 -> 560 | V34: =(L34*80)+Q34 -> 0 | W34: =(M34*80)+R34 -> 0 | X34: =SUM(U34:W34) -> 560 | Y34: 1500
A35: 2024 | B35: 45509 | D35: 32 | F35: 6 | G35: 7 | H35: 3 | I35: =F35+G35+H35 -> 16 | K35: 0 | L35: 0 | M35: 0 | N35: =SUM(K35:M35) -> 0 | P35: 0 | Q35: 0 | R35: 0 | S35: =SUM(P35:R35) -> 0 | U35: =(K35*80)+P35 -> 0 | V35: =(L35*80)+Q35 -> 0 | W35: =(M35*80)+R35 -> 0 | X35: =SUM(U35:W35) -> 0 | Y35: 1500
A36: 2024 | B36: 45516 | C36: Aug | D36: 33 | F36: 0 | G36: 1 | H36: 5 | I36: =F36+G36+H36 -> 6 | K36: 12 | L36: 1 | M36: 0 | N36: =SUM(K36:M36) -> 13 | P36: 0 | Q36: 3000 | R36: 3000 | S36: =SUM(P36:R36) -> 6000 | U36: =(K36*80)+P36 -> 960 | V36: =(L36*80)+Q36 -> 3080 | W36: =(M36*80)+R36 -> 3000 | X36: =SUM(U36:W36) -> 7040 | Y36: 1500
A37: 2024 | B37: 45523 | D37: 34 | F37: 0 | G37: 0 | H37: 2 | I37: =F37+G37+H37 -> 2 | K37: 0 | L37: 0 | M37: 4 | N37: =SUM(K37:M37) -> 4 | P37: 1150 | Q37: 0 | R37: 0 | S37: =SUM(P37:R37) -> 1150 | U37: =(K37*80)+P37 -> 1150 | V37: =(L37*80)+Q37 -> 0 | W37: =(M37*80)+R37 -> 320 | X37: =SUM(U37:W37) -> 1470 | Y37: 1500
A38: 2024 | B38: 45530 | D38: 35 | F38: 0 | G38: 8 | H38: 1 | I38: =F38+G38+H38 -> 9 | K38: 4 | L38: 0 | M38: 47 | N38: =SUM(K38:M38) -> 51 | P38: 0 | Q38: 0 | R38: 0 | S38: =SUM(P38:R38) -> 0 | U38: =(K38*80)+P38 -> 320 | V38: =(L38*80)+Q38 -> 0 | W38: =(M38*80)+R38 -> 3760 | X38: =SUM(U38:W38) -> 4080 | Y38: 1500
A39: 2024 | B39: 45537 | D39: 36 | F39: 0 | G39: 0 | H39: 0 | I39: =F39+G39+H39 -> 0 | K39: 0 | L39: 0 | M39: 0 | N39: =SUM(K39:M39) -> 0 | P39: 0 | Q39: 0 | R39: 0 | S39: =SUM(P39:R39) -> 0 | U39: =(K39*80)+P39 -> 0 | V39: =(L39*80)+Q39 -> 0 | W39: =(M39*80)+R39 -> 0 | X39: =SUM(U39:W39) -> 0 | Y39: 1500
A40: 2024 | B40: 45544 | C40: Sep | D40: 37 | F40: 6 | G40: 5 | H40: 6 | I40: =F40+G40+H40 -> 17 | K40: 0 | L40: 0 | M40: 0 | N40: =SUM(K40:M40) -> 0 | P40: 0 | Q40: 0 | R40: 0 | S40: =SUM(P40:R40) -> 0 | U40: =(K40*80)+P40 -> 0 | V40: =(L40*80)+Q40 -> 0 | W40: =(M40*80)+R40 -> 0 | X40: =SUM(U40:W40) -> 0 | Y40: 1500
A41: 2024 | B41: 45551 | D41: 38 | F41: 0 | G41: 0 | H41: 2 | I41: =F41+G41+H41 -> 2 | K41: 2.5 | L41: 5 | M41: 0 | N41: =SUM(K41:M41) -> 7.5 | P41: 0 | Q41: 0 | R41: 1485.26 | S41: =SUM(P41:R41) -> 1485.26 | U41: =(K41*80)+P41 -> 200 | V41: =(L41*80)+Q41 -> 400 | W41: =(M41*80)+R41 -> 1485.26 | X41: =SUM(U41:W41) -> 2085.26 | Y41: 1500
A42: 2024 | B42: 45558 | D42: 39 | F42: 4 | G42: 9 | H42: 2 | I42: =F42+G42+H42 -> 15 | K42: 0 | L42: 8 | M42: 16.5 | N42: =SUM(K42:M42) -> 24.5 | P42: 0 | Q42: 0 | R42: 0 | S42: =SUM(P42:R42) -> 0 | U42: =(K42*80)+P42 -> 0 | V42: =(L42*80)+Q42 -> 640 | W42: =(M42*80)+R42 -> 1320 | X42: =SUM(U42:W42) -> 1960 | Y42: 1500
A43: 2024 | B43: 45565 | D43: 40 | F43: 11 | G43: 2 | H43: 2 | I43: =F43+G43+H43 -> 15 | K43: 1 | L43: 24.5 | M43: 0 | N43: =SUM(K43:M43) -> 25.5 | P43: 0 | Q43: 0 | R43: 0 | S43: =SUM(P43:R43) -> 0 | U43: =(K43*80)+P43 -> 80 | V43: =(L43*80)+Q43 -> 1960 | W43: =(M43*80)+R43 -> 0 | X43: =SUM(U43:W43) -> 2040 | Y43: 1500
A44: 2024 | B44: 45572 | D44: 41 | F44: 0 | G44: 0 | H44: 5 | I44: =F44+G44+H44 -> 5 | K44: 0 | L44: 51 | M44: 0 | N44: =SUM(K44:M44) -> 51 | P44: 0 | Q44: 0 | R44: 0 | S44: =SUM(P44:R44) -> 0 | U44: =(K44*80)+P44 -> 0 | V44: =(L44*80)+Q44 -> 4080 | W44: =(M44*80)+R44 -> 0 | X44: =SUM(U44:W44) -> 4080 | Y44: 1500
A45: 2024 | B45: 45579 | C45: Oct | D45: 42 | F45: 0 | G45: 0 | H45: 3 | I45: =F45+G45+H45 -> 3 | K45: 0 | L45: 0 | M45: 0 | N45: =SUM(K45:M45) -> 0 | P45: 0 | Q45: 0 | R45: 0 | S45: =SUM(P45:R45) -> 0 | U45: =(K45*80)+P45 -> 0 | V45: =(L45*80)+Q45 -> 0 | W45: =(M45*80)+R45 -> 0 | X45: =SUM(U45:W45) -> 0 | Y45: 1500
A46: 2024 | B46: 45586 | D46: 43 | F46: 0 | G46: 0 | H46: 0 | I46: =F46+G46+H46 -> 0 | K46: 0 | L46: 0 | M46: 0 | N46: =SUM(K46:M46) -> 0 | P46: 0 | Q46: 0 | R46: 0 | S46: =SUM(P46:R46) -> 0 | U46: =(K46*80)+P46 -> 0 | V46: =(L46*80)+Q46 -> 0 | W46: =(M46*80)+R46 -> 0 | X46: =SUM(U46:W46) -> 0 | Y46: 1500
A47: 2024 | B47: 45593 | D47: 44 | F47: 0 | G47: 0 | H47: 0 | I47: =F47+G47+H47 -> 0 | K47: 0 | L47: 0 | M47: 0 | N47: =SUM(K47:M47) -> 0 | P47: 0 | Q47: 0 | R47: 0 | S47: =SUM(P47:R47) -> 0 | U47: =(K47*80)+P47 -> 0 | V47: =(L47*80)+Q47 -> 0 | W47: =(M47*80)+R47 -> 0 | X47: =SUM(U47:W47) -> 0 | Y47: 1500
A48: 2024 | B48: 45600 | D48: 45 | F48: 5 | G48: 3 | H48: 12 | I48: =F48+G48+H48 -> 20 | K48: 0 | L48: 5 | M48: 0 | N48: =SUM(K48:M48) -> 5 | P48: 0 | Q48: 0 | R48: 0 | S48: =SUM(P48:R48) -> 0 | U48: =(K48*80)+P48 -> 0 | V48: =(L48*80)+Q48 -> 400 | W48: =(M48*80)+R48 -> 0 | X48: =SUM(U48:W48) -> 400 | Y48: 1500
A49: 2024 | B49: 45607 | C49: Nov | D49: 46 | F49: 0 | G49: 0 | H49: 0 | I49: =F49+G49+H49 -> 0 | K49: 1 | L49: 0 | M49: 0 | N49: =SUM(K49:M49) -> 1 | P49: 0 | Q49: 0 | R49: 15.51 | S49: =SUM(P49:R49) -> 15.51 | U49: =(K49*80)+P49 -> 80 | V49: =(L49*80)+Q49 -> 0 | W49: =(M49*80)+R49 -> 15.51 | X49: =SUM(U49:W49) -> 95.51 | Y49: 1500
A50: 2024 | B50: 45614 | D50: 47 | F50: 0 | G50: 0 | H50: 0 | I50: =F50+G50+H50 -> 0 | K50: 0 | L50: 0 | M50: 0 | N50: =SUM(K50:M50) -> 0 | P50: 0 | Q50: 0 | R50: 0 | S50: =SUM(P50:R50) -> 0 | U50: =(K50*80)+P50 -> 0 | V50: =(L50*80)+Q50 -> 0 | W50: =(M50*80)+R50 -> 0 | X50: =SUM(U50:W50) -> 0 | Y50: 1500
A51: 2024 | B51: 45621 | D51: 48 | F51: 7 | G51: 9 | H51: 6 | I51: =F51+G51+H51 -> 22 | K51: 16 | L51: 0 | M51: 0 | N51: =SUM(K51:M51) -> 16 | P51: 0 | Q51: 0 | R51: 0 | S51: =SUM(P51:R51) -> 0 | U51: =(K51*80)+P51 -> 1280 | V51: =(L51*80)+Q51 -> 0 | W51: =(M51*80)+R51 -> 0 | X51: =SUM(U51:W51) -> 1280 | Y51: 1500
A52: 2024 | B52: 45628 | D52: 49 | F52: 0 | G52: 0 | H52: 3 | I52: =F52+G52+H52 -> 3 | K52: 21.5 | L52: 0 | M52: 0 | N52: =SUM(K52:M52) -> 21.5 | P52: 0 | Q52: 0 | R52: 0 | S52: =SUM(P52:R52) -> 0 | U52: =(K52*80)+P52 -> 1720 | V52: =(L52*80)+Q52 -> 0 | W52: =(M52*80)+R52 -> 0 | X52: =SUM(U52:W52) -> 1720 | Y52: 1500
A53: 2024 | B53: 45635 | C53: Dec | D53: 50 | F53: 0 | G53: 0 | H53: 8 | I53: =F53+G53+H53 -> 8 | K53: 0 | L53: 0 | M53: 28.75 | N53: =SUM(K53:M53) -> 28.75 | P53: 0 | Q53: 0 | R53: 0 | S53: =SUM(P53:R53) -> 0 | U53: =(K53*80)+P53 -> 0 | V53: =(L53*80)+Q53 -> 0 | W53: =(M53*80)+R53 -> 2300 | X53: =SUM(U53:W53) -> 2300 | Y53: 1500
